user_idx,user_id,movie_id,item_idx,rank,score,strategy
5281096,5281096,1693952,1693952,1,4.944840886174295,quantum_sparse
5281096,5281096,1476636,1476636,2,4.849749455309224,quantum_sparse
5281096,5281096,68680,68680,3,4.836067694290232,quantum_sparse
5281096,5281096,564608,564608,4,4.8340236458351535,quantum_sparse
5281096,5281096,4277437,4277437,5,4.8293304986957,quantum_sparse
5281096,5281096,1486445,1486445,6,4.832330772487812,quantum_sparse
5281096,5281096,294601,294601,7,4.820640704730691,quantum_sparse
5281096,5281096,3169329,3169329,8,4.814885700819964,quantum_sparse
5281096,5281096,2567930,2567930,9,4.8107529452211075,quantum_sparse
5281096,5281096,902149,902149,10,4.816027753674463,quantum_sparse
8036592,8036592,1693952,1693952,1,4.944840886174295,quantum_sparse
8036592,8036592,1476636,1476636,2,4.849749455309224,quantum_sparse
8036592,8036592,68680,68680,3,4.836067694290232,quantum_sparse
8036592,8036592,564608,564608,4,4.8340236458351535,quantum_sparse
8036592,8036592,4277437,4277437,5,4.8293304986957,quantum_sparse
8036592,8036592,1486445,1486445,6,4.832330772487812,quantum_sparse
8036592,8036592,294601,294601,7,4.820640704730691,quantum_sparse
8036592,8036592,3169329,3169329,8,4.814885700819964,quantum_sparse
8036592,8036592,2567930,2567930,9,4.8107529452211075,quantum_sparse
8036592,8036592,902149,902149,10,4.816027753674463,quantum_sparse
1312609,1312609,1693952,1693952,1,4.944840886174295,quantum_sparse
1312609,1312609,1476636,1476636,2,4.849749455309224,quantum_sparse
1312609,1312609,68680,68680,3,4.836067694290232,quantum_sparse
1312609,1312609,564608,564608,4,4.8340236458351535,quantum_sparse
1312609,1312609,4277437,4277437,5,4.8293304986957,quantum_sparse
1312609,1312609,1486445,1486445,6,4.832330772487812,quantum_sparse
1312609,1312609,294601,294601,7,4.820640704730691,quantum_sparse
1312609,1312609,3169329,3169329,8,4.814885700819964,quantum_sparse
1312609,1312609,2567930,2567930,9,4.8107529452211075,quantum_sparse
1312609,1312609,902149,902149,10,4.816027753674463,quantum_sparse
4541036,4541036,1693952,1693952,1,4.928929328918457,classical_active
4541036,4541036,1476636,1476636,2,4.8331074714660645,classical_active
4541036,4541036,68680,68680,3,4.820023536682129,classical_active
4541036,4541036,4277437,4277437,4,4.815774917602539,classical_active
4541036,4541036,564608,564608,5,4.817514896392822,classical_active
4541036,4541036,1486445,1486445,6,4.818626403808594,classical_active
4541036,4541036,294601,294601,7,4.805500507354736,classical_active
4541036,4541036,3169329,3169329,8,4.802013397216797,classical_active
4541036,4541036,2567930,2567930,9,4.797584533691406,classical_active
4541036,4541036,902149,902149,10,4.801002025604248,classical_active
926012,926012,1693952,1693952,1,4.944840886174295,quantum_sparse
926012,926012,1476636,1476636,2,4.849749455309224,quantum_sparse
926012,926012,68680,68680,3,4.836067694290232,quantum_sparse
926012,926012,564608,564608,4,4.8340236458351535,quantum_sparse
926012,926012,4277437,4277437,5,4.8293304986957,quantum_sparse
926012,926012,1486445,1486445,6,4.832330772487812,quantum_sparse
926012,926012,294601,294601,7,4.820640704730691,quantum_sparse
926012,926012,3169329,3169329,8,4.814885700819964,quantum_sparse
926012,926012,2567930,2567930,9,4.8107529452211075,quantum_sparse
926012,926012,902149,902149,10,4.816027753674463,quantum_sparse
6250314,6250314,1693952,1693952,1,4.944840886174295,quantum_sparse
6250314,6250314,1476636,1476636,2,4.849749455309224,quantum_sparse
6250314,6250314,68680,68680,3,4.836067694290232,quantum_sparse
6250314,6250314,564608,564608,4,4.8340236458351535,quantum_sparse
6250314,6250314,4277437,4277437,5,4.8293304986957,quantum_sparse
6250314,6250314,1486445,1486445,6,4.832330772487812,quantum_sparse
6250314,6250314,294601,294601,7,4.820640704730691,quantum_sparse
6250314,6250314,3169329,3169329,8,4.814885700819964,quantum_sparse
6250314,6250314,2567930,2567930,9,4.8107529452211075,quantum_sparse
6250314,6250314,902149,902149,10,4.816027753674463,quantum_sparse
5719813,5719813,1693952,1693952,1,4.944840886174295,quantum_sparse
5719813,5719813,1476636,1476636,2,4.849749455309224,quantum_sparse
5719813,5719813,68680,68680,3,4.836067694290232,quantum_sparse
5719813,5719813,564608,564608,4,4.8340236458351535,quantum_sparse
5719813,5719813,4277437,4277437,5,4.8293304986957,quantum_sparse
5719813,5719813,1486445,1486445,6,4.832330772487812,quantum_sparse
5719813,5719813,294601,294601,7,4.820640704730691,quantum_sparse
5719813,5719813,3169329,3169329,8,4.814885700819964,quantum_sparse
5719813,5719813,2567930,2567930,9,4.8107529452211075,quantum_sparse
5719813,5719813,902149,902149,10,4.816027753674463,quantum_sparse
5854526,5854526,1693952,1693952,1,4.928929328918457,classical_active
5854526,5854526,1476636,1476636,2,4.8331074714660645,classical_active
5854526,5854526,68680,68680,3,4.820023536682129,classical_active
5854526,5854526,4277437,4277437,4,4.815774917602539,classical_active
5854526,5854526,564608,564608,5,4.817514896392822,classical_active
5854526,5854526,1486445,1486445,6,4.818626403808594,classical_active
5854526,5854526,294601,294601,7,4.805500507354736,classical_active
5854526,5854526,3169329,3169329,8,4.802013397216797,classical_active
5854526,5854526,2567930,2567930,9,4.797584533691406,classical_active
5854526,5854526,902149,902149,10,4.801002025604248,classical_active
868078,868078,1693952,1693952,1,4.944840886174295,quantum_sparse
868078,868078,1476636,1476636,2,4.849749455309224,quantum_sparse
868078,868078,68680,68680,3,4.836067694290232,quantum_sparse
868078,868078,564608,564608,4,4.8340236458351535,quantum_sparse
868078,868078,4277437,4277437,5,4.8293304986957,quantum_sparse
868078,868078,1486445,1486445,6,4.832330772487812,quantum_sparse
868078,868078,294601,294601,7,4.820640704730691,quantum_sparse
868078,868078,3169329,3169329,8,4.814885700819964,quantum_sparse
868078,868078,2567930,2567930,9,4.8107529452211075,quantum_sparse
868078,868078,902149,902149,10,4.816027753674463,quantum_sparse
655590,655590,1693952,1693952,1,4.944840886174295,quantum_sparse
655590,655590,1476636,1476636,2,4.849749455309224,quantum_sparse
655590,655590,68680,68680,3,4.836067694290232,quantum_sparse
655590,655590,564608,564608,4,4.8340236458351535,quantum_sparse
655590,655590,4277437,4277437,5,4.8293304986957,quantum_sparse
655590,655590,1486445,1486445,6,4.832330772487812,quantum_sparse
655590,655590,294601,294601,7,4.820640704730691,quantum_sparse
655590,655590,3169329,3169329,8,4.814885700819964,quantum_sparse
655590,655590,2567930,2567930,9,4.8107529452211075,quantum_sparse
655590,655590,902149,902149,10,4.816027753674463,quantum_sparse
7873879,7873879,1693952,1693952,1,4.944840886174295,quantum_sparse
7873879,7873879,1476636,1476636,2,4.849749455309224,quantum_sparse
7873879,7873879,68680,68680,3,4.836067694290232,quantum_sparse
7873879,7873879,564608,564608,4,4.8340236458351535,quantum_sparse
7873879,7873879,4277437,4277437,5,4.8293304986957,quantum_sparse
7873879,7873879,1486445,1486445,6,4.832330772487812,quantum_sparse
7873879,7873879,294601,294601,7,4.820640704730691,quantum_sparse
7873879,7873879,3169329,3169329,8,4.814885700819964,quantum_sparse
7873879,7873879,2567930,2567930,9,4.8107529452211075,quantum_sparse
7873879,7873879,902149,902149,10,4.816027753674463,quantum_sparse
2853657,2853657,1693952,1693952,1,4.944840886174295,quantum_sparse
2853657,2853657,1476636,1476636,2,4.849749455309224,quantum_sparse
2853657,2853657,68680,68680,3,4.836067694290232,quantum_sparse
2853657,2853657,564608,564608,4,4.8340236458351535,quantum_sparse
2853657,2853657,4277437,4277437,5,4.8293304986957,quantum_sparse
2853657,2853657,1486445,1486445,6,4.832330772487812,quantum_sparse
2853657,2853657,294601,294601,7,4.820640704730691,quantum_sparse
2853657,2853657,3169329,3169329,8,4.814885700819964,quantum_sparse
2853657,2853657,2567930,2567930,9,4.8107529452211075,quantum_sparse
2853657,2853657,902149,902149,10,4.816027753674463,quantum_sparse
4849548,4849548,1693952,1693952,1,4.944840886174295,quantum_sparse
4849548,4849548,1476636,1476636,2,4.849749455309224,quantum_sparse
4849548,4849548,68680,68680,3,4.836067694290232,quantum_sparse
4849548,4849548,564608,564608,4,4.8340236458351535,quantum_sparse
4849548,4849548,4277437,4277437,5,4.8293304986957,quantum_sparse
4849548,4849548,1486445,1486445,6,4.832330772487812,quantum_sparse
4849548,4849548,294601,294601,7,4.820640704730691,quantum_sparse
4849548,4849548,3169329,3169329,8,4.814885700819964,quantum_sparse
4849548,4849548,2567930,2567930,9,4.8107529452211075,quantum_sparse
4849548,4849548,902149,902149,10,4.816027753674463,quantum_sparse
1804022,1804022,1693952,1693952,1,4.944840886174295,quantum_sparse
1804022,1804022,1476636,1476636,2,4.849749455309224,quantum_sparse
1804022,1804022,68680,68680,3,4.836067694290232,quantum_sparse
1804022,1804022,564608,564608,4,4.8340236458351535,quantum_sparse
1804022,1804022,4277437,4277437,5,4.8293304986957,quantum_sparse
1804022,1804022,1486445,1486445,6,4.832330772487812,quantum_sparse
1804022,1804022,294601,294601,7,4.820640704730691,quantum_sparse
1804022,1804022,3169329,3169329,8,4.814885700819964,quantum_sparse
1804022,1804022,2567930,2567930,9,4.8107529452211075,quantum_sparse
1804022,1804022,902149,902149,10,4.816027753674463,quantum_sparse
4524488,4524488,1693952,1693952,1,4.944840886174295,quantum_sparse
4524488,4524488,1476636,1476636,2,4.849749455309224,quantum_sparse
4524488,4524488,68680,68680,3,4.836067694290232,quantum_sparse
4524488,4524488,564608,564608,4,4.8340236458351535,quantum_sparse
4524488,4524488,4277437,4277437,5,4.8293304986957,quantum_sparse
4524488,4524488,1486445,1486445,6,4.832330772487812,quantum_sparse
4524488,4524488,294601,294601,7,4.820640704730691,quantum_sparse
4524488,4524488,3169329,3169329,8,4.814885700819964,quantum_sparse
4524488,4524488,2567930,2567930,9,4.8107529452211075,quantum_sparse
4524488,4524488,902149,902149,10,4.816027753674463,quantum_sparse
6472291,6472291,1693952,1693952,1,4.944840886174295,quantum_sparse
6472291,6472291,1476636,1476636,2,4.849749455309224,quantum_sparse
6472291,6472291,68680,68680,3,4.836067694290232,quantum_sparse
6472291,6472291,564608,564608,4,4.8340236458351535,quantum_sparse
6472291,6472291,4277437,4277437,5,4.8293304986957,quantum_sparse
6472291,6472291,1486445,1486445,6,4.832330772487812,quantum_sparse
6472291,6472291,294601,294601,7,4.820640704730691,quantum_sparse
6472291,6472291,3169329,3169329,8,4.814885700819964,quantum_sparse
6472291,6472291,2567930,2567930,9,4.8107529452211075,quantum_sparse
6472291,6472291,902149,902149,10,4.816027753674463,quantum_sparse
6627613,6627613,1693952,1693952,1,4.944840886174295,quantum_sparse
6627613,6627613,921141,921141,2,4.886589943694114,quantum_sparse
6627613,6627613,1476636,1476636,3,4.849749455309224,quantum_sparse
6627613,6627613,68680,68680,4,4.836067694290232,quantum_sparse
6627613,6627613,4277437,4277437,5,4.8293304986957,quantum_sparse
6627613,6627613,294601,294601,6,4.820640704730691,quantum_sparse
6627613,6627613,1486445,1486445,7,4.832330772487812,quantum_sparse
6627613,6627613,3169329,3169329,8,4.814885700819964,quantum_sparse
6627613,6627613,2567930,2567930,9,4.8107529452211075,quantum_sparse
6627613,6627613,902149,902149,10,4.816027753674463,quantum_sparse
5197804,5197804,1693952,1693952,1,4.944840886174295,quantum_sparse
5197804,5197804,1476636,1476636,2,4.849749455309224,quantum_sparse
5197804,5197804,68680,68680,3,4.836067694290232,quantum_sparse
5197804,5197804,564608,564608,4,4.8340236458351535,quantum_sparse
5197804,5197804,4277437,4277437,5,4.8293304986957,quantum_sparse
5197804,5197804,1486445,1486445,6,4.832330772487812,quantum_sparse
5197804,5197804,294601,294601,7,4.820640704730691,quantum_sparse
5197804,5197804,3169329,3169329,8,4.814885700819964,quantum_sparse
5197804,5197804,2567930,2567930,9,4.8107529452211075,quantum_sparse
5197804,5197804,902149,902149,10,4.816027753674463,quantum_sparse
8091573,8091573,1693952,1693952,1,4.944840886174295,quantum_sparse
8091573,8091573,1476636,1476636,2,4.849749455309224,quantum_sparse
8091573,8091573,68680,68680,3,4.836067694290232,quantum_sparse
8091573,8091573,564608,564608,4,4.8340236458351535,quantum_sparse
8091573,8091573,4277437,4277437,5,4.8293304986957,quantum_sparse
8091573,8091573,1486445,1486445,6,4.832330772487812,quantum_sparse
8091573,8091573,294601,294601,7,4.820640704730691,quantum_sparse
8091573,8091573,3169329,3169329,8,4.814885700819964,quantum_sparse
8091573,8091573,2567930,2567930,9,4.8107529452211075,quantum_sparse
8091573,8091573,902149,902149,10,4.816027753674463,quantum_sparse
2005803,2005803,1693952,1693952,1,4.944840886174295,quantum_sparse
2005803,2005803,1476636,1476636,2,4.849749455309224,quantum_sparse
2005803,2005803,68680,68680,3,4.836067694290232,quantum_sparse
2005803,2005803,564608,564608,4,4.8340236458351535,quantum_sparse
2005803,2005803,4277437,4277437,5,4.8293304986957,quantum_sparse
2005803,2005803,1486445,1486445,6,4.832330772487812,quantum_sparse
2005803,2005803,294601,294601,7,4.820640704730691,quantum_sparse
2005803,2005803,3169329,3169329,8,4.814885700819964,quantum_sparse
2005803,2005803,2567930,2567930,9,4.8107529452211075,quantum_sparse
2005803,2005803,902149,902149,10,4.816027753674463,quantum_sparse
5124093,5124093,1693952,1693952,1,4.944840886174295,quantum_sparse
5124093,5124093,1476636,1476636,2,4.849749455309224,quantum_sparse
5124093,5124093,68680,68680,3,4.836067694290232,quantum_sparse
5124093,5124093,564608,564608,4,4.8340236458351535,quantum_sparse
5124093,5124093,4277437,4277437,5,4.8293304986957,quantum_sparse
5124093,5124093,1486445,1486445,6,4.832330772487812,quantum_sparse
5124093,5124093,294601,294601,7,4.820640704730691,quantum_sparse
5124093,5124093,3169329,3169329,8,4.814885700819964,quantum_sparse
5124093,5124093,2567930,2567930,9,4.8107529452211075,quantum_sparse
5124093,5124093,902149,902149,10,4.816027753674463,quantum_sparse
5072756,5072756,1693952,1693952,1,4.944840886174295,quantum_sparse
5072756,5072756,1476636,1476636,2,4.849749455309224,quantum_sparse
5072756,5072756,68680,68680,3,4.836067694290232,quantum_sparse
5072756,5072756,564608,564608,4,4.8340236458351535,quantum_sparse
5072756,5072756,4277437,4277437,5,4.8293304986957,quantum_sparse
5072756,5072756,1486445,1486445,6,4.832330772487812,quantum_sparse
5072756,5072756,294601,294601,7,4.820640704730691,quantum_sparse
5072756,5072756,3169329,3169329,8,4.814885700819964,quantum_sparse
5072756,5072756,2567930,2567930,9,4.8107529452211075,quantum_sparse
5072756,5072756,902149,902149,10,4.816027753674463,quantum_sparse
8016657,8016657,1693952,1693952,1,4.944840886174295,quantum_sparse
8016657,8016657,1476636,1476636,2,4.849749455309224,quantum_sparse
8016657,8016657,68680,68680,3,4.836067694290232,quantum_sparse
8016657,8016657,564608,564608,4,4.8340236458351535,quantum_sparse
8016657,8016657,4277437,4277437,5,4.8293304986957,quantum_sparse
8016657,8016657,1486445,1486445,6,4.832330772487812,quantum_sparse
8016657,8016657,294601,294601,7,4.820640704730691,quantum_sparse
8016657,8016657,3169329,3169329,8,4.814885700819964,quantum_sparse
8016657,8016657,2567930,2567930,9,4.8107529452211075,quantum_sparse
8016657,8016657,902149,902149,10,4.816027753674463,quantum_sparse
697625,697625,1693952,1693952,1,4.944840886174295,quantum_sparse
697625,697625,1476636,1476636,2,4.849749455309224,quantum_sparse
697625,697625,68680,68680,3,4.836067694290232,quantum_sparse
697625,697625,564608,564608,4,4.8340236458351535,quantum_sparse
697625,697625,4277437,4277437,5,4.8293304986957,quantum_sparse
697625,697625,1486445,1486445,6,4.832330772487812,quantum_sparse
697625,697625,294601,294601,7,4.820640704730691,quantum_sparse
697625,697625,3169329,3169329,8,4.814885700819964,quantum_sparse
697625,697625,2567930,2567930,9,4.8107529452211075,quantum_sparse
697625,697625,902149,902149,10,4.816027753674463,quantum_sparse
9354482,9354482,1693952,1693952,1,4.944840886174295,quantum_sparse
9354482,9354482,1476636,1476636,2,4.849749455309224,quantum_sparse
9354482,9354482,68680,68680,3,4.836067694290232,quantum_sparse
9354482,9354482,564608,564608,4,4.8340236458351535,quantum_sparse
9354482,9354482,4277437,4277437,5,4.8293304986957,quantum_sparse
9354482,9354482,1486445,1486445,6,4.832330772487812,quantum_sparse
9354482,9354482,294601,294601,7,4.820640704730691,quantum_sparse
9354482,9354482,3169329,3169329,8,4.814885700819964,quantum_sparse
9354482,9354482,2567930,2567930,9,4.8107529452211075,quantum_sparse
9354482,9354482,902149,902149,10,4.816027753674463,quantum_sparse
3130349,3130349,1693952,1693952,1,4.944840886174295,quantum_sparse
3130349,3130349,1476636,1476636,2,4.849749455309224,quantum_sparse
3130349,3130349,68680,68680,3,4.836067694290232,quantum_sparse
3130349,3130349,564608,564608,4,4.8340236458351535,quantum_sparse
3130349,3130349,4277437,4277437,5,4.8293304986957,quantum_sparse
3130349,3130349,1486445,1486445,6,4.832330772487812,quantum_sparse
3130349,3130349,294601,294601,7,4.820640704730691,quantum_sparse
3130349,3130349,3169329,3169329,8,4.814885700819964,quantum_sparse
3130349,3130349,2567930,2567930,9,4.8107529452211075,quantum_sparse
3130349,3130349,902149,902149,10,4.816027753674463,quantum_sparse
8190832,8190832,1693952,1693952,1,4.944840886174295,quantum_sparse
8190832,8190832,1476636,1476636,2,4.849749455309224,quantum_sparse
8190832,8190832,68680,68680,3,4.836067694290232,quantum_sparse
8190832,8190832,564608,564608,4,4.8340236458351535,quantum_sparse
8190832,8190832,4277437,4277437,5,4.8293304986957,quantum_sparse
8190832,8190832,1486445,1486445,6,4.832330772487812,quantum_sparse
8190832,8190832,294601,294601,7,4.820640704730691,quantum_sparse
8190832,8190832,3169329,3169329,8,4.814885700819964,quantum_sparse
8190832,8190832,2567930,2567930,9,4.8107529452211075,quantum_sparse
8190832,8190832,902149,902149,10,4.816027753674463,quantum_sparse
9656163,9656163,1693952,1693952,1,4.928929328918457,classical_active
9656163,9656163,1476636,1476636,2,4.8331074714660645,classical_active
9656163,9656163,68680,68680,3,4.820023536682129,classical_active
9656163,9656163,4277437,4277437,4,4.815774917602539,classical_active
9656163,9656163,564608,564608,5,4.817514896392822,classical_active
9656163,9656163,1486445,1486445,6,4.818626403808594,classical_active
9656163,9656163,294601,294601,7,4.805500507354736,classical_active
9656163,9656163,3169329,3169329,8,4.802013397216797,classical_active
9656163,9656163,2567930,2567930,9,4.797584533691406,classical_active
9656163,9656163,902149,902149,10,4.801002025604248,classical_active
5915211,5915211,1693952,1693952,1,4.928929328918457,classical_active
5915211,5915211,1476636,1476636,2,4.8331074714660645,classical_active
5915211,5915211,68680,68680,3,4.820023536682129,classical_active
5915211,5915211,4277437,4277437,4,4.815774917602539,classical_active
5915211,5915211,564608,564608,5,4.817514896392822,classical_active
5915211,5915211,1486445,1486445,6,4.818626403808594,classical_active
5915211,5915211,294601,294601,7,4.805500507354736,classical_active
5915211,5915211,3169329,3169329,8,4.802013397216797,classical_active
5915211,5915211,2567930,2567930,9,4.797584533691406,classical_active
5915211,5915211,902149,902149,10,4.801002025604248,classical_active
5102186,5102186,1693952,1693952,1,4.944840886174295,quantum_sparse
5102186,5102186,1476636,1476636,2,4.849749455309224,quantum_sparse
5102186,5102186,68680,68680,3,4.836067694290232,quantum_sparse
5102186,5102186,564608,564608,4,4.8340236458351535,quantum_sparse
5102186,5102186,4277437,4277437,5,4.8293304986957,quantum_sparse
5102186,5102186,1486445,1486445,6,4.832330772487812,quantum_sparse
5102186,5102186,294601,294601,7,4.820640704730691,quantum_sparse
5102186,5102186,3169329,3169329,8,4.814885700819964,quantum_sparse
5102186,5102186,2567930,2567930,9,4.8107529452211075,quantum_sparse
5102186,5102186,902149,902149,10,4.816027753674463,quantum_sparse
1317923,1317923,1693952,1693952,1,4.928929328918457,classical_active
1317923,1317923,1476636,1476636,2,4.8331074714660645,classical_active
1317923,1317923,68680,68680,3,4.820023536682129,classical_active
1317923,1317923,4277437,4277437,4,4.815774917602539,classical_active
1317923,1317923,564608,564608,5,4.817514896392822,classical_active
1317923,1317923,1486445,1486445,6,4.818626403808594,classical_active
1317923,1317923,294601,294601,7,4.805500507354736,classical_active
1317923,1317923,3169329,3169329,8,4.802013397216797,classical_active
1317923,1317923,2567930,2567930,9,4.797584533691406,classical_active
1317923,1317923,902149,902149,10,4.801002025604248,classical_active
5734191,5734191,1693952,1693952,1,4.944840886174295,quantum_sparse
5734191,5734191,1476636,1476636,2,4.849749455309224,quantum_sparse
5734191,5734191,68680,68680,3,4.836067694290232,quantum_sparse
5734191,5734191,564608,564608,4,4.8340236458351535,quantum_sparse
5734191,5734191,4277437,4277437,5,4.8293304986957,quantum_sparse
5734191,5734191,1486445,1486445,6,4.832330772487812,quantum_sparse
5734191,5734191,294601,294601,7,4.820640704730691,quantum_sparse
5734191,5734191,3169329,3169329,8,4.814885700819964,quantum_sparse
5734191,5734191,2567930,2567930,9,4.8107529452211075,quantum_sparse
5734191,5734191,902149,902149,10,4.816027753674463,quantum_sparse
383362,383362,1693952,1693952,1,4.928929328918457,classical_active
383362,383362,1476636,1476636,2,4.8331074714660645,classical_active
383362,383362,68680,68680,3,4.820023536682129,classical_active
383362,383362,4277437,4277437,4,4.815774917602539,classical_active
383362,383362,564608,564608,5,4.817514896392822,classical_active
383362,383362,1486445,1486445,6,4.818626403808594,classical_active
383362,383362,294601,294601,7,4.805500507354736,classical_active
383362,383362,3169329,3169329,8,4.802013397216797,classical_active
383362,383362,2567930,2567930,9,4.797584533691406,classical_active
383362,383362,902149,902149,10,4.801002025604248,classical_active
3151048,3151048,1693952,1693952,1,4.944840886174295,quantum_sparse
3151048,3151048,1476636,1476636,2,4.849749455309224,quantum_sparse
3151048,3151048,68680,68680,3,4.836067694290232,quantum_sparse
3151048,3151048,564608,564608,4,4.8340236458351535,quantum_sparse
3151048,3151048,4277437,4277437,5,4.8293304986957,quantum_sparse
3151048,3151048,1486445,1486445,6,4.832330772487812,quantum_sparse
3151048,3151048,294601,294601,7,4.820640704730691,quantum_sparse
3151048,3151048,3169329,3169329,8,4.814885700819964,quantum_sparse
3151048,3151048,2567930,2567930,9,4.8107529452211075,quantum_sparse
3151048,3151048,902149,902149,10,4.816027753674463,quantum_sparse
2466640,2466640,1693952,1693952,1,4.944840886174295,quantum_sparse
2466640,2466640,1476636,1476636,2,4.849749455309224,quantum_sparse
2466640,2466640,68680,68680,3,4.836067694290232,quantum_sparse
2466640,2466640,564608,564608,4,4.8340236458351535,quantum_sparse
2466640,2466640,4277437,4277437,5,4.8293304986957,quantum_sparse
2466640,2466640,1486445,1486445,6,4.832330772487812,quantum_sparse
2466640,2466640,294601,294601,7,4.820640704730691,quantum_sparse
2466640,2466640,3169329,3169329,8,4.814885700819964,quantum_sparse
2466640,2466640,2567930,2567930,9,4.8107529452211075,quantum_sparse
2466640,2466640,902149,902149,10,4.816027753674463,quantum_sparse
5582829,5582829,1693952,1693952,1,4.944840886174295,quantum_sparse
5582829,5582829,1476636,1476636,2,4.849749455309224,quantum_sparse
5582829,5582829,68680,68680,3,4.836067694290232,quantum_sparse
5582829,5582829,564608,564608,4,4.8340236458351535,quantum_sparse
5582829,5582829,4277437,4277437,5,4.8293304986957,quantum_sparse
5582829,5582829,1486445,1486445,6,4.832330772487812,quantum_sparse
5582829,5582829,294601,294601,7,4.820640704730691,quantum_sparse
5582829,5582829,3169329,3169329,8,4.814885700819964,quantum_sparse
5582829,5582829,2567930,2567930,9,4.8107529452211075,quantum_sparse
5582829,5582829,902149,902149,10,4.816027753674463,quantum_sparse
2840699,2840699,1693952,1693952,1,4.944840886174295,quantum_sparse
2840699,2840699,1476636,1476636,2,4.849749455309224,quantum_sparse
2840699,2840699,68680,68680,3,4.836067694290232,quantum_sparse
2840699,2840699,564608,564608,4,4.8340236458351535,quantum_sparse
2840699,2840699,4277437,4277437,5,4.8293304986957,quantum_sparse
2840699,2840699,1486445,1486445,6,4.832330772487812,quantum_sparse
2840699,2840699,294601,294601,7,4.820640704730691,quantum_sparse
2840699,2840699,3169329,3169329,8,4.814885700819964,quantum_sparse
2840699,2840699,2567930,2567930,9,4.8107529452211075,quantum_sparse
2840699,2840699,902149,902149,10,4.816027753674463,quantum_sparse
8645305,8645305,1693952,1693952,1,4.944840886174295,quantum_sparse
8645305,8645305,1476636,1476636,2,4.849749455309224,quantum_sparse
8645305,8645305,68680,68680,3,4.836067694290232,quantum_sparse
8645305,8645305,564608,564608,4,4.8340236458351535,quantum_sparse
8645305,8645305,4277437,4277437,5,4.8293304986957,quantum_sparse
8645305,8645305,1486445,1486445,6,4.832330772487812,quantum_sparse
8645305,8645305,294601,294601,7,4.820640704730691,quantum_sparse
8645305,8645305,3169329,3169329,8,4.814885700819964,quantum_sparse
8645305,8645305,2567930,2567930,9,4.8107529452211075,quantum_sparse
8645305,8645305,902149,902149,10,4.816027753674463,quantum_sparse
9497872,9497872,1693952,1693952,1,4.928929328918457,classical_active
9497872,9497872,1476636,1476636,2,4.8331074714660645,classical_active
9497872,9497872,68680,68680,3,4.820023536682129,classical_active
9497872,9497872,4277437,4277437,4,4.815774917602539,classical_active
9497872,9497872,564608,564608,5,4.817514896392822,classical_active
9497872,9497872,1486445,1486445,6,4.818626403808594,classical_active
9497872,9497872,294601,294601,7,4.805500507354736,classical_active
9497872,9497872,3169329,3169329,8,4.802013397216797,classical_active
9497872,9497872,2567930,2567930,9,4.797584533691406,classical_active
9497872,9497872,902149,902149,10,4.801002025604248,classical_active
2847823,2847823,1693952,1693952,1,4.928929328918457,classical_active
2847823,2847823,1476636,1476636,2,4.8331074714660645,classical_active
2847823,2847823,68680,68680,3,4.820023536682129,classical_active
2847823,2847823,4277437,4277437,4,4.815774917602539,classical_active
2847823,2847823,564608,564608,5,4.817514896392822,classical_active
2847823,2847823,1486445,1486445,6,4.818626403808594,classical_active
2847823,2847823,294601,294601,7,4.805500507354736,classical_active
2847823,2847823,3169329,3169329,8,4.802013397216797,classical_active
2847823,2847823,2567930,2567930,9,4.797584533691406,classical_active
2847823,2847823,902149,902149,10,4.801002025604248,classical_active
7821288,7821288,1693952,1693952,1,4.944840886174295,quantum_sparse
7821288,7821288,1476636,1476636,2,4.849749455309224,quantum_sparse
7821288,7821288,68680,68680,3,4.836067694290232,quantum_sparse
7821288,7821288,564608,564608,4,4.8340236458351535,quantum_sparse
7821288,7821288,4277437,4277437,5,4.8293304986957,quantum_sparse
7821288,7821288,1486445,1486445,6,4.832330772487812,quantum_sparse
7821288,7821288,294601,294601,7,4.820640704730691,quantum_sparse
7821288,7821288,3169329,3169329,8,4.814885700819964,quantum_sparse
7821288,7821288,2567930,2567930,9,4.8107529452211075,quantum_sparse
7821288,7821288,902149,902149,10,4.816027753674463,quantum_sparse
7665727,7665727,1693952,1693952,1,4.928929328918457,classical_active
7665727,7665727,1476636,1476636,2,4.8331074714660645,classical_active
7665727,7665727,68680,68680,3,4.820023536682129,classical_active
7665727,7665727,4277437,4277437,4,4.815774917602539,classical_active
7665727,7665727,564608,564608,5,4.817514896392822,classical_active
7665727,7665727,1486445,1486445,6,4.818626403808594,classical_active
7665727,7665727,294601,294601,7,4.805500507354736,classical_active
7665727,7665727,3169329,3169329,8,4.802013397216797,classical_active
7665727,7665727,2567930,2567930,9,4.797584533691406,classical_active
7665727,7665727,902149,902149,10,4.801002025604248,classical_active
2713664,2713664,1693952,1693952,1,4.944840886174295,quantum_sparse
2713664,2713664,1476636,1476636,2,4.849749455309224,quantum_sparse
2713664,2713664,68680,68680,3,4.836067694290232,quantum_sparse
2713664,2713664,564608,564608,4,4.8340236458351535,quantum_sparse
2713664,2713664,4277437,4277437,5,4.8293304986957,quantum_sparse
2713664,2713664,1486445,1486445,6,4.832330772487812,quantum_sparse
2713664,2713664,294601,294601,7,4.820640704730691,quantum_sparse
2713664,2713664,3169329,3169329,8,4.814885700819964,quantum_sparse
2713664,2713664,2567930,2567930,9,4.8107529452211075,quantum_sparse
2713664,2713664,902149,902149,10,4.816027753674463,quantum_sparse
2689439,2689439,1693952,1693952,1,4.944840886174295,quantum_sparse
2689439,2689439,1476636,1476636,2,4.849749455309224,quantum_sparse
2689439,2689439,68680,68680,3,4.836067694290232,quantum_sparse
2689439,2689439,564608,564608,4,4.8340236458351535,quantum_sparse
2689439,2689439,4277437,4277437,5,4.8293304986957,quantum_sparse
2689439,2689439,1486445,1486445,6,4.832330772487812,quantum_sparse
2689439,2689439,294601,294601,7,4.820640704730691,quantum_sparse
2689439,2689439,3169329,3169329,8,4.814885700819964,quantum_sparse
2689439,2689439,2567930,2567930,9,4.8107529452211075,quantum_sparse
2689439,2689439,902149,902149,10,4.816027753674463,quantum_sparse
427719,427719,1693952,1693952,1,4.944840886174295,quantum_sparse
427719,427719,1476636,1476636,2,4.849749455309224,quantum_sparse
427719,427719,68680,68680,3,4.836067694290232,quantum_sparse
427719,427719,564608,564608,4,4.8340236458351535,quantum_sparse
427719,427719,4277437,4277437,5,4.8293304986957,quantum_sparse
427719,427719,1486445,1486445,6,4.832330772487812,quantum_sparse
427719,427719,294601,294601,7,4.820640704730691,quantum_sparse
427719,427719,3169329,3169329,8,4.814885700819964,quantum_sparse
427719,427719,2567930,2567930,9,4.8107529452211075,quantum_sparse
427719,427719,902149,902149,10,4.816027753674463,quantum_sparse
4808781,4808781,1693952,1693952,1,4.944840886174295,quantum_sparse
4808781,4808781,1476636,1476636,2,4.849749455309224,quantum_sparse
4808781,4808781,68680,68680,3,4.836067694290232,quantum_sparse
4808781,4808781,564608,564608,4,4.8340236458351535,quantum_sparse
4808781,4808781,4277437,4277437,5,4.8293304986957,quantum_sparse
4808781,4808781,1486445,1486445,6,4.832330772487812,quantum_sparse
4808781,4808781,294601,294601,7,4.820640704730691,quantum_sparse
4808781,4808781,3169329,3169329,8,4.814885700819964,quantum_sparse
4808781,4808781,2567930,2567930,9,4.8107529452211075,quantum_sparse
4808781,4808781,902149,902149,10,4.816027753674463,quantum_sparse
1820450,1820450,1693952,1693952,1,4.928929328918457,classical_active
1820450,1820450,1476636,1476636,2,4.8331074714660645,classical_active
1820450,1820450,68680,68680,3,4.820023536682129,classical_active
1820450,1820450,4277437,4277437,4,4.815774917602539,classical_active
1820450,1820450,564608,564608,5,4.817514896392822,classical_active
1820450,1820450,1486445,1486445,6,4.818626403808594,classical_active
1820450,1820450,294601,294601,7,4.805500507354736,classical_active
1820450,1820450,3169329,3169329,8,4.802013397216797,classical_active
1820450,1820450,902149,902149,9,4.801002025604248,classical_active
1820450,1820450,2507167,2507167,10,4.794910907745361,classical_active
6457283,6457283,1693952,1693952,1,4.928929328918457,classical_active
6457283,6457283,1476636,1476636,2,4.8331074714660645,classical_active
6457283,6457283,68680,68680,3,4.820023536682129,classical_active
6457283,6457283,4277437,4277437,4,4.815774917602539,classical_active
6457283,6457283,564608,564608,5,4.817514896392822,classical_active
6457283,6457283,1486445,1486445,6,4.818626403808594,classical_active
6457283,6457283,294601,294601,7,4.805500507354736,classical_active
6457283,6457283,3169329,3169329,8,4.802013397216797,classical_active
6457283,6457283,2567930,2567930,9,4.797584533691406,classical_active
6457283,6457283,902149,902149,10,4.801002025604248,classical_active
3413767,3413767,1693952,1693952,1,4.944840886174295,quantum_sparse
3413767,3413767,1476636,1476636,2,4.849749455309224,quantum_sparse
3413767,3413767,68680,68680,3,4.836067694290232,quantum_sparse
3413767,3413767,564608,564608,4,4.8340236458351535,quantum_sparse
3413767,3413767,4277437,4277437,5,4.8293304986957,quantum_sparse
3413767,3413767,1486445,1486445,6,4.832330772487812,quantum_sparse
3413767,3413767,294601,294601,7,4.820640704730691,quantum_sparse
3413767,3413767,3169329,3169329,8,4.814885700819964,quantum_sparse
3413767,3413767,2567930,2567930,9,4.8107529452211075,quantum_sparse
3413767,3413767,902149,902149,10,4.816027753674463,quantum_sparse
1700749,1700749,1693952,1693952,1,4.944840886174295,quantum_sparse
1700749,1700749,1476636,1476636,2,4.849749455309224,quantum_sparse
1700749,1700749,68680,68680,3,4.836067694290232,quantum_sparse
1700749,1700749,564608,564608,4,4.8340236458351535,quantum_sparse
1700749,1700749,4277437,4277437,5,4.8293304986957,quantum_sparse
1700749,1700749,1486445,1486445,6,4.832330772487812,quantum_sparse
1700749,1700749,294601,294601,7,4.820640704730691,quantum_sparse
1700749,1700749,3169329,3169329,8,4.814885700819964,quantum_sparse
1700749,1700749,2567930,2567930,9,4.8107529452211075,quantum_sparse
1700749,1700749,902149,902149,10,4.816027753674463,quantum_sparse
2209971,2209971,1693952,1693952,1,4.944840886174295,quantum_sparse
2209971,2209971,1476636,1476636,2,4.849749455309224,quantum_sparse
2209971,2209971,68680,68680,3,4.836067694290232,quantum_sparse
2209971,2209971,564608,564608,4,4.8340236458351535,quantum_sparse
2209971,2209971,4277437,4277437,5,4.8293304986957,quantum_sparse
2209971,2209971,1486445,1486445,6,4.832330772487812,quantum_sparse
2209971,2209971,294601,294601,7,4.820640704730691,quantum_sparse
2209971,2209971,3169329,3169329,8,4.814885700819964,quantum_sparse
2209971,2209971,2567930,2567930,9,4.8107529452211075,quantum_sparse
2209971,2209971,902149,902149,10,4.816027753674463,quantum_sparse
6533881,6533881,1693952,1693952,1,4.944840886174295,quantum_sparse
6533881,6533881,1476636,1476636,2,4.849749455309224,quantum_sparse
6533881,6533881,68680,68680,3,4.836067694290232,quantum_sparse
6533881,6533881,564608,564608,4,4.8340236458351535,quantum_sparse
6533881,6533881,4277437,4277437,5,4.8293304986957,quantum_sparse
6533881,6533881,1486445,1486445,6,4.832330772487812,quantum_sparse
6533881,6533881,294601,294601,7,4.820640704730691,quantum_sparse
6533881,6533881,3169329,3169329,8,4.814885700819964,quantum_sparse
6533881,6533881,2567930,2567930,9,4.8107529452211075,quantum_sparse
6533881,6533881,902149,902149,10,4.816027753674463,quantum_sparse
8314338,8314338,1693952,1693952,1,4.944840886174295,quantum_sparse
8314338,8314338,1476636,1476636,2,4.849749455309224,quantum_sparse
8314338,8314338,68680,68680,3,4.836067694290232,quantum_sparse
8314338,8314338,564608,564608,4,4.8340236458351535,quantum_sparse
8314338,8314338,4277437,4277437,5,4.8293304986957,quantum_sparse
8314338,8314338,1486445,1486445,6,4.832330772487812,quantum_sparse
8314338,8314338,294601,294601,7,4.820640704730691,quantum_sparse
8314338,8314338,3169329,3169329,8,4.814885700819964,quantum_sparse
8314338,8314338,2567930,2567930,9,4.8107529452211075,quantum_sparse
8314338,8314338,902149,902149,10,4.816027753674463,quantum_sparse
3089478,3089478,1693952,1693952,1,4.944840886174295,quantum_sparse
3089478,3089478,1476636,1476636,2,4.849749455309224,quantum_sparse
3089478,3089478,68680,68680,3,4.836067694290232,quantum_sparse
3089478,3089478,564608,564608,4,4.8340236458351535,quantum_sparse
3089478,3089478,4277437,4277437,5,4.8293304986957,quantum_sparse
3089478,3089478,1486445,1486445,6,4.832330772487812,quantum_sparse
3089478,3089478,294601,294601,7,4.820640704730691,quantum_sparse
3089478,3089478,3169329,3169329,8,4.814885700819964,quantum_sparse
3089478,3089478,2567930,2567930,9,4.8107529452211075,quantum_sparse
3089478,3089478,902149,902149,10,4.816027753674463,quantum_sparse
8183159,8183159,1693952,1693952,1,4.944840886174295,quantum_sparse
8183159,8183159,1476636,1476636,2,4.849749455309224,quantum_sparse
8183159,8183159,68680,68680,3,4.836067694290232,quantum_sparse
8183159,8183159,564608,564608,4,4.8340236458351535,quantum_sparse
8183159,8183159,4277437,4277437,5,4.8293304986957,quantum_sparse
8183159,8183159,1486445,1486445,6,4.832330772487812,quantum_sparse
8183159,8183159,294601,294601,7,4.820640704730691,quantum_sparse
8183159,8183159,3169329,3169329,8,4.814885700819964,quantum_sparse
8183159,8183159,2567930,2567930,9,4.8107529452211075,quantum_sparse
8183159,8183159,902149,902149,10,4.816027753674463,quantum_sparse
4587344,4587344,1693952,1693952,1,4.944840886174295,quantum_sparse
4587344,4587344,1476636,1476636,2,4.849749455309224,quantum_sparse
4587344,4587344,68680,68680,3,4.836067694290232,quantum_sparse
4587344,4587344,564608,564608,4,4.8340236458351535,quantum_sparse
4587344,4587344,4277437,4277437,5,4.8293304986957,quantum_sparse
4587344,4587344,1486445,1486445,6,4.832330772487812,quantum_sparse
4587344,4587344,294601,294601,7,4.820640704730691,quantum_sparse
4587344,4587344,3169329,3169329,8,4.814885700819964,quantum_sparse
4587344,4587344,2567930,2567930,9,4.8107529452211075,quantum_sparse
4587344,4587344,902149,902149,10,4.816027753674463,quantum_sparse
2527380,2527380,1693952,1693952,1,4.944840886174295,quantum_sparse
2527380,2527380,1476636,1476636,2,4.849749455309224,quantum_sparse
2527380,2527380,68680,68680,3,4.836067694290232,quantum_sparse
2527380,2527380,564608,564608,4,4.8340236458351535,quantum_sparse
2527380,2527380,4277437,4277437,5,4.8293304986957,quantum_sparse
2527380,2527380,1486445,1486445,6,4.832330772487812,quantum_sparse
2527380,2527380,294601,294601,7,4.820640704730691,quantum_sparse
2527380,2527380,3169329,3169329,8,4.814885700819964,quantum_sparse
2527380,2527380,2567930,2567930,9,4.8107529452211075,quantum_sparse
2527380,2527380,902149,902149,10,4.816027753674463,quantum_sparse
8786125,8786125,1693952,1693952,1,4.944840886174295,quantum_sparse
8786125,8786125,1476636,1476636,2,4.849749455309224,quantum_sparse
8786125,8786125,68680,68680,3,4.836067694290232,quantum_sparse
8786125,8786125,564608,564608,4,4.8340236458351535,quantum_sparse
8786125,8786125,4277437,4277437,5,4.8293304986957,quantum_sparse
8786125,8786125,1486445,1486445,6,4.832330772487812,quantum_sparse
8786125,8786125,294601,294601,7,4.820640704730691,quantum_sparse
8786125,8786125,3169329,3169329,8,4.814885700819964,quantum_sparse
8786125,8786125,2567930,2567930,9,4.8107529452211075,quantum_sparse
8786125,8786125,902149,902149,10,4.816027753674463,quantum_sparse
9447669,9447669,1693952,1693952,1,4.944840886174295,quantum_sparse
9447669,9447669,1476636,1476636,2,4.849749455309224,quantum_sparse
9447669,9447669,68680,68680,3,4.836067694290232,quantum_sparse
9447669,9447669,564608,564608,4,4.8340236458351535,quantum_sparse
9447669,9447669,4277437,4277437,5,4.8293304986957,quantum_sparse
9447669,9447669,1486445,1486445,6,4.832330772487812,quantum_sparse
9447669,9447669,294601,294601,7,4.820640704730691,quantum_sparse
9447669,9447669,3169329,3169329,8,4.814885700819964,quantum_sparse
9447669,9447669,2567930,2567930,9,4.8107529452211075,quantum_sparse
9447669,9447669,902149,902149,10,4.816027753674463,quantum_sparse
7209997,7209997,1693952,1693952,1,4.944840886174295,quantum_sparse
7209997,7209997,1476636,1476636,2,4.849749455309224,quantum_sparse
7209997,7209997,68680,68680,3,4.836067694290232,quantum_sparse
7209997,7209997,564608,564608,4,4.8340236458351535,quantum_sparse
7209997,7209997,4277437,4277437,5,4.8293304986957,quantum_sparse
7209997,7209997,1486445,1486445,6,4.832330772487812,quantum_sparse
7209997,7209997,294601,294601,7,4.820640704730691,quantum_sparse
7209997,7209997,3169329,3169329,8,4.814885700819964,quantum_sparse
7209997,7209997,2567930,2567930,9,4.8107529452211075,quantum_sparse
7209997,7209997,902149,902149,10,4.816027753674463,quantum_sparse
9292703,9292703,1693952,1693952,1,4.928929328918457,classical_active
9292703,9292703,1476636,1476636,2,4.8331074714660645,classical_active
9292703,9292703,68680,68680,3,4.820023536682129,classical_active
9292703,9292703,4277437,4277437,4,4.815774917602539,classical_active
9292703,9292703,564608,564608,5,4.817514896392822,classical_active
9292703,9292703,1486445,1486445,6,4.818626403808594,classical_active
9292703,9292703,294601,294601,7,4.805500507354736,classical_active
9292703,9292703,3169329,3169329,8,4.802013397216797,classical_active
9292703,9292703,2567930,2567930,9,4.797584533691406,classical_active
9292703,9292703,902149,902149,10,4.801002025604248,classical_active
1939485,1939485,1693952,1693952,1,4.944840886174295,quantum_sparse
1939485,1939485,1476636,1476636,2,4.849749455309224,quantum_sparse
1939485,1939485,68680,68680,3,4.836067694290232,quantum_sparse
1939485,1939485,564608,564608,4,4.8340236458351535,quantum_sparse
1939485,1939485,4277437,4277437,5,4.8293304986957,quantum_sparse
1939485,1939485,1486445,1486445,6,4.832330772487812,quantum_sparse
1939485,1939485,294601,294601,7,4.820640704730691,quantum_sparse
1939485,1939485,3169329,3169329,8,4.814885700819964,quantum_sparse
1939485,1939485,2567930,2567930,9,4.8107529452211075,quantum_sparse
1939485,1939485,902149,902149,10,4.816027753674463,quantum_sparse
7177185,7177185,1693952,1693952,1,4.944840886174295,quantum_sparse
7177185,7177185,1476636,1476636,2,4.849749455309224,quantum_sparse
7177185,7177185,68680,68680,3,4.836067694290232,quantum_sparse
7177185,7177185,564608,564608,4,4.8340236458351535,quantum_sparse
7177185,7177185,4277437,4277437,5,4.8293304986957,quantum_sparse
7177185,7177185,1486445,1486445,6,4.832330772487812,quantum_sparse
7177185,7177185,294601,294601,7,4.820640704730691,quantum_sparse
7177185,7177185,3169329,3169329,8,4.814885700819964,quantum_sparse
7177185,7177185,2567930,2567930,9,4.8107529452211075,quantum_sparse
7177185,7177185,902149,902149,10,4.816027753674463,quantum_sparse
1438903,1438903,1693952,1693952,1,4.944840886174295,quantum_sparse
1438903,1438903,1476636,1476636,2,4.849749455309224,quantum_sparse
1438903,1438903,68680,68680,3,4.836067694290232,quantum_sparse
1438903,1438903,564608,564608,4,4.8340236458351535,quantum_sparse
1438903,1438903,4277437,4277437,5,4.8293304986957,quantum_sparse
1438903,1438903,1486445,1486445,6,4.832330772487812,quantum_sparse
1438903,1438903,294601,294601,7,4.820640704730691,quantum_sparse
1438903,1438903,3169329,3169329,8,4.814885700819964,quantum_sparse
1438903,1438903,2567930,2567930,9,4.8107529452211075,quantum_sparse
1438903,1438903,902149,902149,10,4.816027753674463,quantum_sparse
7201930,7201930,1693952,1693952,1,4.944840886174295,quantum_sparse
7201930,7201930,1476636,1476636,2,4.849749455309224,quantum_sparse
7201930,7201930,68680,68680,3,4.836067694290232,quantum_sparse
7201930,7201930,564608,564608,4,4.8340236458351535,quantum_sparse
7201930,7201930,4277437,4277437,5,4.8293304986957,quantum_sparse
7201930,7201930,1486445,1486445,6,4.832330772487812,quantum_sparse
7201930,7201930,294601,294601,7,4.820640704730691,quantum_sparse
7201930,7201930,3169329,3169329,8,4.814885700819964,quantum_sparse
7201930,7201930,2567930,2567930,9,4.8107529452211075,quantum_sparse
7201930,7201930,902149,902149,10,4.816027753674463,quantum_sparse
7796952,7796952,1693952,1693952,1,4.944840886174295,quantum_sparse
7796952,7796952,1476636,1476636,2,4.849749455309224,quantum_sparse
7796952,7796952,68680,68680,3,4.836067694290232,quantum_sparse
7796952,7796952,564608,564608,4,4.8340236458351535,quantum_sparse
7796952,7796952,4277437,4277437,5,4.8293304986957,quantum_sparse
7796952,7796952,1486445,1486445,6,4.832330772487812,quantum_sparse
7796952,7796952,294601,294601,7,4.820640704730691,quantum_sparse
7796952,7796952,3169329,3169329,8,4.814885700819964,quantum_sparse
7796952,7796952,2567930,2567930,9,4.8107529452211075,quantum_sparse
7796952,7796952,902149,902149,10,4.816027753674463,quantum_sparse
1719205,1719205,1693952,1693952,1,4.944840886174295,quantum_sparse
1719205,1719205,1476636,1476636,2,4.849749455309224,quantum_sparse
1719205,1719205,68680,68680,3,4.836067694290232,quantum_sparse
1719205,1719205,564608,564608,4,4.8340236458351535,quantum_sparse
1719205,1719205,4277437,4277437,5,4.8293304986957,quantum_sparse
1719205,1719205,1486445,1486445,6,4.832330772487812,quantum_sparse
1719205,1719205,294601,294601,7,4.820640704730691,quantum_sparse
1719205,1719205,3169329,3169329,8,4.814885700819964,quantum_sparse
1719205,1719205,2567930,2567930,9,4.8107529452211075,quantum_sparse
1719205,1719205,902149,902149,10,4.816027753674463,quantum_sparse
2084865,2084865,1693952,1693952,1,4.944840886174295,quantum_sparse
2084865,2084865,1476636,1476636,2,4.849749455309224,quantum_sparse
2084865,2084865,68680,68680,3,4.836067694290232,quantum_sparse
2084865,2084865,564608,564608,4,4.8340236458351535,quantum_sparse
2084865,2084865,4277437,4277437,5,4.8293304986957,quantum_sparse
2084865,2084865,1486445,1486445,6,4.832330772487812,quantum_sparse
2084865,2084865,294601,294601,7,4.820640704730691,quantum_sparse
2084865,2084865,3169329,3169329,8,4.814885700819964,quantum_sparse
2084865,2084865,2567930,2567930,9,4.8107529452211075,quantum_sparse
2084865,2084865,902149,902149,10,4.816027753674463,quantum_sparse
5810797,5810797,1693952,1693952,1,4.944840886174295,quantum_sparse
5810797,5810797,1476636,1476636,2,4.849749455309224,quantum_sparse
5810797,5810797,68680,68680,3,4.836067694290232,quantum_sparse
5810797,5810797,564608,564608,4,4.8340236458351535,quantum_sparse
5810797,5810797,4277437,4277437,5,4.8293304986957,quantum_sparse
5810797,5810797,1486445,1486445,6,4.832330772487812,quantum_sparse
5810797,5810797,294601,294601,7,4.820640704730691,quantum_sparse
5810797,5810797,3169329,3169329,8,4.814885700819964,quantum_sparse
5810797,5810797,2567930,2567930,9,4.8107529452211075,quantum_sparse
5810797,5810797,902149,902149,10,4.816027753674463,quantum_sparse
1848608,1848608,1693952,1693952,1,4.944840886174295,quantum_sparse
1848608,1848608,1476636,1476636,2,4.849749455309224,quantum_sparse
1848608,1848608,68680,68680,3,4.836067694290232,quantum_sparse
1848608,1848608,564608,564608,4,4.8340236458351535,quantum_sparse
1848608,1848608,4277437,4277437,5,4.8293304986957,quantum_sparse
1848608,1848608,1486445,1486445,6,4.832330772487812,quantum_sparse
1848608,1848608,294601,294601,7,4.820640704730691,quantum_sparse
1848608,1848608,3169329,3169329,8,4.814885700819964,quantum_sparse
1848608,1848608,2567930,2567930,9,4.8107529452211075,quantum_sparse
1848608,1848608,902149,902149,10,4.816027753674463,quantum_sparse
999840,999840,1693952,1693952,1,4.944840886174295,quantum_sparse
999840,999840,1476636,1476636,2,4.849749455309224,quantum_sparse
999840,999840,68680,68680,3,4.836067694290232,quantum_sparse
999840,999840,564608,564608,4,4.8340236458351535,quantum_sparse
999840,999840,4277437,4277437,5,4.8293304986957,quantum_sparse
999840,999840,1486445,1486445,6,4.832330772487812,quantum_sparse
999840,999840,294601,294601,7,4.820640704730691,quantum_sparse
999840,999840,3169329,3169329,8,4.814885700819964,quantum_sparse
999840,999840,2567930,2567930,9,4.8107529452211075,quantum_sparse
999840,999840,902149,902149,10,4.816027753674463,quantum_sparse
9525221,9525221,1693952,1693952,1,4.944840886174295,quantum_sparse
9525221,9525221,1476636,1476636,2,4.849749455309224,quantum_sparse
9525221,9525221,68680,68680,3,4.836067694290232,quantum_sparse
9525221,9525221,564608,564608,4,4.8340236458351535,quantum_sparse
9525221,9525221,4277437,4277437,5,4.8293304986957,quantum_sparse
9525221,9525221,1486445,1486445,6,4.832330772487812,quantum_sparse
9525221,9525221,294601,294601,7,4.820640704730691,quantum_sparse
9525221,9525221,3169329,3169329,8,4.814885700819964,quantum_sparse
9525221,9525221,2567930,2567930,9,4.8107529452211075,quantum_sparse
9525221,9525221,902149,902149,10,4.816027753674463,quantum_sparse
1559654,1559654,1693952,1693952,1,4.944840886174295,quantum_sparse
1559654,1559654,1476636,1476636,2,4.849749455309224,quantum_sparse
1559654,1559654,68680,68680,3,4.836067694290232,quantum_sparse
1559654,1559654,564608,564608,4,4.8340236458351535,quantum_sparse
1559654,1559654,4277437,4277437,5,4.8293304986957,quantum_sparse
1559654,1559654,1486445,1486445,6,4.832330772487812,quantum_sparse
1559654,1559654,294601,294601,7,4.820640704730691,quantum_sparse
1559654,1559654,3169329,3169329,8,4.814885700819964,quantum_sparse
1559654,1559654,2567930,2567930,9,4.8107529452211075,quantum_sparse
1559654,1559654,902149,902149,10,4.816027753674463,quantum_sparse
784331,784331,1693952,1693952,1,4.944840886174295,quantum_sparse
784331,784331,1476636,1476636,2,4.849749455309224,quantum_sparse
784331,784331,68680,68680,3,4.836067694290232,quantum_sparse
784331,784331,564608,564608,4,4.8340236458351535,quantum_sparse
784331,784331,4277437,4277437,5,4.8293304986957,quantum_sparse
784331,784331,1486445,1486445,6,4.832330772487812,quantum_sparse
784331,784331,294601,294601,7,4.820640704730691,quantum_sparse
784331,784331,3169329,3169329,8,4.814885700819964,quantum_sparse
784331,784331,2567930,2567930,9,4.8107529452211075,quantum_sparse
784331,784331,902149,902149,10,4.816027753674463,quantum_sparse
2749108,2749108,1693952,1693952,1,4.928929328918457,classical_active
2749108,2749108,1476636,1476636,2,4.8331074714660645,classical_active
2749108,2749108,68680,68680,3,4.820023536682129,classical_active
2749108,2749108,4277437,4277437,4,4.815774917602539,classical_active
2749108,2749108,564608,564608,5,4.817514896392822,classical_active
2749108,2749108,1486445,1486445,6,4.818626403808594,classical_active
2749108,2749108,294601,294601,7,4.805500507354736,classical_active
2749108,2749108,3169329,3169329,8,4.802013397216797,classical_active
2749108,2749108,2567930,2567930,9,4.797584533691406,classical_active
2749108,2749108,902149,902149,10,4.801002025604248,classical_active
1443485,1443485,1693952,1693952,1,4.928929328918457,classical_active
1443485,1443485,1476636,1476636,2,4.8331074714660645,classical_active
1443485,1443485,68680,68680,3,4.820023536682129,classical_active
1443485,1443485,4277437,4277437,4,4.815774917602539,classical_active
1443485,1443485,564608,564608,5,4.817514896392822,classical_active
1443485,1443485,1486445,1486445,6,4.818626403808594,classical_active
1443485,1443485,294601,294601,7,4.805500507354736,classical_active
1443485,1443485,3169329,3169329,8,4.802013397216797,classical_active
1443485,1443485,2567930,2567930,9,4.797584533691406,classical_active
1443485,1443485,902149,902149,10,4.801002025604248,classical_active
1213724,1213724,1693952,1693952,1,4.944840886174295,quantum_sparse
1213724,1213724,1476636,1476636,2,4.849749455309224,quantum_sparse
1213724,1213724,68680,68680,3,4.836067694290232,quantum_sparse
1213724,1213724,564608,564608,4,4.8340236458351535,quantum_sparse
1213724,1213724,4277437,4277437,5,4.8293304986957,quantum_sparse
1213724,1213724,1486445,1486445,6,4.832330772487812,quantum_sparse
1213724,1213724,294601,294601,7,4.820640704730691,quantum_sparse
1213724,1213724,3169329,3169329,8,4.814885700819964,quantum_sparse
1213724,1213724,2567930,2567930,9,4.8107529452211075,quantum_sparse
1213724,1213724,902149,902149,10,4.816027753674463,quantum_sparse
10118261,10118261,1693952,1693952,1,4.944840886174295,quantum_sparse
10118261,10118261,1476636,1476636,2,4.849749455309224,quantum_sparse
10118261,10118261,68680,68680,3,4.836067694290232,quantum_sparse
10118261,10118261,564608,564608,4,4.8340236458351535,quantum_sparse
10118261,10118261,4277437,4277437,5,4.8293304986957,quantum_sparse
10118261,10118261,1486445,1486445,6,4.832330772487812,quantum_sparse
10118261,10118261,294601,294601,7,4.820640704730691,quantum_sparse
10118261,10118261,3169329,3169329,8,4.814885700819964,quantum_sparse
10118261,10118261,2567930,2567930,9,4.8107529452211075,quantum_sparse
10118261,10118261,902149,902149,10,4.816027753674463,quantum_sparse
6304255,6304255,1693952,1693952,1,4.944840886174295,quantum_sparse
6304255,6304255,1476636,1476636,2,4.849749455309224,quantum_sparse
6304255,6304255,68680,68680,3,4.836067694290232,quantum_sparse
6304255,6304255,564608,564608,4,4.8340236458351535,quantum_sparse
6304255,6304255,4277437,4277437,5,4.8293304986957,quantum_sparse
6304255,6304255,1486445,1486445,6,4.832330772487812,quantum_sparse
6304255,6304255,294601,294601,7,4.820640704730691,quantum_sparse
6304255,6304255,3169329,3169329,8,4.814885700819964,quantum_sparse
6304255,6304255,2567930,2567930,9,4.8107529452211075,quantum_sparse
6304255,6304255,902149,902149,10,4.816027753674463,quantum_sparse
5615107,5615107,1693952,1693952,1,4.928929328918457,classical_active
5615107,5615107,1476636,1476636,2,4.8331074714660645,classical_active
5615107,5615107,68680,68680,3,4.820023536682129,classical_active
5615107,5615107,4277437,4277437,4,4.815774917602539,classical_active
5615107,5615107,564608,564608,5,4.817514896392822,classical_active
5615107,5615107,1486445,1486445,6,4.818626403808594,classical_active
5615107,5615107,294601,294601,7,4.805500507354736,classical_active
5615107,5615107,3169329,3169329,8,4.802013397216797,classical_active
5615107,5615107,2567930,2567930,9,4.797584533691406,classical_active
5615107,5615107,902149,902149,10,4.801002025604248,classical_active
3023740,3023740,1693952,1693952,1,4.944840886174295,quantum_sparse
3023740,3023740,1476636,1476636,2,4.849749455309224,quantum_sparse
3023740,3023740,68680,68680,3,4.836067694290232,quantum_sparse
3023740,3023740,564608,564608,4,4.8340236458351535,quantum_sparse
3023740,3023740,4277437,4277437,5,4.8293304986957,quantum_sparse
3023740,3023740,1486445,1486445,6,4.832330772487812,quantum_sparse
3023740,3023740,294601,294601,7,4.820640704730691,quantum_sparse
3023740,3023740,3169329,3169329,8,4.814885700819964,quantum_sparse
3023740,3023740,2567930,2567930,9,4.8107529452211075,quantum_sparse
3023740,3023740,902149,902149,10,4.816027753674463,quantum_sparse
7807480,7807480,1693952,1693952,1,4.944840886174295,quantum_sparse
7807480,7807480,1476636,1476636,2,4.849749455309224,quantum_sparse
7807480,7807480,68680,68680,3,4.836067694290232,quantum_sparse
7807480,7807480,564608,564608,4,4.8340236458351535,quantum_sparse
7807480,7807480,4277437,4277437,5,4.8293304986957,quantum_sparse
7807480,7807480,1486445,1486445,6,4.832330772487812,quantum_sparse
7807480,7807480,294601,294601,7,4.820640704730691,quantum_sparse
7807480,7807480,3169329,3169329,8,4.814885700819964,quantum_sparse
7807480,7807480,2567930,2567930,9,4.8107529452211075,quantum_sparse
7807480,7807480,902149,902149,10,4.816027753674463,quantum_sparse
1487589,1487589,1693952,1693952,1,4.944840886174295,quantum_sparse
1487589,1487589,1476636,1476636,2,4.849749455309224,quantum_sparse
1487589,1487589,68680,68680,3,4.836067694290232,quantum_sparse
1487589,1487589,564608,564608,4,4.8340236458351535,quantum_sparse
1487589,1487589,4277437,4277437,5,4.8293304986957,quantum_sparse
1487589,1487589,1486445,1486445,6,4.832330772487812,quantum_sparse
1487589,1487589,294601,294601,7,4.820640704730691,quantum_sparse
1487589,1487589,3169329,3169329,8,4.814885700819964,quantum_sparse
1487589,1487589,2567930,2567930,9,4.8107529452211075,quantum_sparse
1487589,1487589,902149,902149,10,4.816027753674463,quantum_sparse
2930716,2930716,1693952,1693952,1,4.944840886174295,quantum_sparse
2930716,2930716,1476636,1476636,2,4.849749455309224,quantum_sparse
2930716,2930716,68680,68680,3,4.836067694290232,quantum_sparse
2930716,2930716,564608,564608,4,4.8340236458351535,quantum_sparse
2930716,2930716,4277437,4277437,5,4.8293304986957,quantum_sparse
2930716,2930716,1486445,1486445,6,4.832330772487812,quantum_sparse
2930716,2930716,294601,294601,7,4.820640704730691,quantum_sparse
2930716,2930716,3169329,3169329,8,4.814885700819964,quantum_sparse
2930716,2930716,2567930,2567930,9,4.8107529452211075,quantum_sparse
2930716,2930716,902149,902149,10,4.816027753674463,quantum_sparse
2075782,2075782,1693952,1693952,1,4.944840886174295,quantum_sparse
2075782,2075782,1476636,1476636,2,4.849749455309224,quantum_sparse
2075782,2075782,68680,68680,3,4.836067694290232,quantum_sparse
2075782,2075782,564608,564608,4,4.8340236458351535,quantum_sparse
2075782,2075782,4277437,4277437,5,4.8293304986957,quantum_sparse
2075782,2075782,1486445,1486445,6,4.832330772487812,quantum_sparse
2075782,2075782,294601,294601,7,4.820640704730691,quantum_sparse
2075782,2075782,3169329,3169329,8,4.814885700819964,quantum_sparse
2075782,2075782,2567930,2567930,9,4.8107529452211075,quantum_sparse
2075782,2075782,902149,902149,10,4.816027753674463,quantum_sparse
1653665,1653665,1693952,1693952,1,4.928929328918457,classical_active
1653665,1653665,1476636,1476636,2,4.8331074714660645,classical_active
1653665,1653665,68680,68680,3,4.820023536682129,classical_active
1653665,1653665,4277437,4277437,4,4.815774917602539,classical_active
1653665,1653665,564608,564608,5,4.817514896392822,classical_active
1653665,1653665,1486445,1486445,6,4.818626403808594,classical_active
1653665,1653665,294601,294601,7,4.805500507354736,classical_active
1653665,1653665,3169329,3169329,8,4.802013397216797,classical_active
1653665,1653665,2567930,2567930,9,4.797584533691406,classical_active
1653665,1653665,902149,902149,10,4.801002025604248,classical_active
1952289,1952289,1693952,1693952,1,4.944840886174295,quantum_sparse
1952289,1952289,1476636,1476636,2,4.849749455309224,quantum_sparse
1952289,1952289,68680,68680,3,4.836067694290232,quantum_sparse
1952289,1952289,564608,564608,4,4.8340236458351535,quantum_sparse
1952289,1952289,4277437,4277437,5,4.8293304986957,quantum_sparse
1952289,1952289,1486445,1486445,6,4.832330772487812,quantum_sparse
1952289,1952289,294601,294601,7,4.820640704730691,quantum_sparse
1952289,1952289,3169329,3169329,8,4.814885700819964,quantum_sparse
1952289,1952289,2567930,2567930,9,4.8107529452211075,quantum_sparse
1952289,1952289,902149,902149,10,4.816027753674463,quantum_sparse
4964484,4964484,1693952,1693952,1,4.944840886174295,quantum_sparse
4964484,4964484,1476636,1476636,2,4.849749455309224,quantum_sparse
4964484,4964484,68680,68680,3,4.836067694290232,quantum_sparse
4964484,4964484,564608,564608,4,4.8340236458351535,quantum_sparse
4964484,4964484,4277437,4277437,5,4.8293304986957,quantum_sparse
4964484,4964484,1486445,1486445,6,4.832330772487812,quantum_sparse
4964484,4964484,294601,294601,7,4.820640704730691,quantum_sparse
4964484,4964484,3169329,3169329,8,4.814885700819964,quantum_sparse
4964484,4964484,2567930,2567930,9,4.8107529452211075,quantum_sparse
4964484,4964484,902149,902149,10,4.816027753674463,quantum_sparse
9322232,9322232,1693952,1693952,1,4.944840886174295,quantum_sparse
9322232,9322232,1476636,1476636,2,4.849749455309224,quantum_sparse
9322232,9322232,68680,68680,3,4.836067694290232,quantum_sparse
9322232,9322232,564608,564608,4,4.8340236458351535,quantum_sparse
9322232,9322232,4277437,4277437,5,4.8293304986957,quantum_sparse
9322232,9322232,1486445,1486445,6,4.832330772487812,quantum_sparse
9322232,9322232,294601,294601,7,4.820640704730691,quantum_sparse
9322232,9322232,3169329,3169329,8,4.814885700819964,quantum_sparse
9322232,9322232,2567930,2567930,9,4.8107529452211075,quantum_sparse
9322232,9322232,902149,902149,10,4.816027753674463,quantum_sparse
850140,850140,1693952,1693952,1,4.928929328918457,classical_active
850140,850140,1476636,1476636,2,4.8331074714660645,classical_active
850140,850140,68680,68680,3,4.820023536682129,classical_active
850140,850140,4277437,4277437,4,4.815774917602539,classical_active
850140,850140,564608,564608,5,4.817514896392822,classical_active
850140,850140,1486445,1486445,6,4.818626403808594,classical_active
850140,850140,294601,294601,7,4.805500507354736,classical_active
850140,850140,3169329,3169329,8,4.802013397216797,classical_active
850140,850140,2567930,2567930,9,4.797584533691406,classical_active
850140,850140,902149,902149,10,4.801002025604248,classical_active
4205608,4205608,1693952,1693952,1,4.944840886174295,quantum_sparse
4205608,4205608,1476636,1476636,2,4.849749455309224,quantum_sparse
4205608,4205608,68680,68680,3,4.836067694290232,quantum_sparse
4205608,4205608,564608,564608,4,4.8340236458351535,quantum_sparse
4205608,4205608,4277437,4277437,5,4.8293304986957,quantum_sparse
4205608,4205608,1486445,1486445,6,4.832330772487812,quantum_sparse
4205608,4205608,294601,294601,7,4.820640704730691,quantum_sparse
4205608,4205608,3169329,3169329,8,4.814885700819964,quantum_sparse
4205608,4205608,2567930,2567930,9,4.8107529452211075,quantum_sparse
4205608,4205608,902149,902149,10,4.816027753674463,quantum_sparse
1710941,1710941,1693952,1693952,1,4.944840886174295,quantum_sparse
1710941,1710941,1476636,1476636,2,4.849749455309224,quantum_sparse
1710941,1710941,68680,68680,3,4.836067694290232,quantum_sparse
1710941,1710941,564608,564608,4,4.8340236458351535,quantum_sparse
1710941,1710941,4277437,4277437,5,4.8293304986957,quantum_sparse
1710941,1710941,1486445,1486445,6,4.832330772487812,quantum_sparse
1710941,1710941,294601,294601,7,4.820640704730691,quantum_sparse
1710941,1710941,3169329,3169329,8,4.814885700819964,quantum_sparse
1710941,1710941,2567930,2567930,9,4.8107529452211075,quantum_sparse
1710941,1710941,902149,902149,10,4.816027753674463,quantum_sparse
5698458,5698458,1693952,1693952,1,4.928929328918457,classical_active
5698458,5698458,1476636,1476636,2,4.8331074714660645,classical_active
5698458,5698458,68680,68680,3,4.820023536682129,classical_active
5698458,5698458,4277437,4277437,4,4.815774917602539,classical_active
5698458,5698458,564608,564608,5,4.817514896392822,classical_active
5698458,5698458,1486445,1486445,6,4.818626403808594,classical_active
5698458,5698458,294601,294601,7,4.805500507354736,classical_active
5698458,5698458,3169329,3169329,8,4.802013397216797,classical_active
5698458,5698458,2567930,2567930,9,4.797584533691406,classical_active
5698458,5698458,902149,902149,10,4.801002025604248,classical_active
8012287,8012287,1693952,1693952,1,4.928929328918457,classical_active
8012287,8012287,1476636,1476636,2,4.8331074714660645,classical_active
8012287,8012287,68680,68680,3,4.820023536682129,classical_active
8012287,8012287,4277437,4277437,4,4.815774917602539,classical_active
8012287,8012287,564608,564608,5,4.817514896392822,classical_active
8012287,8012287,1486445,1486445,6,4.818626403808594,classical_active
8012287,8012287,294601,294601,7,4.805500507354736,classical_active
8012287,8012287,3169329,3169329,8,4.802013397216797,classical_active
8012287,8012287,2567930,2567930,9,4.797584533691406,classical_active
8012287,8012287,902149,902149,10,4.801002025604248,classical_active
8573037,8573037,1693952,1693952,1,4.944840886174295,quantum_sparse
8573037,8573037,1476636,1476636,2,4.849749455309224,quantum_sparse
8573037,8573037,68680,68680,3,4.836067694290232,quantum_sparse
8573037,8573037,564608,564608,4,4.8340236458351535,quantum_sparse
8573037,8573037,4277437,4277437,5,4.8293304986957,quantum_sparse
8573037,8573037,1486445,1486445,6,4.832330772487812,quantum_sparse
8573037,8573037,294601,294601,7,4.820640704730691,quantum_sparse
8573037,8573037,3169329,3169329,8,4.814885700819964,quantum_sparse
8573037,8573037,2567930,2567930,9,4.8107529452211075,quantum_sparse
8573037,8573037,902149,902149,10,4.816027753674463,quantum_sparse
5203637,5203637,1693952,1693952,1,4.928929328918457,classical_active
5203637,5203637,1476636,1476636,2,4.8331074714660645,classical_active
5203637,5203637,68680,68680,3,4.820023536682129,classical_active
5203637,5203637,4277437,4277437,4,4.815774917602539,classical_active
5203637,5203637,564608,564608,5,4.817514896392822,classical_active
5203637,5203637,1486445,1486445,6,4.818626403808594,classical_active
5203637,5203637,294601,294601,7,4.805500507354736,classical_active
5203637,5203637,3169329,3169329,8,4.802013397216797,classical_active
5203637,5203637,2567930,2567930,9,4.797584533691406,classical_active
5203637,5203637,902149,902149,10,4.801002025604248,classical_active
4874151,4874151,1693952,1693952,1,4.944840886174295,quantum_sparse
4874151,4874151,1476636,1476636,2,4.849749455309224,quantum_sparse
4874151,4874151,68680,68680,3,4.836067694290232,quantum_sparse
4874151,4874151,564608,564608,4,4.8340236458351535,quantum_sparse
4874151,4874151,4277437,4277437,5,4.8293304986957,quantum_sparse
4874151,4874151,1486445,1486445,6,4.832330772487812,quantum_sparse
4874151,4874151,294601,294601,7,4.820640704730691,quantum_sparse
4874151,4874151,3169329,3169329,8,4.814885700819964,quantum_sparse
4874151,4874151,2567930,2567930,9,4.8107529452211075,quantum_sparse
4874151,4874151,902149,902149,10,4.816027753674463,quantum_sparse
7941844,7941844,1693952,1693952,1,4.944840886174295,quantum_sparse
7941844,7941844,1476636,1476636,2,4.849749455309224,quantum_sparse
7941844,7941844,68680,68680,3,4.836067694290232,quantum_sparse
7941844,7941844,564608,564608,4,4.8340236458351535,quantum_sparse
7941844,7941844,4277437,4277437,5,4.8293304986957,quantum_sparse
7941844,7941844,1486445,1486445,6,4.832330772487812,quantum_sparse
7941844,7941844,294601,294601,7,4.820640704730691,quantum_sparse
7941844,7941844,3169329,3169329,8,4.814885700819964,quantum_sparse
7941844,7941844,2567930,2567930,9,4.8107529452211075,quantum_sparse
7941844,7941844,902149,902149,10,4.816027753674463,quantum_sparse
8032749,8032749,1693952,1693952,1,4.944840886174295,quantum_sparse
8032749,8032749,1476636,1476636,2,4.849749455309224,quantum_sparse
8032749,8032749,68680,68680,3,4.836067694290232,quantum_sparse
8032749,8032749,564608,564608,4,4.8340236458351535,quantum_sparse
8032749,8032749,4277437,4277437,5,4.8293304986957,quantum_sparse
8032749,8032749,1486445,1486445,6,4.832330772487812,quantum_sparse
8032749,8032749,294601,294601,7,4.820640704730691,quantum_sparse
8032749,8032749,3169329,3169329,8,4.814885700819964,quantum_sparse
8032749,8032749,2567930,2567930,9,4.8107529452211075,quantum_sparse
8032749,8032749,902149,902149,10,4.816027753674463,quantum_sparse
8168728,8168728,1693952,1693952,1,4.944840886174295,quantum_sparse
8168728,8168728,1476636,1476636,2,4.849749455309224,quantum_sparse
8168728,8168728,68680,68680,3,4.836067694290232,quantum_sparse
8168728,8168728,564608,564608,4,4.8340236458351535,quantum_sparse
8168728,8168728,4277437,4277437,5,4.8293304986957,quantum_sparse
8168728,8168728,1486445,1486445,6,4.832330772487812,quantum_sparse
8168728,8168728,294601,294601,7,4.820640704730691,quantum_sparse
8168728,8168728,3169329,3169329,8,4.814885700819964,quantum_sparse
8168728,8168728,2567930,2567930,9,4.8107529452211075,quantum_sparse
8168728,8168728,902149,902149,10,4.816027753674463,quantum_sparse
8202835,8202835,1693952,1693952,1,4.944840886174295,quantum_sparse
8202835,8202835,1476636,1476636,2,4.849749455309224,quantum_sparse
8202835,8202835,68680,68680,3,4.836067694290232,quantum_sparse
8202835,8202835,564608,564608,4,4.8340236458351535,quantum_sparse
8202835,8202835,4277437,4277437,5,4.8293304986957,quantum_sparse
8202835,8202835,1486445,1486445,6,4.832330772487812,quantum_sparse
8202835,8202835,294601,294601,7,4.820640704730691,quantum_sparse
8202835,8202835,3169329,3169329,8,4.814885700819964,quantum_sparse
8202835,8202835,2567930,2567930,9,4.8107529452211075,quantum_sparse
8202835,8202835,902149,902149,10,4.816027753674463,quantum_sparse
4854295,4854295,1693952,1693952,1,4.944840886174295,quantum_sparse
4854295,4854295,3839307,3839307,2,4.914361707572831,quantum_sparse
4854295,4854295,1476636,1476636,3,4.849749455309224,quantum_sparse
4854295,4854295,68680,68680,4,4.836067694290232,quantum_sparse
4854295,4854295,564608,564608,5,4.8340236458351535,quantum_sparse
4854295,4854295,4277437,4277437,6,4.8293304986957,quantum_sparse
4854295,4854295,1486445,1486445,7,4.832330772487812,quantum_sparse
4854295,4854295,294601,294601,8,4.820640704730691,quantum_sparse
4854295,4854295,3169329,3169329,9,4.814885700819964,quantum_sparse
4854295,4854295,2567930,2567930,10,4.8107529452211075,quantum_sparse
4723841,4723841,1693952,1693952,1,4.944840886174295,quantum_sparse
4723841,4723841,1476636,1476636,2,4.849749455309224,quantum_sparse
4723841,4723841,68680,68680,3,4.836067694290232,quantum_sparse
4723841,4723841,564608,564608,4,4.8340236458351535,quantum_sparse
4723841,4723841,4277437,4277437,5,4.8293304986957,quantum_sparse
4723841,4723841,1486445,1486445,6,4.832330772487812,quantum_sparse
4723841,4723841,294601,294601,7,4.820640704730691,quantum_sparse
4723841,4723841,3169329,3169329,8,4.814885700819964,quantum_sparse
4723841,4723841,2567930,2567930,9,4.8107529452211075,quantum_sparse
4723841,4723841,902149,902149,10,4.816027753674463,quantum_sparse
7572329,7572329,1693952,1693952,1,4.928929328918457,classical_active
7572329,7572329,1476636,1476636,2,4.8331074714660645,classical_active
7572329,7572329,68680,68680,3,4.820023536682129,classical_active
7572329,7572329,4277437,4277437,4,4.815774917602539,classical_active
7572329,7572329,564608,564608,5,4.817514896392822,classical_active
7572329,7572329,1486445,1486445,6,4.818626403808594,classical_active
7572329,7572329,294601,294601,7,4.805500507354736,classical_active
7572329,7572329,3169329,3169329,8,4.802013397216797,classical_active
7572329,7572329,2567930,2567930,9,4.797584533691406,classical_active
7572329,7572329,902149,902149,10,4.801002025604248,classical_active
7434746,7434746,1693952,1693952,1,4.944840886174295,quantum_sparse
7434746,7434746,1476636,1476636,2,4.849749455309224,quantum_sparse
7434746,7434746,68680,68680,3,4.836067694290232,quantum_sparse
7434746,7434746,564608,564608,4,4.8340236458351535,quantum_sparse
7434746,7434746,4277437,4277437,5,4.8293304986957,quantum_sparse
7434746,7434746,1486445,1486445,6,4.832330772487812,quantum_sparse
7434746,7434746,294601,294601,7,4.820640704730691,quantum_sparse
7434746,7434746,3169329,3169329,8,4.814885700819964,quantum_sparse
7434746,7434746,2567930,2567930,9,4.8107529452211075,quantum_sparse
7434746,7434746,902149,902149,10,4.816027753674463,quantum_sparse
667327,667327,1693952,1693952,1,4.944840886174295,quantum_sparse
667327,667327,1476636,1476636,2,4.849749455309224,quantum_sparse
667327,667327,68680,68680,3,4.836067694290232,quantum_sparse
667327,667327,564608,564608,4,4.8340236458351535,quantum_sparse
667327,667327,4277437,4277437,5,4.8293304986957,quantum_sparse
667327,667327,1486445,1486445,6,4.832330772487812,quantum_sparse
667327,667327,294601,294601,7,4.820640704730691,quantum_sparse
667327,667327,3169329,3169329,8,4.814885700819964,quantum_sparse
667327,667327,2567930,2567930,9,4.8107529452211075,quantum_sparse
667327,667327,902149,902149,10,4.816027753674463,quantum_sparse
1063670,1063670,1693952,1693952,1,4.928929328918457,classical_active
1063670,1063670,1476636,1476636,2,4.8331074714660645,classical_active
1063670,1063670,68680,68680,3,4.820023536682129,classical_active
1063670,1063670,4277437,4277437,4,4.815774917602539,classical_active
1063670,1063670,564608,564608,5,4.817514896392822,classical_active
1063670,1063670,1486445,1486445,6,4.818626403808594,classical_active
1063670,1063670,294601,294601,7,4.805500507354736,classical_active
1063670,1063670,3169329,3169329,8,4.802013397216797,classical_active
1063670,1063670,2567930,2567930,9,4.797584533691406,classical_active
1063670,1063670,902149,902149,10,4.801002025604248,classical_active
4499149,4499149,1693952,1693952,1,4.944840886174295,quantum_sparse
4499149,4499149,1476636,1476636,2,4.849749455309224,quantum_sparse
4499149,4499149,68680,68680,3,4.836067694290232,quantum_sparse
4499149,4499149,564608,564608,4,4.8340236458351535,quantum_sparse
4499149,4499149,4277437,4277437,5,4.8293304986957,quantum_sparse
4499149,4499149,1486445,1486445,6,4.832330772487812,quantum_sparse
4499149,4499149,294601,294601,7,4.820640704730691,quantum_sparse
4499149,4499149,3169329,3169329,8,4.814885700819964,quantum_sparse
4499149,4499149,2567930,2567930,9,4.8107529452211075,quantum_sparse
4499149,4499149,902149,902149,10,4.816027753674463,quantum_sparse
9245103,9245103,1693952,1693952,1,4.928929328918457,classical_active
9245103,9245103,1476636,1476636,2,4.8331074714660645,classical_active
9245103,9245103,68680,68680,3,4.820023536682129,classical_active
9245103,9245103,4277437,4277437,4,4.815774917602539,classical_active
9245103,9245103,564608,564608,5,4.817514896392822,classical_active
9245103,9245103,1486445,1486445,6,4.818626403808594,classical_active
9245103,9245103,294601,294601,7,4.805500507354736,classical_active
9245103,9245103,3169329,3169329,8,4.802013397216797,classical_active
9245103,9245103,2567930,2567930,9,4.797584533691406,classical_active
9245103,9245103,902149,902149,10,4.801002025604248,classical_active
3488795,3488795,1693952,1693952,1,4.928929328918457,classical_active
3488795,3488795,1476636,1476636,2,4.8331074714660645,classical_active
3488795,3488795,68680,68680,3,4.820023536682129,classical_active
3488795,3488795,4277437,4277437,4,4.815774917602539,classical_active
3488795,3488795,564608,564608,5,4.817514896392822,classical_active
3488795,3488795,1486445,1486445,6,4.818626403808594,classical_active
3488795,3488795,294601,294601,7,4.805500507354736,classical_active
3488795,3488795,3169329,3169329,8,4.802013397216797,classical_active
3488795,3488795,2567930,2567930,9,4.797584533691406,classical_active
3488795,3488795,902149,902149,10,4.801002025604248,classical_active
3814606,3814606,1693952,1693952,1,4.944840886174295,quantum_sparse
3814606,3814606,1476636,1476636,2,4.849749455309224,quantum_sparse
3814606,3814606,68680,68680,3,4.836067694290232,quantum_sparse
3814606,3814606,564608,564608,4,4.8340236458351535,quantum_sparse
3814606,3814606,4277437,4277437,5,4.8293304986957,quantum_sparse
3814606,3814606,1486445,1486445,6,4.832330772487812,quantum_sparse
3814606,3814606,294601,294601,7,4.820640704730691,quantum_sparse
3814606,3814606,3169329,3169329,8,4.814885700819964,quantum_sparse
3814606,3814606,2567930,2567930,9,4.8107529452211075,quantum_sparse
3814606,3814606,902149,902149,10,4.816027753674463,quantum_sparse
7207571,7207571,1693952,1693952,1,4.944840886174295,quantum_sparse
7207571,7207571,1476636,1476636,2,4.849749455309224,quantum_sparse
7207571,7207571,68680,68680,3,4.836067694290232,quantum_sparse
7207571,7207571,564608,564608,4,4.8340236458351535,quantum_sparse
7207571,7207571,4277437,4277437,5,4.8293304986957,quantum_sparse
7207571,7207571,1486445,1486445,6,4.832330772487812,quantum_sparse
7207571,7207571,294601,294601,7,4.820640704730691,quantum_sparse
7207571,7207571,3169329,3169329,8,4.814885700819964,quantum_sparse
7207571,7207571,2567930,2567930,9,4.8107529452211075,quantum_sparse
7207571,7207571,902149,902149,10,4.816027753674463,quantum_sparse
813823,813823,1693952,1693952,1,4.944840886174295,quantum_sparse
813823,813823,1476636,1476636,2,4.849749455309224,quantum_sparse
813823,813823,68680,68680,3,4.836067694290232,quantum_sparse
813823,813823,564608,564608,4,4.8340236458351535,quantum_sparse
813823,813823,4277437,4277437,5,4.8293304986957,quantum_sparse
813823,813823,1486445,1486445,6,4.832330772487812,quantum_sparse
813823,813823,294601,294601,7,4.820640704730691,quantum_sparse
813823,813823,3169329,3169329,8,4.814885700819964,quantum_sparse
813823,813823,2567930,2567930,9,4.8107529452211075,quantum_sparse
813823,813823,902149,902149,10,4.816027753674463,quantum_sparse
234928,234928,1693952,1693952,1,4.944840886174295,quantum_sparse
234928,234928,1476636,1476636,2,4.849749455309224,quantum_sparse
234928,234928,68680,68680,3,4.836067694290232,quantum_sparse
234928,234928,564608,564608,4,4.8340236458351535,quantum_sparse
234928,234928,4277437,4277437,5,4.8293304986957,quantum_sparse
234928,234928,1486445,1486445,6,4.832330772487812,quantum_sparse
234928,234928,294601,294601,7,4.820640704730691,quantum_sparse
234928,234928,3169329,3169329,8,4.814885700819964,quantum_sparse
234928,234928,2567930,2567930,9,4.8107529452211075,quantum_sparse
234928,234928,902149,902149,10,4.816027753674463,quantum_sparse
5009692,5009692,1693952,1693952,1,4.944840886174295,quantum_sparse
5009692,5009692,1476636,1476636,2,4.849749455309224,quantum_sparse
5009692,5009692,68680,68680,3,4.836067694290232,quantum_sparse
5009692,5009692,564608,564608,4,4.8340236458351535,quantum_sparse
5009692,5009692,4277437,4277437,5,4.8293304986957,quantum_sparse
5009692,5009692,1486445,1486445,6,4.832330772487812,quantum_sparse
5009692,5009692,294601,294601,7,4.820640704730691,quantum_sparse
5009692,5009692,3169329,3169329,8,4.814885700819964,quantum_sparse
5009692,5009692,2567930,2567930,9,4.8107529452211075,quantum_sparse
5009692,5009692,902149,902149,10,4.816027753674463,quantum_sparse
1567934,1567934,1693952,1693952,1,4.944840886174295,quantum_sparse
1567934,1567934,1476636,1476636,2,4.849749455309224,quantum_sparse
1567934,1567934,68680,68680,3,4.836067694290232,quantum_sparse
1567934,1567934,564608,564608,4,4.8340236458351535,quantum_sparse
1567934,1567934,4277437,4277437,5,4.8293304986957,quantum_sparse
1567934,1567934,1486445,1486445,6,4.832330772487812,quantum_sparse
1567934,1567934,294601,294601,7,4.820640704730691,quantum_sparse
1567934,1567934,3169329,3169329,8,4.814885700819964,quantum_sparse
1567934,1567934,2567930,2567930,9,4.8107529452211075,quantum_sparse
1567934,1567934,902149,902149,10,4.816027753674463,quantum_sparse
4183764,4183764,1693952,1693952,1,4.928929328918457,classical_active
4183764,4183764,1476636,1476636,2,4.8331074714660645,classical_active
4183764,4183764,68680,68680,3,4.820023536682129,classical_active
4183764,4183764,4277437,4277437,4,4.815774917602539,classical_active
4183764,4183764,564608,564608,5,4.817514896392822,classical_active
4183764,4183764,1486445,1486445,6,4.818626403808594,classical_active
4183764,4183764,294601,294601,7,4.805500507354736,classical_active
4183764,4183764,3169329,3169329,8,4.802013397216797,classical_active
4183764,4183764,2567930,2567930,9,4.797584533691406,classical_active
4183764,4183764,902149,902149,10,4.801002025604248,classical_active
4563705,4563705,1693952,1693952,1,4.944840886174295,quantum_sparse
4563705,4563705,1476636,1476636,2,4.849749455309224,quantum_sparse
4563705,4563705,68680,68680,3,4.836067694290232,quantum_sparse
4563705,4563705,564608,564608,4,4.8340236458351535,quantum_sparse
4563705,4563705,4277437,4277437,5,4.8293304986957,quantum_sparse
4563705,4563705,1486445,1486445,6,4.832330772487812,quantum_sparse
4563705,4563705,294601,294601,7,4.820640704730691,quantum_sparse
4563705,4563705,3169329,3169329,8,4.814885700819964,quantum_sparse
4563705,4563705,2567930,2567930,9,4.8107529452211075,quantum_sparse
4563705,4563705,902149,902149,10,4.816027753674463,quantum_sparse
3441437,3441437,1693952,1693952,1,4.944840886174295,quantum_sparse
3441437,3441437,1476636,1476636,2,4.849749455309224,quantum_sparse
3441437,3441437,68680,68680,3,4.836067694290232,quantum_sparse
3441437,3441437,564608,564608,4,4.8340236458351535,quantum_sparse
3441437,3441437,4277437,4277437,5,4.8293304986957,quantum_sparse
3441437,3441437,1486445,1486445,6,4.832330772487812,quantum_sparse
3441437,3441437,294601,294601,7,4.820640704730691,quantum_sparse
3441437,3441437,3169329,3169329,8,4.814885700819964,quantum_sparse
3441437,3441437,2567930,2567930,9,4.8107529452211075,quantum_sparse
3441437,3441437,902149,902149,10,4.816027753674463,quantum_sparse
7171536,7171536,1693952,1693952,1,4.944840886174295,quantum_sparse
7171536,7171536,1476636,1476636,2,4.849749455309224,quantum_sparse
7171536,7171536,68680,68680,3,4.836067694290232,quantum_sparse
7171536,7171536,564608,564608,4,4.8340236458351535,quantum_sparse
7171536,7171536,4277437,4277437,5,4.8293304986957,quantum_sparse
7171536,7171536,1486445,1486445,6,4.832330772487812,quantum_sparse
7171536,7171536,294601,294601,7,4.820640704730691,quantum_sparse
7171536,7171536,3169329,3169329,8,4.814885700819964,quantum_sparse
7171536,7171536,2567930,2567930,9,4.8107529452211075,quantum_sparse
7171536,7171536,902149,902149,10,4.816027753674463,quantum_sparse
6837334,6837334,1693952,1693952,1,4.944840886174295,quantum_sparse
6837334,6837334,1476636,1476636,2,4.849749455309224,quantum_sparse
6837334,6837334,68680,68680,3,4.836067694290232,quantum_sparse
6837334,6837334,564608,564608,4,4.8340236458351535,quantum_sparse
6837334,6837334,4277437,4277437,5,4.8293304986957,quantum_sparse
6837334,6837334,1486445,1486445,6,4.832330772487812,quantum_sparse
6837334,6837334,294601,294601,7,4.820640704730691,quantum_sparse
6837334,6837334,3169329,3169329,8,4.814885700819964,quantum_sparse
6837334,6837334,2567930,2567930,9,4.8107529452211075,quantum_sparse
6837334,6837334,902149,902149,10,4.816027753674463,quantum_sparse
599183,599183,1693952,1693952,1,4.944840886174295,quantum_sparse
599183,599183,1476636,1476636,2,4.849749455309224,quantum_sparse
599183,599183,68680,68680,3,4.836067694290232,quantum_sparse
599183,599183,564608,564608,4,4.8340236458351535,quantum_sparse
599183,599183,4277437,4277437,5,4.8293304986957,quantum_sparse
599183,599183,1486445,1486445,6,4.832330772487812,quantum_sparse
599183,599183,294601,294601,7,4.820640704730691,quantum_sparse
599183,599183,3169329,3169329,8,4.814885700819964,quantum_sparse
599183,599183,2567930,2567930,9,4.8107529452211075,quantum_sparse
599183,599183,902149,902149,10,4.816027753674463,quantum_sparse
7036374,7036374,1693952,1693952,1,4.944840886174295,quantum_sparse
7036374,7036374,1476636,1476636,2,4.849749455309224,quantum_sparse
7036374,7036374,68680,68680,3,4.836067694290232,quantum_sparse
7036374,7036374,564608,564608,4,4.8340236458351535,quantum_sparse
7036374,7036374,4277437,4277437,5,4.8293304986957,quantum_sparse
7036374,7036374,1486445,1486445,6,4.832330772487812,quantum_sparse
7036374,7036374,294601,294601,7,4.820640704730691,quantum_sparse
7036374,7036374,3169329,3169329,8,4.814885700819964,quantum_sparse
7036374,7036374,2567930,2567930,9,4.8107529452211075,quantum_sparse
7036374,7036374,902149,902149,10,4.816027753674463,quantum_sparse
8100781,8100781,1693952,1693952,1,4.944840886174295,quantum_sparse
8100781,8100781,1476636,1476636,2,4.849749455309224,quantum_sparse
8100781,8100781,68680,68680,3,4.836067694290232,quantum_sparse
8100781,8100781,564608,564608,4,4.8340236458351535,quantum_sparse
8100781,8100781,4277437,4277437,5,4.8293304986957,quantum_sparse
8100781,8100781,1486445,1486445,6,4.832330772487812,quantum_sparse
8100781,8100781,294601,294601,7,4.820640704730691,quantum_sparse
8100781,8100781,3169329,3169329,8,4.814885700819964,quantum_sparse
8100781,8100781,2567930,2567930,9,4.8107529452211075,quantum_sparse
8100781,8100781,902149,902149,10,4.816027753674463,quantum_sparse
6554924,6554924,1693952,1693952,1,4.944840886174295,quantum_sparse
6554924,6554924,1476636,1476636,2,4.849749455309224,quantum_sparse
6554924,6554924,68680,68680,3,4.836067694290232,quantum_sparse
6554924,6554924,564608,564608,4,4.8340236458351535,quantum_sparse
6554924,6554924,4277437,4277437,5,4.8293304986957,quantum_sparse
6554924,6554924,1486445,1486445,6,4.832330772487812,quantum_sparse
6554924,6554924,294601,294601,7,4.820640704730691,quantum_sparse
6554924,6554924,3169329,3169329,8,4.814885700819964,quantum_sparse
6554924,6554924,2567930,2567930,9,4.8107529452211075,quantum_sparse
6554924,6554924,902149,902149,10,4.816027753674463,quantum_sparse
6974802,6974802,1693952,1693952,1,4.944840886174295,quantum_sparse
6974802,6974802,1476636,1476636,2,4.849749455309224,quantum_sparse
6974802,6974802,68680,68680,3,4.836067694290232,quantum_sparse
6974802,6974802,564608,564608,4,4.8340236458351535,quantum_sparse
6974802,6974802,4277437,4277437,5,4.8293304986957,quantum_sparse
6974802,6974802,1486445,1486445,6,4.832330772487812,quantum_sparse
6974802,6974802,294601,294601,7,4.820640704730691,quantum_sparse
6974802,6974802,3169329,3169329,8,4.814885700819964,quantum_sparse
6974802,6974802,2567930,2567930,9,4.8107529452211075,quantum_sparse
6974802,6974802,902149,902149,10,4.816027753674463,quantum_sparse
7029319,7029319,1693952,1693952,1,4.928929328918457,classical_active
7029319,7029319,1476636,1476636,2,4.8331074714660645,classical_active
7029319,7029319,68680,68680,3,4.820023536682129,classical_active
7029319,7029319,4277437,4277437,4,4.815774917602539,classical_active
7029319,7029319,564608,564608,5,4.817514896392822,classical_active
7029319,7029319,1486445,1486445,6,4.818626403808594,classical_active
7029319,7029319,294601,294601,7,4.805500507354736,classical_active
7029319,7029319,3169329,3169329,8,4.802013397216797,classical_active
7029319,7029319,2567930,2567930,9,4.797584533691406,classical_active
7029319,7029319,902149,902149,10,4.801002025604248,classical_active
449701,449701,1693952,1693952,1,4.928929328918457,classical_active
449701,449701,1476636,1476636,2,4.8331074714660645,classical_active
449701,449701,68680,68680,3,4.820023536682129,classical_active
449701,449701,4277437,4277437,4,4.815774917602539,classical_active
449701,449701,564608,564608,5,4.817514896392822,classical_active
449701,449701,1486445,1486445,6,4.818626403808594,classical_active
449701,449701,294601,294601,7,4.805500507354736,classical_active
449701,449701,3169329,3169329,8,4.802013397216797,classical_active
449701,449701,2567930,2567930,9,4.797584533691406,classical_active
449701,449701,902149,902149,10,4.801002025604248,classical_active
4601248,4601248,1693952,1693952,1,4.944840886174295,quantum_sparse
4601248,4601248,1476636,1476636,2,4.849749455309224,quantum_sparse
4601248,4601248,68680,68680,3,4.836067694290232,quantum_sparse
4601248,4601248,564608,564608,4,4.8340236458351535,quantum_sparse
4601248,4601248,4277437,4277437,5,4.8293304986957,quantum_sparse
4601248,4601248,1486445,1486445,6,4.832330772487812,quantum_sparse
4601248,4601248,294601,294601,7,4.820640704730691,quantum_sparse
4601248,4601248,3169329,3169329,8,4.814885700819964,quantum_sparse
4601248,4601248,2567930,2567930,9,4.8107529452211075,quantum_sparse
4601248,4601248,902149,902149,10,4.816027753674463,quantum_sparse
2969492,2969492,1693952,1693952,1,4.928929328918457,classical_active
2969492,2969492,1476636,1476636,2,4.8331074714660645,classical_active
2969492,2969492,68680,68680,3,4.820023536682129,classical_active
2969492,2969492,4277437,4277437,4,4.815774917602539,classical_active
2969492,2969492,564608,564608,5,4.817514896392822,classical_active
2969492,2969492,1486445,1486445,6,4.818626403808594,classical_active
2969492,2969492,294601,294601,7,4.805500507354736,classical_active
2969492,2969492,3169329,3169329,8,4.802013397216797,classical_active
2969492,2969492,2567930,2567930,9,4.797584533691406,classical_active
2969492,2969492,902149,902149,10,4.801002025604248,classical_active
8058136,8058136,1693952,1693952,1,4.944840886174295,quantum_sparse
8058136,8058136,1476636,1476636,2,4.849749455309224,quantum_sparse
8058136,8058136,68680,68680,3,4.836067694290232,quantum_sparse
8058136,8058136,564608,564608,4,4.8340236458351535,quantum_sparse
8058136,8058136,4277437,4277437,5,4.8293304986957,quantum_sparse
8058136,8058136,1486445,1486445,6,4.832330772487812,quantum_sparse
8058136,8058136,294601,294601,7,4.820640704730691,quantum_sparse
8058136,8058136,3169329,3169329,8,4.814885700819964,quantum_sparse
8058136,8058136,2567930,2567930,9,4.8107529452211075,quantum_sparse
8058136,8058136,902149,902149,10,4.816027753674463,quantum_sparse
9541291,9541291,1693952,1693952,1,4.944840886174295,quantum_sparse
9541291,9541291,1476636,1476636,2,4.849749455309224,quantum_sparse
9541291,9541291,68680,68680,3,4.836067694290232,quantum_sparse
9541291,9541291,564608,564608,4,4.8340236458351535,quantum_sparse
9541291,9541291,4277437,4277437,5,4.8293304986957,quantum_sparse
9541291,9541291,1486445,1486445,6,4.832330772487812,quantum_sparse
9541291,9541291,294601,294601,7,4.820640704730691,quantum_sparse
9541291,9541291,3169329,3169329,8,4.814885700819964,quantum_sparse
9541291,9541291,2567930,2567930,9,4.8107529452211075,quantum_sparse
9541291,9541291,902149,902149,10,4.816027753674463,quantum_sparse
9820135,9820135,1693952,1693952,1,4.944840886174295,quantum_sparse
9820135,9820135,1476636,1476636,2,4.849749455309224,quantum_sparse
9820135,9820135,68680,68680,3,4.836067694290232,quantum_sparse
9820135,9820135,564608,564608,4,4.8340236458351535,quantum_sparse
9820135,9820135,4277437,4277437,5,4.8293304986957,quantum_sparse
9820135,9820135,1486445,1486445,6,4.832330772487812,quantum_sparse
9820135,9820135,294601,294601,7,4.820640704730691,quantum_sparse
9820135,9820135,3169329,3169329,8,4.814885700819964,quantum_sparse
9820135,9820135,2567930,2567930,9,4.8107529452211075,quantum_sparse
9820135,9820135,902149,902149,10,4.816027753674463,quantum_sparse
5119674,5119674,1693952,1693952,1,4.944840886174295,quantum_sparse
5119674,5119674,1476636,1476636,2,4.849749455309224,quantum_sparse
5119674,5119674,68680,68680,3,4.836067694290232,quantum_sparse
5119674,5119674,564608,564608,4,4.8340236458351535,quantum_sparse
5119674,5119674,4277437,4277437,5,4.8293304986957,quantum_sparse
5119674,5119674,1486445,1486445,6,4.832330772487812,quantum_sparse
5119674,5119674,294601,294601,7,4.820640704730691,quantum_sparse
5119674,5119674,3169329,3169329,8,4.814885700819964,quantum_sparse
5119674,5119674,2567930,2567930,9,4.8107529452211075,quantum_sparse
5119674,5119674,902149,902149,10,4.816027753674463,quantum_sparse
5820116,5820116,1693952,1693952,1,4.944840886174295,quantum_sparse
5820116,5820116,1476636,1476636,2,4.849749455309224,quantum_sparse
5820116,5820116,68680,68680,3,4.836067694290232,quantum_sparse
5820116,5820116,564608,564608,4,4.8340236458351535,quantum_sparse
5820116,5820116,4277437,4277437,5,4.8293304986957,quantum_sparse
5820116,5820116,1486445,1486445,6,4.832330772487812,quantum_sparse
5820116,5820116,294601,294601,7,4.820640704730691,quantum_sparse
5820116,5820116,3169329,3169329,8,4.814885700819964,quantum_sparse
5820116,5820116,2567930,2567930,9,4.8107529452211075,quantum_sparse
5820116,5820116,902149,902149,10,4.816027753674463,quantum_sparse
917683,917683,1693952,1693952,1,4.944840886174295,quantum_sparse
917683,917683,1476636,1476636,2,4.849749455309224,quantum_sparse
917683,917683,68680,68680,3,4.836067694290232,quantum_sparse
917683,917683,564608,564608,4,4.8340236458351535,quantum_sparse
917683,917683,4277437,4277437,5,4.8293304986957,quantum_sparse
917683,917683,1486445,1486445,6,4.832330772487812,quantum_sparse
917683,917683,294601,294601,7,4.820640704730691,quantum_sparse
917683,917683,3169329,3169329,8,4.814885700819964,quantum_sparse
917683,917683,2567930,2567930,9,4.8107529452211075,quantum_sparse
917683,917683,902149,902149,10,4.816027753674463,quantum_sparse
1588049,1588049,1693952,1693952,1,4.928929328918457,classical_active
1588049,1588049,1476636,1476636,2,4.8331074714660645,classical_active
1588049,1588049,68680,68680,3,4.820023536682129,classical_active
1588049,1588049,4277437,4277437,4,4.815774917602539,classical_active
1588049,1588049,564608,564608,5,4.817514896392822,classical_active
1588049,1588049,1486445,1486445,6,4.818626403808594,classical_active
1588049,1588049,294601,294601,7,4.805500507354736,classical_active
1588049,1588049,3169329,3169329,8,4.802013397216797,classical_active
1588049,1588049,2567930,2567930,9,4.797584533691406,classical_active
1588049,1588049,902149,902149,10,4.801002025604248,classical_active
75626,75626,1693952,1693952,1,4.944840886174295,quantum_sparse
75626,75626,1476636,1476636,2,4.849749455309224,quantum_sparse
75626,75626,68680,68680,3,4.836067694290232,quantum_sparse
75626,75626,564608,564608,4,4.8340236458351535,quantum_sparse
75626,75626,4277437,4277437,5,4.8293304986957,quantum_sparse
75626,75626,1486445,1486445,6,4.832330772487812,quantum_sparse
75626,75626,294601,294601,7,4.820640704730691,quantum_sparse
75626,75626,3169329,3169329,8,4.814885700819964,quantum_sparse
75626,75626,2567930,2567930,9,4.8107529452211075,quantum_sparse
75626,75626,902149,902149,10,4.816027753674463,quantum_sparse
4635913,4635913,1693952,1693952,1,4.944840886174295,quantum_sparse
4635913,4635913,1476636,1476636,2,4.849749455309224,quantum_sparse
4635913,4635913,68680,68680,3,4.836067694290232,quantum_sparse
4635913,4635913,564608,564608,4,4.8340236458351535,quantum_sparse
4635913,4635913,4277437,4277437,5,4.8293304986957,quantum_sparse
4635913,4635913,1486445,1486445,6,4.832330772487812,quantum_sparse
4635913,4635913,294601,294601,7,4.820640704730691,quantum_sparse
4635913,4635913,3169329,3169329,8,4.814885700819964,quantum_sparse
4635913,4635913,2567930,2567930,9,4.8107529452211075,quantum_sparse
4635913,4635913,902149,902149,10,4.816027753674463,quantum_sparse
2060338,2060338,1693952,1693952,1,4.944840886174295,quantum_sparse
2060338,2060338,1476636,1476636,2,4.849749455309224,quantum_sparse
2060338,2060338,68680,68680,3,4.836067694290232,quantum_sparse
2060338,2060338,564608,564608,4,4.8340236458351535,quantum_sparse
2060338,2060338,4277437,4277437,5,4.8293304986957,quantum_sparse
2060338,2060338,1486445,1486445,6,4.832330772487812,quantum_sparse
2060338,2060338,294601,294601,7,4.820640704730691,quantum_sparse
2060338,2060338,3169329,3169329,8,4.814885700819964,quantum_sparse
2060338,2060338,2567930,2567930,9,4.8107529452211075,quantum_sparse
2060338,2060338,902149,902149,10,4.816027753674463,quantum_sparse
233908,233908,1693952,1693952,1,4.944840886174295,quantum_sparse
233908,233908,1476636,1476636,2,4.849749455309224,quantum_sparse
233908,233908,68680,68680,3,4.836067694290232,quantum_sparse
233908,233908,564608,564608,4,4.8340236458351535,quantum_sparse
233908,233908,4277437,4277437,5,4.8293304986957,quantum_sparse
233908,233908,1486445,1486445,6,4.832330772487812,quantum_sparse
233908,233908,294601,294601,7,4.820640704730691,quantum_sparse
233908,233908,3169329,3169329,8,4.814885700819964,quantum_sparse
233908,233908,2567930,2567930,9,4.8107529452211075,quantum_sparse
233908,233908,902149,902149,10,4.816027753674463,quantum_sparse
1178153,1178153,1693952,1693952,1,4.928929328918457,classical_active
1178153,1178153,1476636,1476636,2,4.8331074714660645,classical_active
1178153,1178153,68680,68680,3,4.820023536682129,classical_active
1178153,1178153,4277437,4277437,4,4.815774917602539,classical_active
1178153,1178153,564608,564608,5,4.817514896392822,classical_active
1178153,1178153,1486445,1486445,6,4.818626403808594,classical_active
1178153,1178153,294601,294601,7,4.805500507354736,classical_active
1178153,1178153,3169329,3169329,8,4.802013397216797,classical_active
1178153,1178153,2567930,2567930,9,4.797584533691406,classical_active
1178153,1178153,902149,902149,10,4.801002025604248,classical_active
4479368,4479368,1693952,1693952,1,4.928929328918457,classical_active
4479368,4479368,1476636,1476636,2,4.8331074714660645,classical_active
4479368,4479368,68680,68680,3,4.820023536682129,classical_active
4479368,4479368,4277437,4277437,4,4.815774917602539,classical_active
4479368,4479368,564608,564608,5,4.817514896392822,classical_active
4479368,4479368,1486445,1486445,6,4.818626403808594,classical_active
4479368,4479368,294601,294601,7,4.805500507354736,classical_active
4479368,4479368,3169329,3169329,8,4.802013397216797,classical_active
4479368,4479368,2567930,2567930,9,4.797584533691406,classical_active
4479368,4479368,902149,902149,10,4.801002025604248,classical_active
3526557,3526557,1693952,1693952,1,4.944840886174295,quantum_sparse
3526557,3526557,1476636,1476636,2,4.849749455309224,quantum_sparse
3526557,3526557,68680,68680,3,4.836067694290232,quantum_sparse
3526557,3526557,564608,564608,4,4.8340236458351535,quantum_sparse
3526557,3526557,4277437,4277437,5,4.8293304986957,quantum_sparse
3526557,3526557,1486445,1486445,6,4.832330772487812,quantum_sparse
3526557,3526557,294601,294601,7,4.820640704730691,quantum_sparse
3526557,3526557,3169329,3169329,8,4.814885700819964,quantum_sparse
3526557,3526557,2567930,2567930,9,4.8107529452211075,quantum_sparse
3526557,3526557,902149,902149,10,4.816027753674463,quantum_sparse
1657456,1657456,1693952,1693952,1,4.944840886174295,quantum_sparse
1657456,1657456,1476636,1476636,2,4.849749455309224,quantum_sparse
1657456,1657456,68680,68680,3,4.836067694290232,quantum_sparse
1657456,1657456,564608,564608,4,4.8340236458351535,quantum_sparse
1657456,1657456,4277437,4277437,5,4.8293304986957,quantum_sparse
1657456,1657456,1486445,1486445,6,4.832330772487812,quantum_sparse
1657456,1657456,294601,294601,7,4.820640704730691,quantum_sparse
1657456,1657456,3169329,3169329,8,4.814885700819964,quantum_sparse
1657456,1657456,2567930,2567930,9,4.8107529452211075,quantum_sparse
1657456,1657456,902149,902149,10,4.816027753674463,quantum_sparse
3216573,3216573,1693952,1693952,1,4.944840886174295,quantum_sparse
3216573,3216573,1476636,1476636,2,4.849749455309224,quantum_sparse
3216573,3216573,68680,68680,3,4.836067694290232,quantum_sparse
3216573,3216573,564608,564608,4,4.8340236458351535,quantum_sparse
3216573,3216573,4277437,4277437,5,4.8293304986957,quantum_sparse
3216573,3216573,1486445,1486445,6,4.832330772487812,quantum_sparse
3216573,3216573,294601,294601,7,4.820640704730691,quantum_sparse
3216573,3216573,3169329,3169329,8,4.814885700819964,quantum_sparse
3216573,3216573,2567930,2567930,9,4.8107529452211075,quantum_sparse
3216573,3216573,902149,902149,10,4.816027753674463,quantum_sparse
4592459,4592459,1693952,1693952,1,4.928929328918457,classical_active
4592459,4592459,1476636,1476636,2,4.8331074714660645,classical_active
4592459,4592459,68680,68680,3,4.820023536682129,classical_active
4592459,4592459,4277437,4277437,4,4.815774917602539,classical_active
4592459,4592459,564608,564608,5,4.817514896392822,classical_active
4592459,4592459,1486445,1486445,6,4.818626403808594,classical_active
4592459,4592459,294601,294601,7,4.805500507354736,classical_active
4592459,4592459,3169329,3169329,8,4.802013397216797,classical_active
4592459,4592459,2567930,2567930,9,4.797584533691406,classical_active
4592459,4592459,902149,902149,10,4.801002025604248,classical_active
4754614,4754614,1693952,1693952,1,4.944840886174295,quantum_sparse
4754614,4754614,1476636,1476636,2,4.849749455309224,quantum_sparse
4754614,4754614,68680,68680,3,4.836067694290232,quantum_sparse
4754614,4754614,564608,564608,4,4.8340236458351535,quantum_sparse
4754614,4754614,4277437,4277437,5,4.8293304986957,quantum_sparse
4754614,4754614,1486445,1486445,6,4.832330772487812,quantum_sparse
4754614,4754614,294601,294601,7,4.820640704730691,quantum_sparse
4754614,4754614,3169329,3169329,8,4.814885700819964,quantum_sparse
4754614,4754614,2567930,2567930,9,4.8107529452211075,quantum_sparse
4754614,4754614,902149,902149,10,4.816027753674463,quantum_sparse
317374,317374,1693952,1693952,1,4.944840886174295,quantum_sparse
317374,317374,1476636,1476636,2,4.849749455309224,quantum_sparse
317374,317374,68680,68680,3,4.836067694290232,quantum_sparse
317374,317374,564608,564608,4,4.8340236458351535,quantum_sparse
317374,317374,4277437,4277437,5,4.8293304986957,quantum_sparse
317374,317374,1486445,1486445,6,4.832330772487812,quantum_sparse
317374,317374,294601,294601,7,4.820640704730691,quantum_sparse
317374,317374,3169329,3169329,8,4.814885700819964,quantum_sparse
317374,317374,2567930,2567930,9,4.8107529452211075,quantum_sparse
317374,317374,902149,902149,10,4.816027753674463,quantum_sparse
10220650,10220650,1693952,1693952,1,4.944840886174295,quantum_sparse
10220650,10220650,1476636,1476636,2,4.849749455309224,quantum_sparse
10220650,10220650,68680,68680,3,4.836067694290232,quantum_sparse
10220650,10220650,564608,564608,4,4.8340236458351535,quantum_sparse
10220650,10220650,4277437,4277437,5,4.8293304986957,quantum_sparse
10220650,10220650,1486445,1486445,6,4.832330772487812,quantum_sparse
10220650,10220650,294601,294601,7,4.820640704730691,quantum_sparse
10220650,10220650,3169329,3169329,8,4.814885700819964,quantum_sparse
10220650,10220650,2567930,2567930,9,4.8107529452211075,quantum_sparse
10220650,10220650,902149,902149,10,4.816027753674463,quantum_sparse
2458571,2458571,1693952,1693952,1,4.944840886174295,quantum_sparse
2458571,2458571,1476636,1476636,2,4.849749455309224,quantum_sparse
2458571,2458571,68680,68680,3,4.836067694290232,quantum_sparse
2458571,2458571,564608,564608,4,4.8340236458351535,quantum_sparse
2458571,2458571,4277437,4277437,5,4.8293304986957,quantum_sparse
2458571,2458571,1486445,1486445,6,4.832330772487812,quantum_sparse
2458571,2458571,294601,294601,7,4.820640704730691,quantum_sparse
2458571,2458571,3169329,3169329,8,4.814885700819964,quantum_sparse
2458571,2458571,2567930,2567930,9,4.8107529452211075,quantum_sparse
2458571,2458571,902149,902149,10,4.816027753674463,quantum_sparse
8069912,8069912,1693952,1693952,1,4.944840886174295,quantum_sparse
8069912,8069912,1476636,1476636,2,4.849749455309224,quantum_sparse
8069912,8069912,68680,68680,3,4.836067694290232,quantum_sparse
8069912,8069912,564608,564608,4,4.8340236458351535,quantum_sparse
8069912,8069912,4277437,4277437,5,4.8293304986957,quantum_sparse
8069912,8069912,1486445,1486445,6,4.832330772487812,quantum_sparse
8069912,8069912,294601,294601,7,4.820640704730691,quantum_sparse
8069912,8069912,3169329,3169329,8,4.814885700819964,quantum_sparse
8069912,8069912,2567930,2567930,9,4.8107529452211075,quantum_sparse
8069912,8069912,902149,902149,10,4.816027753674463,quantum_sparse
356915,356915,1693952,1693952,1,4.944840886174295,quantum_sparse
356915,356915,1476636,1476636,2,4.849749455309224,quantum_sparse
356915,356915,68680,68680,3,4.836067694290232,quantum_sparse
356915,356915,564608,564608,4,4.8340236458351535,quantum_sparse
356915,356915,4277437,4277437,5,4.8293304986957,quantum_sparse
356915,356915,1486445,1486445,6,4.832330772487812,quantum_sparse
356915,356915,294601,294601,7,4.820640704730691,quantum_sparse
356915,356915,3169329,3169329,8,4.814885700819964,quantum_sparse
356915,356915,2567930,2567930,9,4.8107529452211075,quantum_sparse
356915,356915,902149,902149,10,4.816027753674463,quantum_sparse
6976389,6976389,1693952,1693952,1,4.944840886174295,quantum_sparse
6976389,6976389,1476636,1476636,2,4.849749455309224,quantum_sparse
6976389,6976389,68680,68680,3,4.836067694290232,quantum_sparse
6976389,6976389,564608,564608,4,4.8340236458351535,quantum_sparse
6976389,6976389,4277437,4277437,5,4.8293304986957,quantum_sparse
6976389,6976389,1486445,1486445,6,4.832330772487812,quantum_sparse
6976389,6976389,294601,294601,7,4.820640704730691,quantum_sparse
6976389,6976389,3169329,3169329,8,4.814885700819964,quantum_sparse
6976389,6976389,2567930,2567930,9,4.8107529452211075,quantum_sparse
6976389,6976389,902149,902149,10,4.816027753674463,quantum_sparse
7380488,7380488,1693952,1693952,1,4.928929328918457,classical_active
7380488,7380488,1476636,1476636,2,4.8331074714660645,classical_active
7380488,7380488,68680,68680,3,4.820023536682129,classical_active
7380488,7380488,4277437,4277437,4,4.815774917602539,classical_active
7380488,7380488,564608,564608,5,4.817514896392822,classical_active
7380488,7380488,1486445,1486445,6,4.818626403808594,classical_active
7380488,7380488,294601,294601,7,4.805500507354736,classical_active
7380488,7380488,3169329,3169329,8,4.802013397216797,classical_active
7380488,7380488,2567930,2567930,9,4.797584533691406,classical_active
7380488,7380488,902149,902149,10,4.801002025604248,classical_active
6893670,6893670,1693952,1693952,1,4.944840886174295,quantum_sparse
6893670,6893670,1476636,1476636,2,4.849749455309224,quantum_sparse
6893670,6893670,68680,68680,3,4.836067694290232,quantum_sparse
6893670,6893670,564608,564608,4,4.8340236458351535,quantum_sparse
6893670,6893670,4277437,4277437,5,4.8293304986957,quantum_sparse
6893670,6893670,1486445,1486445,6,4.832330772487812,quantum_sparse
6893670,6893670,294601,294601,7,4.820640704730691,quantum_sparse
6893670,6893670,3768724,3768724,8,4.8209540227887135,quantum_sparse
6893670,6893670,3169329,3169329,9,4.814885700819964,quantum_sparse
6893670,6893670,2567930,2567930,10,4.8107529452211075,quantum_sparse
5051706,5051706,1693952,1693952,1,4.928929328918457,classical_active
5051706,5051706,1476636,1476636,2,4.8331074714660645,classical_active
5051706,5051706,68680,68680,3,4.820023536682129,classical_active
5051706,5051706,4277437,4277437,4,4.815774917602539,classical_active
5051706,5051706,564608,564608,5,4.817514896392822,classical_active
5051706,5051706,1486445,1486445,6,4.818626403808594,classical_active
5051706,5051706,294601,294601,7,4.805500507354736,classical_active
5051706,5051706,3169329,3169329,8,4.802013397216797,classical_active
5051706,5051706,2567930,2567930,9,4.797584533691406,classical_active
5051706,5051706,902149,902149,10,4.801002025604248,classical_active
4302553,4302553,1693952,1693952,1,4.944840886174295,quantum_sparse
4302553,4302553,1476636,1476636,2,4.849749455309224,quantum_sparse
4302553,4302553,68680,68680,3,4.836067694290232,quantum_sparse
4302553,4302553,564608,564608,4,4.8340236458351535,quantum_sparse
4302553,4302553,4277437,4277437,5,4.8293304986957,quantum_sparse
4302553,4302553,1486445,1486445,6,4.832330772487812,quantum_sparse
4302553,4302553,294601,294601,7,4.820640704730691,quantum_sparse
4302553,4302553,3169329,3169329,8,4.814885700819964,quantum_sparse
4302553,4302553,2567930,2567930,9,4.8107529452211075,quantum_sparse
4302553,4302553,902149,902149,10,4.816027753674463,quantum_sparse
9193216,9193216,1693952,1693952,1,4.944840886174295,quantum_sparse
9193216,9193216,1476636,1476636,2,4.849749455309224,quantum_sparse
9193216,9193216,68680,68680,3,4.836067694290232,quantum_sparse
9193216,9193216,564608,564608,4,4.8340236458351535,quantum_sparse
9193216,9193216,4277437,4277437,5,4.8293304986957,quantum_sparse
9193216,9193216,1486445,1486445,6,4.832330772487812,quantum_sparse
9193216,9193216,294601,294601,7,4.820640704730691,quantum_sparse
9193216,9193216,3169329,3169329,8,4.814885700819964,quantum_sparse
9193216,9193216,2567930,2567930,9,4.8107529452211075,quantum_sparse
9193216,9193216,902149,902149,10,4.816027753674463,quantum_sparse
6812688,6812688,1693952,1693952,1,4.928929328918457,classical_active
6812688,6812688,1476636,1476636,2,4.8331074714660645,classical_active
6812688,6812688,68680,68680,3,4.820023536682129,classical_active
6812688,6812688,4277437,4277437,4,4.815774917602539,classical_active
6812688,6812688,564608,564608,5,4.817514896392822,classical_active
6812688,6812688,1486445,1486445,6,4.818626403808594,classical_active
6812688,6812688,294601,294601,7,4.805500507354736,classical_active
6812688,6812688,3169329,3169329,8,4.802013397216797,classical_active
6812688,6812688,2567930,2567930,9,4.797584533691406,classical_active
6812688,6812688,902149,902149,10,4.801002025604248,classical_active
9868714,9868714,1693952,1693952,1,4.944840886174295,quantum_sparse
9868714,9868714,1476636,1476636,2,4.849749455309224,quantum_sparse
9868714,9868714,68680,68680,3,4.836067694290232,quantum_sparse
9868714,9868714,564608,564608,4,4.8340236458351535,quantum_sparse
9868714,9868714,4277437,4277437,5,4.8293304986957,quantum_sparse
9868714,9868714,1486445,1486445,6,4.832330772487812,quantum_sparse
9868714,9868714,294601,294601,7,4.820640704730691,quantum_sparse
9868714,9868714,3169329,3169329,8,4.814885700819964,quantum_sparse
9868714,9868714,2567930,2567930,9,4.8107529452211075,quantum_sparse
9868714,9868714,902149,902149,10,4.816027753674463,quantum_sparse
7833794,7833794,1693952,1693952,1,4.944840886174295,quantum_sparse
7833794,7833794,1476636,1476636,2,4.849749455309224,quantum_sparse
7833794,7833794,68680,68680,3,4.836067694290232,quantum_sparse
7833794,7833794,564608,564608,4,4.8340236458351535,quantum_sparse
7833794,7833794,4277437,4277437,5,4.8293304986957,quantum_sparse
7833794,7833794,1486445,1486445,6,4.832330772487812,quantum_sparse
7833794,7833794,294601,294601,7,4.820640704730691,quantum_sparse
7833794,7833794,3169329,3169329,8,4.814885700819964,quantum_sparse
7833794,7833794,2567930,2567930,9,4.8107529452211075,quantum_sparse
7833794,7833794,902149,902149,10,4.816027753674463,quantum_sparse
5630573,5630573,1693952,1693952,1,4.944840886174295,quantum_sparse
5630573,5630573,1476636,1476636,2,4.849749455309224,quantum_sparse
5630573,5630573,68680,68680,3,4.836067694290232,quantum_sparse
5630573,5630573,564608,564608,4,4.8340236458351535,quantum_sparse
5630573,5630573,4277437,4277437,5,4.8293304986957,quantum_sparse
5630573,5630573,1486445,1486445,6,4.832330772487812,quantum_sparse
5630573,5630573,294601,294601,7,4.820640704730691,quantum_sparse
5630573,5630573,3169329,3169329,8,4.814885700819964,quantum_sparse
5630573,5630573,2567930,2567930,9,4.8107529452211075,quantum_sparse
5630573,5630573,902149,902149,10,4.816027753674463,quantum_sparse
5963174,5963174,1693952,1693952,1,4.944840886174295,quantum_sparse
5963174,5963174,1476636,1476636,2,4.849749455309224,quantum_sparse
5963174,5963174,68680,68680,3,4.836067694290232,quantum_sparse
5963174,5963174,564608,564608,4,4.8340236458351535,quantum_sparse
5963174,5963174,4277437,4277437,5,4.8293304986957,quantum_sparse
5963174,5963174,1486445,1486445,6,4.832330772487812,quantum_sparse
5963174,5963174,294601,294601,7,4.820640704730691,quantum_sparse
5963174,5963174,3169329,3169329,8,4.814885700819964,quantum_sparse
5963174,5963174,2567930,2567930,9,4.8107529452211075,quantum_sparse
5963174,5963174,902149,902149,10,4.816027753674463,quantum_sparse
5150360,5150360,1693952,1693952,1,4.944840886174295,quantum_sparse
5150360,5150360,1476636,1476636,2,4.849749455309224,quantum_sparse
5150360,5150360,68680,68680,3,4.836067694290232,quantum_sparse
5150360,5150360,564608,564608,4,4.8340236458351535,quantum_sparse
5150360,5150360,4277437,4277437,5,4.8293304986957,quantum_sparse
5150360,5150360,1486445,1486445,6,4.832330772487812,quantum_sparse
5150360,5150360,294601,294601,7,4.820640704730691,quantum_sparse
5150360,5150360,3169329,3169329,8,4.814885700819964,quantum_sparse
5150360,5150360,2567930,2567930,9,4.8107529452211075,quantum_sparse
5150360,5150360,902149,902149,10,4.816027753674463,quantum_sparse
4765500,4765500,1693952,1693952,1,4.944840886174295,quantum_sparse
4765500,4765500,1476636,1476636,2,4.849749455309224,quantum_sparse
4765500,4765500,68680,68680,3,4.836067694290232,quantum_sparse
4765500,4765500,564608,564608,4,4.8340236458351535,quantum_sparse
4765500,4765500,4277437,4277437,5,4.8293304986957,quantum_sparse
4765500,4765500,1486445,1486445,6,4.832330772487812,quantum_sparse
4765500,4765500,294601,294601,7,4.820640704730691,quantum_sparse
4765500,4765500,3169329,3169329,8,4.814885700819964,quantum_sparse
4765500,4765500,2567930,2567930,9,4.8107529452211075,quantum_sparse
4765500,4765500,902149,902149,10,4.816027753674463,quantum_sparse
7427274,7427274,1693952,1693952,1,4.944840886174295,quantum_sparse
7427274,7427274,1476636,1476636,2,4.849749455309224,quantum_sparse
7427274,7427274,68680,68680,3,4.836067694290232,quantum_sparse
7427274,7427274,564608,564608,4,4.8340236458351535,quantum_sparse
7427274,7427274,4277437,4277437,5,4.8293304986957,quantum_sparse
7427274,7427274,1486445,1486445,6,4.832330772487812,quantum_sparse
7427274,7427274,294601,294601,7,4.820640704730691,quantum_sparse
7427274,7427274,3169329,3169329,8,4.814885700819964,quantum_sparse
7427274,7427274,2567930,2567930,9,4.8107529452211075,quantum_sparse
7427274,7427274,902149,902149,10,4.816027753674463,quantum_sparse
3577489,3577489,1693952,1693952,1,4.944840886174295,quantum_sparse
3577489,3577489,1476636,1476636,2,4.849749455309224,quantum_sparse
3577489,3577489,68680,68680,3,4.836067694290232,quantum_sparse
3577489,3577489,564608,564608,4,4.8340236458351535,quantum_sparse
3577489,3577489,4277437,4277437,5,4.8293304986957,quantum_sparse
3577489,3577489,1486445,1486445,6,4.832330772487812,quantum_sparse
3577489,3577489,294601,294601,7,4.820640704730691,quantum_sparse
3577489,3577489,3169329,3169329,8,4.814885700819964,quantum_sparse
3577489,3577489,2567930,2567930,9,4.8107529452211075,quantum_sparse
3577489,3577489,902149,902149,10,4.816027753674463,quantum_sparse
7167042,7167042,1693952,1693952,1,4.928929328918457,classical_active
7167042,7167042,1476636,1476636,2,4.8331074714660645,classical_active
7167042,7167042,68680,68680,3,4.820023536682129,classical_active
7167042,7167042,4277437,4277437,4,4.815774917602539,classical_active
7167042,7167042,564608,564608,5,4.817514896392822,classical_active
7167042,7167042,1486445,1486445,6,4.818626403808594,classical_active
7167042,7167042,294601,294601,7,4.805500507354736,classical_active
7167042,7167042,3169329,3169329,8,4.802013397216797,classical_active
7167042,7167042,2567930,2567930,9,4.797584533691406,classical_active
7167042,7167042,902149,902149,10,4.801002025604248,classical_active
4625572,4625572,1693952,1693952,1,4.944840886174295,quantum_sparse
4625572,4625572,1476636,1476636,2,4.849749455309224,quantum_sparse
4625572,4625572,68680,68680,3,4.836067694290232,quantum_sparse
4625572,4625572,564608,564608,4,4.8340236458351535,quantum_sparse
4625572,4625572,4277437,4277437,5,4.8293304986957,quantum_sparse
4625572,4625572,1486445,1486445,6,4.832330772487812,quantum_sparse
4625572,4625572,294601,294601,7,4.820640704730691,quantum_sparse
4625572,4625572,3169329,3169329,8,4.814885700819964,quantum_sparse
4625572,4625572,2567930,2567930,9,4.8107529452211075,quantum_sparse
4625572,4625572,902149,902149,10,4.816027753674463,quantum_sparse
5982007,5982007,1693952,1693952,1,4.944840886174295,quantum_sparse
5982007,5982007,1476636,1476636,2,4.849749455309224,quantum_sparse
5982007,5982007,68680,68680,3,4.836067694290232,quantum_sparse
5982007,5982007,564608,564608,4,4.8340236458351535,quantum_sparse
5982007,5982007,4277437,4277437,5,4.8293304986957,quantum_sparse
5982007,5982007,1486445,1486445,6,4.832330772487812,quantum_sparse
5982007,5982007,294601,294601,7,4.820640704730691,quantum_sparse
5982007,5982007,3169329,3169329,8,4.814885700819964,quantum_sparse
5982007,5982007,2567930,2567930,9,4.8107529452211075,quantum_sparse
5982007,5982007,902149,902149,10,4.816027753674463,quantum_sparse
4456448,4456448,1693952,1693952,1,4.944840886174295,quantum_sparse
4456448,4456448,1476636,1476636,2,4.849749455309224,quantum_sparse
4456448,4456448,68680,68680,3,4.836067694290232,quantum_sparse
4456448,4456448,564608,564608,4,4.8340236458351535,quantum_sparse
4456448,4456448,4277437,4277437,5,4.8293304986957,quantum_sparse
4456448,4456448,1486445,1486445,6,4.832330772487812,quantum_sparse
4456448,4456448,294601,294601,7,4.820640704730691,quantum_sparse
4456448,4456448,3169329,3169329,8,4.814885700819964,quantum_sparse
4456448,4456448,2567930,2567930,9,4.8107529452211075,quantum_sparse
4456448,4456448,902149,902149,10,4.816027753674463,quantum_sparse
4494713,4494713,1693952,1693952,1,4.928929328918457,classical_active
4494713,4494713,1476636,1476636,2,4.8331074714660645,classical_active
4494713,4494713,68680,68680,3,4.820023536682129,classical_active
4494713,4494713,4277437,4277437,4,4.815774917602539,classical_active
4494713,4494713,564608,564608,5,4.817514896392822,classical_active
4494713,4494713,1486445,1486445,6,4.818626403808594,classical_active
4494713,4494713,294601,294601,7,4.805500507354736,classical_active
4494713,4494713,3169329,3169329,8,4.802013397216797,classical_active
4494713,4494713,2567930,2567930,9,4.797584533691406,classical_active
4494713,4494713,902149,902149,10,4.801002025604248,classical_active
3035991,3035991,1693952,1693952,1,4.944840886174295,quantum_sparse
3035991,3035991,1476636,1476636,2,4.849749455309224,quantum_sparse
3035991,3035991,68680,68680,3,4.836067694290232,quantum_sparse
3035991,3035991,564608,564608,4,4.8340236458351535,quantum_sparse
3035991,3035991,4277437,4277437,5,4.8293304986957,quantum_sparse
3035991,3035991,1486445,1486445,6,4.832330772487812,quantum_sparse
3035991,3035991,294601,294601,7,4.820640704730691,quantum_sparse
3035991,3035991,3169329,3169329,8,4.814885700819964,quantum_sparse
3035991,3035991,2567930,2567930,9,4.8107529452211075,quantum_sparse
3035991,3035991,902149,902149,10,4.816027753674463,quantum_sparse
5885694,5885694,1693952,1693952,1,4.928929328918457,classical_active
5885694,5885694,1476636,1476636,2,4.8331074714660645,classical_active
5885694,5885694,68680,68680,3,4.820023536682129,classical_active
5885694,5885694,4277437,4277437,4,4.815774917602539,classical_active
5885694,5885694,564608,564608,5,4.817514896392822,classical_active
5885694,5885694,1486445,1486445,6,4.818626403808594,classical_active
5885694,5885694,294601,294601,7,4.805500507354736,classical_active
5885694,5885694,3169329,3169329,8,4.802013397216797,classical_active
5885694,5885694,2567930,2567930,9,4.797584533691406,classical_active
5885694,5885694,902149,902149,10,4.801002025604248,classical_active
201170,201170,1693952,1693952,1,4.928929328918457,classical_active
201170,201170,1476636,1476636,2,4.8331074714660645,classical_active
201170,201170,68680,68680,3,4.820023536682129,classical_active
201170,201170,4277437,4277437,4,4.815774917602539,classical_active
201170,201170,564608,564608,5,4.817514896392822,classical_active
201170,201170,1486445,1486445,6,4.818626403808594,classical_active
201170,201170,294601,294601,7,4.805500507354736,classical_active
201170,201170,3169329,3169329,8,4.802013397216797,classical_active
201170,201170,2567930,2567930,9,4.797584533691406,classical_active
201170,201170,902149,902149,10,4.801002025604248,classical_active
8286525,8286525,1693952,1693952,1,4.944840886174295,quantum_sparse
8286525,8286525,1476636,1476636,2,4.849749455309224,quantum_sparse
8286525,8286525,68680,68680,3,4.836067694290232,quantum_sparse
8286525,8286525,564608,564608,4,4.8340236458351535,quantum_sparse
8286525,8286525,4277437,4277437,5,4.8293304986957,quantum_sparse
8286525,8286525,1486445,1486445,6,4.832330772487812,quantum_sparse
8286525,8286525,294601,294601,7,4.820640704730691,quantum_sparse
8286525,8286525,3169329,3169329,8,4.814885700819964,quantum_sparse
8286525,8286525,2567930,2567930,9,4.8107529452211075,quantum_sparse
8286525,8286525,902149,902149,10,4.816027753674463,quantum_sparse
6205675,6205675,1693952,1693952,1,4.944840886174295,quantum_sparse
6205675,6205675,1476636,1476636,2,4.849749455309224,quantum_sparse
6205675,6205675,68680,68680,3,4.836067694290232,quantum_sparse
6205675,6205675,564608,564608,4,4.8340236458351535,quantum_sparse
6205675,6205675,4277437,4277437,5,4.8293304986957,quantum_sparse
6205675,6205675,1486445,1486445,6,4.832330772487812,quantum_sparse
6205675,6205675,294601,294601,7,4.820640704730691,quantum_sparse
6205675,6205675,3169329,3169329,8,4.814885700819964,quantum_sparse
6205675,6205675,2567930,2567930,9,4.8107529452211075,quantum_sparse
6205675,6205675,902149,902149,10,4.816027753674463,quantum_sparse
991261,991261,1693952,1693952,1,4.944840886174295,quantum_sparse
991261,991261,1476636,1476636,2,4.849749455309224,quantum_sparse
991261,991261,68680,68680,3,4.836067694290232,quantum_sparse
991261,991261,564608,564608,4,4.8340236458351535,quantum_sparse
991261,991261,4277437,4277437,5,4.8293304986957,quantum_sparse
991261,991261,1486445,1486445,6,4.832330772487812,quantum_sparse
991261,991261,294601,294601,7,4.820640704730691,quantum_sparse
991261,991261,3169329,3169329,8,4.814885700819964,quantum_sparse
991261,991261,2567930,2567930,9,4.8107529452211075,quantum_sparse
991261,991261,902149,902149,10,4.816027753674463,quantum_sparse
7246969,7246969,1693952,1693952,1,4.944840886174295,quantum_sparse
7246969,7246969,1476636,1476636,2,4.849749455309224,quantum_sparse
7246969,7246969,68680,68680,3,4.836067694290232,quantum_sparse
7246969,7246969,564608,564608,4,4.8340236458351535,quantum_sparse
7246969,7246969,4277437,4277437,5,4.8293304986957,quantum_sparse
7246969,7246969,1486445,1486445,6,4.832330772487812,quantum_sparse
7246969,7246969,294601,294601,7,4.820640704730691,quantum_sparse
7246969,7246969,3169329,3169329,8,4.814885700819964,quantum_sparse
7246969,7246969,2567930,2567930,9,4.8107529452211075,quantum_sparse
7246969,7246969,902149,902149,10,4.816027753674463,quantum_sparse
8284946,8284946,1693952,1693952,1,4.944840886174295,quantum_sparse
8284946,8284946,1476636,1476636,2,4.849749455309224,quantum_sparse
8284946,8284946,68680,68680,3,4.836067694290232,quantum_sparse
8284946,8284946,564608,564608,4,4.8340236458351535,quantum_sparse
8284946,8284946,4277437,4277437,5,4.8293304986957,quantum_sparse
8284946,8284946,1486445,1486445,6,4.832330772487812,quantum_sparse
8284946,8284946,294601,294601,7,4.820640704730691,quantum_sparse
8284946,8284946,3169329,3169329,8,4.814885700819964,quantum_sparse
8284946,8284946,2567930,2567930,9,4.8107529452211075,quantum_sparse
8284946,8284946,902149,902149,10,4.816027753674463,quantum_sparse
4447345,4447345,1693952,1693952,1,4.944840886174295,quantum_sparse
4447345,4447345,1476636,1476636,2,4.849749455309224,quantum_sparse
4447345,4447345,68680,68680,3,4.836067694290232,quantum_sparse
4447345,4447345,564608,564608,4,4.8340236458351535,quantum_sparse
4447345,4447345,4277437,4277437,5,4.8293304986957,quantum_sparse
4447345,4447345,1486445,1486445,6,4.832330772487812,quantum_sparse
4447345,4447345,294601,294601,7,4.820640704730691,quantum_sparse
4447345,4447345,3169329,3169329,8,4.814885700819964,quantum_sparse
4447345,4447345,2567930,2567930,9,4.8107529452211075,quantum_sparse
4447345,4447345,902149,902149,10,4.816027753674463,quantum_sparse
6013163,6013163,1693952,1693952,1,4.944840886174295,quantum_sparse
6013163,6013163,1476636,1476636,2,4.849749455309224,quantum_sparse
6013163,6013163,68680,68680,3,4.836067694290232,quantum_sparse
6013163,6013163,564608,564608,4,4.8340236458351535,quantum_sparse
6013163,6013163,4277437,4277437,5,4.8293304986957,quantum_sparse
6013163,6013163,1486445,1486445,6,4.832330772487812,quantum_sparse
6013163,6013163,294601,294601,7,4.820640704730691,quantum_sparse
6013163,6013163,3169329,3169329,8,4.814885700819964,quantum_sparse
6013163,6013163,2567930,2567930,9,4.8107529452211075,quantum_sparse
6013163,6013163,902149,902149,10,4.816027753674463,quantum_sparse
4768625,4768625,1693952,1693952,1,4.944840886174295,quantum_sparse
4768625,4768625,1476636,1476636,2,4.849749455309224,quantum_sparse
4768625,4768625,68680,68680,3,4.836067694290232,quantum_sparse
4768625,4768625,564608,564608,4,4.8340236458351535,quantum_sparse
4768625,4768625,4277437,4277437,5,4.8293304986957,quantum_sparse
4768625,4768625,1486445,1486445,6,4.832330772487812,quantum_sparse
4768625,4768625,294601,294601,7,4.820640704730691,quantum_sparse
4768625,4768625,3169329,3169329,8,4.814885700819964,quantum_sparse
4768625,4768625,2567930,2567930,9,4.8107529452211075,quantum_sparse
4768625,4768625,902149,902149,10,4.816027753674463,quantum_sparse
5818669,5818669,1693952,1693952,1,4.928929328918457,classical_active
5818669,5818669,1476636,1476636,2,4.8331074714660645,classical_active
5818669,5818669,68680,68680,3,4.820023536682129,classical_active
5818669,5818669,4277437,4277437,4,4.815774917602539,classical_active
5818669,5818669,564608,564608,5,4.817514896392822,classical_active
5818669,5818669,1486445,1486445,6,4.818626403808594,classical_active
5818669,5818669,294601,294601,7,4.805500507354736,classical_active
5818669,5818669,3169329,3169329,8,4.802013397216797,classical_active
5818669,5818669,2567930,2567930,9,4.797584533691406,classical_active
5818669,5818669,902149,902149,10,4.801002025604248,classical_active
4516800,4516800,1693952,1693952,1,4.928929328918457,classical_active
4516800,4516800,1476636,1476636,2,4.8331074714660645,classical_active
4516800,4516800,68680,68680,3,4.820023536682129,classical_active
4516800,4516800,4277437,4277437,4,4.815774917602539,classical_active
4516800,4516800,564608,564608,5,4.817514896392822,classical_active
4516800,4516800,1486445,1486445,6,4.818626403808594,classical_active
4516800,4516800,294601,294601,7,4.805500507354736,classical_active
4516800,4516800,3169329,3169329,8,4.802013397216797,classical_active
4516800,4516800,2567930,2567930,9,4.797584533691406,classical_active
4516800,4516800,902149,902149,10,4.801002025604248,classical_active
8045085,8045085,1693952,1693952,1,4.944840886174295,quantum_sparse
8045085,8045085,1476636,1476636,2,4.849749455309224,quantum_sparse
8045085,8045085,68680,68680,3,4.836067694290232,quantum_sparse
8045085,8045085,564608,564608,4,4.8340236458351535,quantum_sparse
8045085,8045085,4277437,4277437,5,4.8293304986957,quantum_sparse
8045085,8045085,1486445,1486445,6,4.832330772487812,quantum_sparse
8045085,8045085,294601,294601,7,4.820640704730691,quantum_sparse
8045085,8045085,3169329,3169329,8,4.814885700819964,quantum_sparse
8045085,8045085,2567930,2567930,9,4.8107529452211075,quantum_sparse
8045085,8045085,902149,902149,10,4.816027753674463,quantum_sparse
973526,973526,1693952,1693952,1,4.944840886174295,quantum_sparse
973526,973526,1476636,1476636,2,4.849749455309224,quantum_sparse
973526,973526,68680,68680,3,4.836067694290232,quantum_sparse
973526,973526,564608,564608,4,4.8340236458351535,quantum_sparse
973526,973526,4277437,4277437,5,4.8293304986957,quantum_sparse
973526,973526,1486445,1486445,6,4.832330772487812,quantum_sparse
973526,973526,294601,294601,7,4.820640704730691,quantum_sparse
973526,973526,3169329,3169329,8,4.814885700819964,quantum_sparse
973526,973526,2567930,2567930,9,4.8107529452211075,quantum_sparse
973526,973526,902149,902149,10,4.816027753674463,quantum_sparse
3648534,3648534,1693952,1693952,1,4.944840886174295,quantum_sparse
3648534,3648534,1476636,1476636,2,4.849749455309224,quantum_sparse
3648534,3648534,68680,68680,3,4.836067694290232,quantum_sparse
3648534,3648534,564608,564608,4,4.8340236458351535,quantum_sparse
3648534,3648534,4277437,4277437,5,4.8293304986957,quantum_sparse
3648534,3648534,1486445,1486445,6,4.832330772487812,quantum_sparse
3648534,3648534,294601,294601,7,4.820640704730691,quantum_sparse
3648534,3648534,3169329,3169329,8,4.814885700819964,quantum_sparse
3648534,3648534,2567930,2567930,9,4.8107529452211075,quantum_sparse
3648534,3648534,902149,902149,10,4.816027753674463,quantum_sparse
5708651,5708651,1693952,1693952,1,4.928929328918457,classical_active
5708651,5708651,1476636,1476636,2,4.8331074714660645,classical_active
5708651,5708651,68680,68680,3,4.820023536682129,classical_active
5708651,5708651,4277437,4277437,4,4.815774917602539,classical_active
5708651,5708651,564608,564608,5,4.817514896392822,classical_active
5708651,5708651,1486445,1486445,6,4.818626403808594,classical_active
5708651,5708651,294601,294601,7,4.805500507354736,classical_active
5708651,5708651,3169329,3169329,8,4.802013397216797,classical_active
5708651,5708651,2567930,2567930,9,4.797584533691406,classical_active
5708651,5708651,902149,902149,10,4.801002025604248,classical_active
4517672,4517672,1693952,1693952,1,4.944840886174295,quantum_sparse
4517672,4517672,1476636,1476636,2,4.849749455309224,quantum_sparse
4517672,4517672,68680,68680,3,4.836067694290232,quantum_sparse
4517672,4517672,564608,564608,4,4.8340236458351535,quantum_sparse
4517672,4517672,4277437,4277437,5,4.8293304986957,quantum_sparse
4517672,4517672,1486445,1486445,6,4.832330772487812,quantum_sparse
4517672,4517672,294601,294601,7,4.820640704730691,quantum_sparse
4517672,4517672,3169329,3169329,8,4.814885700819964,quantum_sparse
4517672,4517672,2567930,2567930,9,4.8107529452211075,quantum_sparse
4517672,4517672,902149,902149,10,4.816027753674463,quantum_sparse
4708580,4708580,1693952,1693952,1,4.928929328918457,classical_active
4708580,4708580,1476636,1476636,2,4.8331074714660645,classical_active
4708580,4708580,68680,68680,3,4.820023536682129,classical_active
4708580,4708580,4277437,4277437,4,4.815774917602539,classical_active
4708580,4708580,564608,564608,5,4.817514896392822,classical_active
4708580,4708580,1486445,1486445,6,4.818626403808594,classical_active
4708580,4708580,294601,294601,7,4.805500507354736,classical_active
4708580,4708580,3169329,3169329,8,4.802013397216797,classical_active
4708580,4708580,2567930,2567930,9,4.797584533691406,classical_active
4708580,4708580,902149,902149,10,4.801002025604248,classical_active
7405243,7405243,1693952,1693952,1,4.944840886174295,quantum_sparse
7405243,7405243,1476636,1476636,2,4.849749455309224,quantum_sparse
7405243,7405243,68680,68680,3,4.836067694290232,quantum_sparse
7405243,7405243,564608,564608,4,4.8340236458351535,quantum_sparse
7405243,7405243,4277437,4277437,5,4.8293304986957,quantum_sparse
7405243,7405243,1486445,1486445,6,4.832330772487812,quantum_sparse
7405243,7405243,294601,294601,7,4.820640704730691,quantum_sparse
7405243,7405243,3169329,3169329,8,4.814885700819964,quantum_sparse
7405243,7405243,2567930,2567930,9,4.8107529452211075,quantum_sparse
7405243,7405243,902149,902149,10,4.816027753674463,quantum_sparse
8749844,8749844,1693952,1693952,1,4.944840886174295,quantum_sparse
8749844,8749844,1476636,1476636,2,4.849749455309224,quantum_sparse
8749844,8749844,68680,68680,3,4.836067694290232,quantum_sparse
8749844,8749844,564608,564608,4,4.8340236458351535,quantum_sparse
8749844,8749844,4277437,4277437,5,4.8293304986957,quantum_sparse
8749844,8749844,1486445,1486445,6,4.832330772487812,quantum_sparse
8749844,8749844,294601,294601,7,4.820640704730691,quantum_sparse
8749844,8749844,3169329,3169329,8,4.814885700819964,quantum_sparse
8749844,8749844,2567930,2567930,9,4.8107529452211075,quantum_sparse
8749844,8749844,902149,902149,10,4.816027753674463,quantum_sparse
901024,901024,1693952,1693952,1,4.928929328918457,classical_active
901024,901024,1476636,1476636,2,4.8331074714660645,classical_active
901024,901024,68680,68680,3,4.820023536682129,classical_active
901024,901024,4277437,4277437,4,4.815774917602539,classical_active
901024,901024,564608,564608,5,4.817514896392822,classical_active
901024,901024,1486445,1486445,6,4.818626403808594,classical_active
901024,901024,294601,294601,7,4.805500507354736,classical_active
901024,901024,3169329,3169329,8,4.802013397216797,classical_active
901024,901024,2567930,2567930,9,4.797584533691406,classical_active
901024,901024,902149,902149,10,4.801002025604248,classical_active
7023595,7023595,1693952,1693952,1,4.944840886174295,quantum_sparse
7023595,7023595,1476636,1476636,2,4.849749455309224,quantum_sparse
7023595,7023595,68680,68680,3,4.836067694290232,quantum_sparse
7023595,7023595,564608,564608,4,4.8340236458351535,quantum_sparse
7023595,7023595,4277437,4277437,5,4.8293304986957,quantum_sparse
7023595,7023595,1486445,1486445,6,4.832330772487812,quantum_sparse
7023595,7023595,294601,294601,7,4.820640704730691,quantum_sparse
7023595,7023595,3169329,3169329,8,4.814885700819964,quantum_sparse
7023595,7023595,2567930,2567930,9,4.8107529452211075,quantum_sparse
7023595,7023595,902149,902149,10,4.816027753674463,quantum_sparse
6488053,6488053,1693952,1693952,1,4.928929328918457,classical_active
6488053,6488053,1476636,1476636,2,4.8331074714660645,classical_active
6488053,6488053,68680,68680,3,4.820023536682129,classical_active
6488053,6488053,4277437,4277437,4,4.815774917602539,classical_active
6488053,6488053,564608,564608,5,4.817514896392822,classical_active
6488053,6488053,1486445,1486445,6,4.818626403808594,classical_active
6488053,6488053,294601,294601,7,4.805500507354736,classical_active
6488053,6488053,3169329,3169329,8,4.802013397216797,classical_active
6488053,6488053,2567930,2567930,9,4.797584533691406,classical_active
6488053,6488053,902149,902149,10,4.801002025604248,classical_active
4304708,4304708,1693952,1693952,1,4.928929328918457,classical_active
4304708,4304708,1476636,1476636,2,4.8331074714660645,classical_active
4304708,4304708,68680,68680,3,4.820023536682129,classical_active
4304708,4304708,4277437,4277437,4,4.815774917602539,classical_active
4304708,4304708,564608,564608,5,4.817514896392822,classical_active
4304708,4304708,1486445,1486445,6,4.818626403808594,classical_active
4304708,4304708,294601,294601,7,4.805500507354736,classical_active
4304708,4304708,3169329,3169329,8,4.802013397216797,classical_active
4304708,4304708,2567930,2567930,9,4.797584533691406,classical_active
4304708,4304708,902149,902149,10,4.801002025604248,classical_active
4469999,4469999,1693952,1693952,1,4.944840886174295,quantum_sparse
4469999,4469999,1476636,1476636,2,4.849749455309224,quantum_sparse
4469999,4469999,68680,68680,3,4.836067694290232,quantum_sparse
4469999,4469999,564608,564608,4,4.8340236458351535,quantum_sparse
4469999,4469999,4277437,4277437,5,4.8293304986957,quantum_sparse
4469999,4469999,1486445,1486445,6,4.832330772487812,quantum_sparse
4469999,4469999,294601,294601,7,4.820640704730691,quantum_sparse
4469999,4469999,3169329,3169329,8,4.814885700819964,quantum_sparse
4469999,4469999,2567930,2567930,9,4.8107529452211075,quantum_sparse
4469999,4469999,902149,902149,10,4.816027753674463,quantum_sparse
9902911,9902911,1693952,1693952,1,4.944840886174295,quantum_sparse
9902911,9902911,1476636,1476636,2,4.849749455309224,quantum_sparse
9902911,9902911,68680,68680,3,4.836067694290232,quantum_sparse
9902911,9902911,564608,564608,4,4.8340236458351535,quantum_sparse
9902911,9902911,4277437,4277437,5,4.8293304986957,quantum_sparse
9902911,9902911,1486445,1486445,6,4.832330772487812,quantum_sparse
9902911,9902911,294601,294601,7,4.820640704730691,quantum_sparse
9902911,9902911,3169329,3169329,8,4.814885700819964,quantum_sparse
9902911,9902911,2567930,2567930,9,4.8107529452211075,quantum_sparse
9902911,9902911,902149,902149,10,4.816027753674463,quantum_sparse
3775211,3775211,1693952,1693952,1,4.944840886174295,quantum_sparse
3775211,3775211,1476636,1476636,2,4.849749455309224,quantum_sparse
3775211,3775211,68680,68680,3,4.836067694290232,quantum_sparse
3775211,3775211,564608,564608,4,4.8340236458351535,quantum_sparse
3775211,3775211,4277437,4277437,5,4.8293304986957,quantum_sparse
3775211,3775211,1486445,1486445,6,4.832330772487812,quantum_sparse
3775211,3775211,294601,294601,7,4.820640704730691,quantum_sparse
3775211,3775211,3169329,3169329,8,4.814885700819964,quantum_sparse
3775211,3775211,2567930,2567930,9,4.8107529452211075,quantum_sparse
3775211,3775211,902149,902149,10,4.816027753674463,quantum_sparse
5626770,5626770,1693952,1693952,1,4.944840886174295,quantum_sparse
5626770,5626770,1476636,1476636,2,4.849749455309224,quantum_sparse
5626770,5626770,68680,68680,3,4.836067694290232,quantum_sparse
5626770,5626770,564608,564608,4,4.8340236458351535,quantum_sparse
5626770,5626770,4277437,4277437,5,4.8293304986957,quantum_sparse
5626770,5626770,1486445,1486445,6,4.832330772487812,quantum_sparse
5626770,5626770,294601,294601,7,4.820640704730691,quantum_sparse
5626770,5626770,3169329,3169329,8,4.814885700819964,quantum_sparse
5626770,5626770,2567930,2567930,9,4.8107529452211075,quantum_sparse
5626770,5626770,902149,902149,10,4.816027753674463,quantum_sparse
6501950,6501950,1693952,1693952,1,4.944840886174295,quantum_sparse
6501950,6501950,1476636,1476636,2,4.849749455309224,quantum_sparse
6501950,6501950,68680,68680,3,4.836067694290232,quantum_sparse
6501950,6501950,564608,564608,4,4.8340236458351535,quantum_sparse
6501950,6501950,4277437,4277437,5,4.8293304986957,quantum_sparse
6501950,6501950,1486445,1486445,6,4.832330772487812,quantum_sparse
6501950,6501950,294601,294601,7,4.820640704730691,quantum_sparse
6501950,6501950,3169329,3169329,8,4.814885700819964,quantum_sparse
6501950,6501950,2567930,2567930,9,4.8107529452211075,quantum_sparse
6501950,6501950,902149,902149,10,4.816027753674463,quantum_sparse
967971,967971,1693952,1693952,1,4.944840886174295,quantum_sparse
967971,967971,1476636,1476636,2,4.849749455309224,quantum_sparse
967971,967971,68680,68680,3,4.836067694290232,quantum_sparse
967971,967971,564608,564608,4,4.8340236458351535,quantum_sparse
967971,967971,4277437,4277437,5,4.8293304986957,quantum_sparse
967971,967971,1486445,1486445,6,4.832330772487812,quantum_sparse
967971,967971,294601,294601,7,4.820640704730691,quantum_sparse
967971,967971,3169329,3169329,8,4.814885700819964,quantum_sparse
967971,967971,2567930,2567930,9,4.8107529452211075,quantum_sparse
967971,967971,902149,902149,10,4.816027753674463,quantum_sparse
5157794,5157794,1693952,1693952,1,4.944840886174295,quantum_sparse
5157794,5157794,1476636,1476636,2,4.849749455309224,quantum_sparse
5157794,5157794,68680,68680,3,4.836067694290232,quantum_sparse
5157794,5157794,564608,564608,4,4.8340236458351535,quantum_sparse
5157794,5157794,4277437,4277437,5,4.8293304986957,quantum_sparse
5157794,5157794,1486445,1486445,6,4.832330772487812,quantum_sparse
5157794,5157794,294601,294601,7,4.820640704730691,quantum_sparse
5157794,5157794,3169329,3169329,8,4.814885700819964,quantum_sparse
5157794,5157794,2567930,2567930,9,4.8107529452211075,quantum_sparse
5157794,5157794,902149,902149,10,4.816027753674463,quantum_sparse
8458988,8458988,1693952,1693952,1,4.944840886174295,quantum_sparse
8458988,8458988,1476636,1476636,2,4.849749455309224,quantum_sparse
8458988,8458988,68680,68680,3,4.836067694290232,quantum_sparse
8458988,8458988,564608,564608,4,4.8340236458351535,quantum_sparse
8458988,8458988,4277437,4277437,5,4.8293304986957,quantum_sparse
8458988,8458988,1486445,1486445,6,4.832330772487812,quantum_sparse
8458988,8458988,294601,294601,7,4.820640704730691,quantum_sparse
8458988,8458988,3169329,3169329,8,4.814885700819964,quantum_sparse
8458988,8458988,2567930,2567930,9,4.8107529452211075,quantum_sparse
8458988,8458988,902149,902149,10,4.816027753674463,quantum_sparse
8803384,8803384,1693952,1693952,1,4.944840886174295,quantum_sparse
8803384,8803384,1476636,1476636,2,4.849749455309224,quantum_sparse
8803384,8803384,68680,68680,3,4.836067694290232,quantum_sparse
8803384,8803384,564608,564608,4,4.8340236458351535,quantum_sparse
8803384,8803384,4277437,4277437,5,4.8293304986957,quantum_sparse
8803384,8803384,1486445,1486445,6,4.832330772487812,quantum_sparse
8803384,8803384,294601,294601,7,4.820640704730691,quantum_sparse
8803384,8803384,3169329,3169329,8,4.814885700819964,quantum_sparse
8803384,8803384,2567930,2567930,9,4.8107529452211075,quantum_sparse
8803384,8803384,902149,902149,10,4.816027753674463,quantum_sparse
3399314,3399314,1693952,1693952,1,4.928929328918457,classical_active
3399314,3399314,1476636,1476636,2,4.8331074714660645,classical_active
3399314,3399314,68680,68680,3,4.820023536682129,classical_active
3399314,3399314,4277437,4277437,4,4.815774917602539,classical_active
3399314,3399314,564608,564608,5,4.817514896392822,classical_active
3399314,3399314,1486445,1486445,6,4.818626403808594,classical_active
3399314,3399314,294601,294601,7,4.805500507354736,classical_active
3399314,3399314,3169329,3169329,8,4.802013397216797,classical_active
3399314,3399314,2567930,2567930,9,4.797584533691406,classical_active
3399314,3399314,902149,902149,10,4.801002025604248,classical_active
8520300,8520300,1693952,1693952,1,4.944840886174295,quantum_sparse
8520300,8520300,1476636,1476636,2,4.849749455309224,quantum_sparse
8520300,8520300,68680,68680,3,4.836067694290232,quantum_sparse
8520300,8520300,564608,564608,4,4.8340236458351535,quantum_sparse
8520300,8520300,4277437,4277437,5,4.8293304986957,quantum_sparse
8520300,8520300,1486445,1486445,6,4.832330772487812,quantum_sparse
8520300,8520300,294601,294601,7,4.820640704730691,quantum_sparse
8520300,8520300,3169329,3169329,8,4.814885700819964,quantum_sparse
8520300,8520300,2567930,2567930,9,4.8107529452211075,quantum_sparse
8520300,8520300,902149,902149,10,4.816027753674463,quantum_sparse
1299372,1299372,1693952,1693952,1,4.944840886174295,quantum_sparse
1299372,1299372,1476636,1476636,2,4.849749455309224,quantum_sparse
1299372,1299372,68680,68680,3,4.836067694290232,quantum_sparse
1299372,1299372,564608,564608,4,4.8340236458351535,quantum_sparse
1299372,1299372,4277437,4277437,5,4.8293304986957,quantum_sparse
1299372,1299372,1486445,1486445,6,4.832330772487812,quantum_sparse
1299372,1299372,294601,294601,7,4.820640704730691,quantum_sparse
1299372,1299372,3169329,3169329,8,4.814885700819964,quantum_sparse
1299372,1299372,2567930,2567930,9,4.8107529452211075,quantum_sparse
1299372,1299372,902149,902149,10,4.816027753674463,quantum_sparse
947372,947372,1693952,1693952,1,4.944840886174295,quantum_sparse
947372,947372,1476636,1476636,2,4.849749455309224,quantum_sparse
947372,947372,68680,68680,3,4.836067694290232,quantum_sparse
947372,947372,564608,564608,4,4.8340236458351535,quantum_sparse
947372,947372,4277437,4277437,5,4.8293304986957,quantum_sparse
947372,947372,1486445,1486445,6,4.832330772487812,quantum_sparse
947372,947372,294601,294601,7,4.820640704730691,quantum_sparse
947372,947372,3169329,3169329,8,4.814885700819964,quantum_sparse
947372,947372,2567930,2567930,9,4.8107529452211075,quantum_sparse
947372,947372,902149,902149,10,4.816027753674463,quantum_sparse
3105048,3105048,1693952,1693952,1,4.928929328918457,classical_active
3105048,3105048,1476636,1476636,2,4.8331074714660645,classical_active
3105048,3105048,68680,68680,3,4.820023536682129,classical_active
3105048,3105048,4277437,4277437,4,4.815774917602539,classical_active
3105048,3105048,564608,564608,5,4.817514896392822,classical_active
3105048,3105048,1486445,1486445,6,4.818626403808594,classical_active
3105048,3105048,294601,294601,7,4.805500507354736,classical_active
3105048,3105048,3169329,3169329,8,4.802013397216797,classical_active
3105048,3105048,2567930,2567930,9,4.797584533691406,classical_active
3105048,3105048,902149,902149,10,4.801002025604248,classical_active
1659915,1659915,1693952,1693952,1,4.944840886174295,quantum_sparse
1659915,1659915,1476636,1476636,2,4.849749455309224,quantum_sparse
1659915,1659915,68680,68680,3,4.836067694290232,quantum_sparse
1659915,1659915,564608,564608,4,4.8340236458351535,quantum_sparse
1659915,1659915,4277437,4277437,5,4.8293304986957,quantum_sparse
1659915,1659915,1486445,1486445,6,4.832330772487812,quantum_sparse
1659915,1659915,294601,294601,7,4.820640704730691,quantum_sparse
1659915,1659915,3169329,3169329,8,4.814885700819964,quantum_sparse
1659915,1659915,2567930,2567930,9,4.8107529452211075,quantum_sparse
1659915,1659915,902149,902149,10,4.816027753674463,quantum_sparse
7384455,7384455,1693952,1693952,1,4.944840886174295,quantum_sparse
7384455,7384455,1476636,1476636,2,4.849749455309224,quantum_sparse
7384455,7384455,68680,68680,3,4.836067694290232,quantum_sparse
7384455,7384455,564608,564608,4,4.8340236458351535,quantum_sparse
7384455,7384455,4277437,4277437,5,4.8293304986957,quantum_sparse
7384455,7384455,1486445,1486445,6,4.832330772487812,quantum_sparse
7384455,7384455,294601,294601,7,4.820640704730691,quantum_sparse
7384455,7384455,3169329,3169329,8,4.814885700819964,quantum_sparse
7384455,7384455,2567930,2567930,9,4.8107529452211075,quantum_sparse
7384455,7384455,902149,902149,10,4.816027753674463,quantum_sparse
4142905,4142905,1693952,1693952,1,4.944840886174295,quantum_sparse
4142905,4142905,1476636,1476636,2,4.849749455309224,quantum_sparse
4142905,4142905,68680,68680,3,4.836067694290232,quantum_sparse
4142905,4142905,564608,564608,4,4.8340236458351535,quantum_sparse
4142905,4142905,4277437,4277437,5,4.8293304986957,quantum_sparse
4142905,4142905,1486445,1486445,6,4.832330772487812,quantum_sparse
4142905,4142905,294601,294601,7,4.820640704730691,quantum_sparse
4142905,4142905,3169329,3169329,8,4.814885700819964,quantum_sparse
4142905,4142905,2567930,2567930,9,4.8107529452211075,quantum_sparse
4142905,4142905,902149,902149,10,4.816027753674463,quantum_sparse
883041,883041,1693952,1693952,1,4.944840886174295,quantum_sparse
883041,883041,1476636,1476636,2,4.849749455309224,quantum_sparse
883041,883041,68680,68680,3,4.836067694290232,quantum_sparse
883041,883041,564608,564608,4,4.8340236458351535,quantum_sparse
883041,883041,4277437,4277437,5,4.8293304986957,quantum_sparse
883041,883041,1486445,1486445,6,4.832330772487812,quantum_sparse
883041,883041,294601,294601,7,4.820640704730691,quantum_sparse
883041,883041,3169329,3169329,8,4.814885700819964,quantum_sparse
883041,883041,2567930,2567930,9,4.8107529452211075,quantum_sparse
883041,883041,902149,902149,10,4.816027753674463,quantum_sparse
3746337,3746337,1693952,1693952,1,4.928929328918457,classical_active
3746337,3746337,1476636,1476636,2,4.8331074714660645,classical_active
3746337,3746337,68680,68680,3,4.820023536682129,classical_active
3746337,3746337,4277437,4277437,4,4.815774917602539,classical_active
3746337,3746337,564608,564608,5,4.817514896392822,classical_active
3746337,3746337,1486445,1486445,6,4.818626403808594,classical_active
3746337,3746337,294601,294601,7,4.805500507354736,classical_active
3746337,3746337,3169329,3169329,8,4.802013397216797,classical_active
3746337,3746337,2567930,2567930,9,4.797584533691406,classical_active
3746337,3746337,902149,902149,10,4.801002025604248,classical_active
7866318,7866318,1693952,1693952,1,4.928929328918457,classical_active
7866318,7866318,1476636,1476636,2,4.8331074714660645,classical_active
7866318,7866318,68680,68680,3,4.820023536682129,classical_active
7866318,7866318,4277437,4277437,4,4.815774917602539,classical_active
7866318,7866318,564608,564608,5,4.817514896392822,classical_active
7866318,7866318,1486445,1486445,6,4.818626403808594,classical_active
7866318,7866318,294601,294601,7,4.805500507354736,classical_active
7866318,7866318,3169329,3169329,8,4.802013397216797,classical_active
7866318,7866318,2567930,2567930,9,4.797584533691406,classical_active
7866318,7866318,902149,902149,10,4.801002025604248,classical_active
6907609,6907609,1693952,1693952,1,4.928929328918457,classical_active
6907609,6907609,1476636,1476636,2,4.8331074714660645,classical_active
6907609,6907609,68680,68680,3,4.820023536682129,classical_active
6907609,6907609,4277437,4277437,4,4.815774917602539,classical_active
6907609,6907609,564608,564608,5,4.817514896392822,classical_active
6907609,6907609,1486445,1486445,6,4.818626403808594,classical_active
6907609,6907609,294601,294601,7,4.805500507354736,classical_active
6907609,6907609,3169329,3169329,8,4.802013397216797,classical_active
6907609,6907609,2567930,2567930,9,4.797584533691406,classical_active
6907609,6907609,902149,902149,10,4.801002025604248,classical_active
7966176,7966176,1693952,1693952,1,4.944840886174295,quantum_sparse
7966176,7966176,1476636,1476636,2,4.849749455309224,quantum_sparse
7966176,7966176,68680,68680,3,4.836067694290232,quantum_sparse
7966176,7966176,564608,564608,4,4.8340236458351535,quantum_sparse
7966176,7966176,4277437,4277437,5,4.8293304986957,quantum_sparse
7966176,7966176,1486445,1486445,6,4.832330772487812,quantum_sparse
7966176,7966176,294601,294601,7,4.820640704730691,quantum_sparse
7966176,7966176,3169329,3169329,8,4.814885700819964,quantum_sparse
7966176,7966176,2567930,2567930,9,4.8107529452211075,quantum_sparse
7966176,7966176,902149,902149,10,4.816027753674463,quantum_sparse
7651267,7651267,1693952,1693952,1,4.944840886174295,quantum_sparse
7651267,7651267,1476636,1476636,2,4.849749455309224,quantum_sparse
7651267,7651267,68680,68680,3,4.836067694290232,quantum_sparse
7651267,7651267,564608,564608,4,4.8340236458351535,quantum_sparse
7651267,7651267,4277437,4277437,5,4.8293304986957,quantum_sparse
7651267,7651267,1486445,1486445,6,4.832330772487812,quantum_sparse
7651267,7651267,294601,294601,7,4.820640704730691,quantum_sparse
7651267,7651267,3169329,3169329,8,4.814885700819964,quantum_sparse
7651267,7651267,2567930,2567930,9,4.8107529452211075,quantum_sparse
7651267,7651267,902149,902149,10,4.816027753674463,quantum_sparse
8325331,8325331,1693952,1693952,1,4.944840886174295,quantum_sparse
8325331,8325331,1476636,1476636,2,4.849749455309224,quantum_sparse
8325331,8325331,68680,68680,3,4.836067694290232,quantum_sparse
8325331,8325331,564608,564608,4,4.8340236458351535,quantum_sparse
8325331,8325331,4277437,4277437,5,4.8293304986957,quantum_sparse
8325331,8325331,1486445,1486445,6,4.832330772487812,quantum_sparse
8325331,8325331,294601,294601,7,4.820640704730691,quantum_sparse
8325331,8325331,3169329,3169329,8,4.814885700819964,quantum_sparse
8325331,8325331,2567930,2567930,9,4.8107529452211075,quantum_sparse
8325331,8325331,902149,902149,10,4.816027753674463,quantum_sparse
3307624,3307624,1693952,1693952,1,4.944840886174295,quantum_sparse
3307624,3307624,1476636,1476636,2,4.849749455309224,quantum_sparse
3307624,3307624,68680,68680,3,4.836067694290232,quantum_sparse
3307624,3307624,564608,564608,4,4.8340236458351535,quantum_sparse
3307624,3307624,4277437,4277437,5,4.8293304986957,quantum_sparse
3307624,3307624,1486445,1486445,6,4.832330772487812,quantum_sparse
3307624,3307624,294601,294601,7,4.820640704730691,quantum_sparse
3307624,3307624,3169329,3169329,8,4.814885700819964,quantum_sparse
3307624,3307624,2567930,2567930,9,4.8107529452211075,quantum_sparse
3307624,3307624,902149,902149,10,4.816027753674463,quantum_sparse
6049301,6049301,1693952,1693952,1,4.944840886174295,quantum_sparse
6049301,6049301,1476636,1476636,2,4.849749455309224,quantum_sparse
6049301,6049301,68680,68680,3,4.836067694290232,quantum_sparse
6049301,6049301,564608,564608,4,4.8340236458351535,quantum_sparse
6049301,6049301,4277437,4277437,5,4.8293304986957,quantum_sparse
6049301,6049301,1486445,1486445,6,4.832330772487812,quantum_sparse
6049301,6049301,294601,294601,7,4.820640704730691,quantum_sparse
6049301,6049301,3169329,3169329,8,4.814885700819964,quantum_sparse
6049301,6049301,2567930,2567930,9,4.8107529452211075,quantum_sparse
6049301,6049301,902149,902149,10,4.816027753674463,quantum_sparse
3818053,3818053,1693952,1693952,1,4.928929328918457,classical_active
3818053,3818053,1476636,1476636,2,4.8331074714660645,classical_active
3818053,3818053,68680,68680,3,4.820023536682129,classical_active
3818053,3818053,4277437,4277437,4,4.815774917602539,classical_active
3818053,3818053,564608,564608,5,4.817514896392822,classical_active
3818053,3818053,1486445,1486445,6,4.818626403808594,classical_active
3818053,3818053,294601,294601,7,4.805500507354736,classical_active
3818053,3818053,3169329,3169329,8,4.802013397216797,classical_active
3818053,3818053,2567930,2567930,9,4.797584533691406,classical_active
3818053,3818053,902149,902149,10,4.801002025604248,classical_active
3771512,3771512,1693952,1693952,1,4.944840886174295,quantum_sparse
3771512,3771512,1476636,1476636,2,4.849749455309224,quantum_sparse
3771512,3771512,68680,68680,3,4.836067694290232,quantum_sparse
3771512,3771512,564608,564608,4,4.8340236458351535,quantum_sparse
3771512,3771512,4277437,4277437,5,4.8293304986957,quantum_sparse
3771512,3771512,1486445,1486445,6,4.832330772487812,quantum_sparse
3771512,3771512,294601,294601,7,4.820640704730691,quantum_sparse
3771512,3771512,3169329,3169329,8,4.814885700819964,quantum_sparse
3771512,3771512,2567930,2567930,9,4.8107529452211075,quantum_sparse
3771512,3771512,902149,902149,10,4.816027753674463,quantum_sparse
6482439,6482439,1693952,1693952,1,4.944840886174295,quantum_sparse
6482439,6482439,1476636,1476636,2,4.849749455309224,quantum_sparse
6482439,6482439,68680,68680,3,4.836067694290232,quantum_sparse
6482439,6482439,564608,564608,4,4.8340236458351535,quantum_sparse
6482439,6482439,4277437,4277437,5,4.8293304986957,quantum_sparse
6482439,6482439,1486445,1486445,6,4.832330772487812,quantum_sparse
6482439,6482439,294601,294601,7,4.820640704730691,quantum_sparse
6482439,6482439,3169329,3169329,8,4.814885700819964,quantum_sparse
6482439,6482439,2567930,2567930,9,4.8107529452211075,quantum_sparse
6482439,6482439,902149,902149,10,4.816027753674463,quantum_sparse
3989659,3989659,1693952,1693952,1,4.944840886174295,quantum_sparse
3989659,3989659,1476636,1476636,2,4.849749455309224,quantum_sparse
3989659,3989659,68680,68680,3,4.836067694290232,quantum_sparse
3989659,3989659,564608,564608,4,4.8340236458351535,quantum_sparse
3989659,3989659,4277437,4277437,5,4.8293304986957,quantum_sparse
3989659,3989659,1486445,1486445,6,4.832330772487812,quantum_sparse
3989659,3989659,294601,294601,7,4.820640704730691,quantum_sparse
3989659,3989659,3169329,3169329,8,4.814885700819964,quantum_sparse
3989659,3989659,2567930,2567930,9,4.8107529452211075,quantum_sparse
3989659,3989659,902149,902149,10,4.816027753674463,quantum_sparse
2897944,2897944,1693952,1693952,1,4.928929328918457,classical_active
2897944,2897944,1476636,1476636,2,4.8331074714660645,classical_active
2897944,2897944,68680,68680,3,4.820023536682129,classical_active
2897944,2897944,4277437,4277437,4,4.815774917602539,classical_active
2897944,2897944,564608,564608,5,4.817514896392822,classical_active
2897944,2897944,1486445,1486445,6,4.818626403808594,classical_active
2897944,2897944,294601,294601,7,4.805500507354736,classical_active
2897944,2897944,3169329,3169329,8,4.802013397216797,classical_active
2897944,2897944,2567930,2567930,9,4.797584533691406,classical_active
2897944,2897944,902149,902149,10,4.801002025604248,classical_active
2336444,2336444,1693952,1693952,1,4.944840886174295,quantum_sparse
2336444,2336444,1476636,1476636,2,4.849749455309224,quantum_sparse
2336444,2336444,68680,68680,3,4.836067694290232,quantum_sparse
2336444,2336444,564608,564608,4,4.8340236458351535,quantum_sparse
2336444,2336444,4277437,4277437,5,4.8293304986957,quantum_sparse
2336444,2336444,1486445,1486445,6,4.832330772487812,quantum_sparse
2336444,2336444,294601,294601,7,4.820640704730691,quantum_sparse
2336444,2336444,3169329,3169329,8,4.814885700819964,quantum_sparse
2336444,2336444,2567930,2567930,9,4.8107529452211075,quantum_sparse
2336444,2336444,902149,902149,10,4.816027753674463,quantum_sparse
9271700,9271700,1693952,1693952,1,4.944840886174295,quantum_sparse
9271700,9271700,1476636,1476636,2,4.849749455309224,quantum_sparse
9271700,9271700,68680,68680,3,4.836067694290232,quantum_sparse
9271700,9271700,564608,564608,4,4.8340236458351535,quantum_sparse
9271700,9271700,4277437,4277437,5,4.8293304986957,quantum_sparse
9271700,9271700,1486445,1486445,6,4.832330772487812,quantum_sparse
9271700,9271700,294601,294601,7,4.820640704730691,quantum_sparse
9271700,9271700,3169329,3169329,8,4.814885700819964,quantum_sparse
9271700,9271700,2567930,2567930,9,4.8107529452211075,quantum_sparse
9271700,9271700,902149,902149,10,4.816027753674463,quantum_sparse
8839251,8839251,1693952,1693952,1,4.944840886174295,quantum_sparse
8839251,8839251,1476636,1476636,2,4.849749455309224,quantum_sparse
8839251,8839251,68680,68680,3,4.836067694290232,quantum_sparse
8839251,8839251,564608,564608,4,4.8340236458351535,quantum_sparse
8839251,8839251,4277437,4277437,5,4.8293304986957,quantum_sparse
8839251,8839251,1486445,1486445,6,4.832330772487812,quantum_sparse
8839251,8839251,294601,294601,7,4.820640704730691,quantum_sparse
8839251,8839251,3169329,3169329,8,4.814885700819964,quantum_sparse
8839251,8839251,2567930,2567930,9,4.8107529452211075,quantum_sparse
8839251,8839251,902149,902149,10,4.816027753674463,quantum_sparse
1336652,1336652,1693952,1693952,1,4.944840886174295,quantum_sparse
1336652,1336652,1476636,1476636,2,4.849749455309224,quantum_sparse
1336652,1336652,68680,68680,3,4.836067694290232,quantum_sparse
1336652,1336652,564608,564608,4,4.8340236458351535,quantum_sparse
1336652,1336652,4277437,4277437,5,4.8293304986957,quantum_sparse
1336652,1336652,1486445,1486445,6,4.832330772487812,quantum_sparse
1336652,1336652,294601,294601,7,4.820640704730691,quantum_sparse
1336652,1336652,3169329,3169329,8,4.814885700819964,quantum_sparse
1336652,1336652,2567930,2567930,9,4.8107529452211075,quantum_sparse
1336652,1336652,902149,902149,10,4.816027753674463,quantum_sparse
222360,222360,1693952,1693952,1,4.928929328918457,classical_active
222360,222360,1476636,1476636,2,4.8331074714660645,classical_active
222360,222360,68680,68680,3,4.820023536682129,classical_active
222360,222360,4277437,4277437,4,4.815774917602539,classical_active
222360,222360,564608,564608,5,4.817514896392822,classical_active
222360,222360,1486445,1486445,6,4.818626403808594,classical_active
222360,222360,294601,294601,7,4.805500507354736,classical_active
222360,222360,3169329,3169329,8,4.802013397216797,classical_active
222360,222360,2567930,2567930,9,4.797584533691406,classical_active
222360,222360,902149,902149,10,4.801002025604248,classical_active
6879250,6879250,1693952,1693952,1,4.944840886174295,quantum_sparse
6879250,6879250,1476636,1476636,2,4.849749455309224,quantum_sparse
6879250,6879250,68680,68680,3,4.836067694290232,quantum_sparse
6879250,6879250,564608,564608,4,4.8340236458351535,quantum_sparse
6879250,6879250,4277437,4277437,5,4.8293304986957,quantum_sparse
6879250,6879250,1486445,1486445,6,4.832330772487812,quantum_sparse
6879250,6879250,294601,294601,7,4.820640704730691,quantum_sparse
6879250,6879250,3169329,3169329,8,4.814885700819964,quantum_sparse
6879250,6879250,2567930,2567930,9,4.8107529452211075,quantum_sparse
6879250,6879250,902149,902149,10,4.816027753674463,quantum_sparse
8469905,8469905,1693952,1693952,1,4.928929328918457,classical_active
8469905,8469905,1476636,1476636,2,4.8331074714660645,classical_active
8469905,8469905,68680,68680,3,4.820023536682129,classical_active
8469905,8469905,4277437,4277437,4,4.815774917602539,classical_active
8469905,8469905,564608,564608,5,4.817514896392822,classical_active
8469905,8469905,1486445,1486445,6,4.818626403808594,classical_active
8469905,8469905,294601,294601,7,4.805500507354736,classical_active
8469905,8469905,3169329,3169329,8,4.802013397216797,classical_active
8469905,8469905,2567930,2567930,9,4.797584533691406,classical_active
8469905,8469905,902149,902149,10,4.801002025604248,classical_active
7378878,7378878,1693952,1693952,1,4.944840886174295,quantum_sparse
7378878,7378878,1476636,1476636,2,4.849749455309224,quantum_sparse
7378878,7378878,68680,68680,3,4.836067694290232,quantum_sparse
7378878,7378878,564608,564608,4,4.8340236458351535,quantum_sparse
7378878,7378878,4277437,4277437,5,4.8293304986957,quantum_sparse
7378878,7378878,1486445,1486445,6,4.832330772487812,quantum_sparse
7378878,7378878,294601,294601,7,4.820640704730691,quantum_sparse
7378878,7378878,3169329,3169329,8,4.814885700819964,quantum_sparse
7378878,7378878,2567930,2567930,9,4.8107529452211075,quantum_sparse
7378878,7378878,902149,902149,10,4.816027753674463,quantum_sparse
1756783,1756783,1693952,1693952,1,4.944840886174295,quantum_sparse
1756783,1756783,1476636,1476636,2,4.849749455309224,quantum_sparse
1756783,1756783,68680,68680,3,4.836067694290232,quantum_sparse
1756783,1756783,564608,564608,4,4.8340236458351535,quantum_sparse
1756783,1756783,4277437,4277437,5,4.8293304986957,quantum_sparse
1756783,1756783,1486445,1486445,6,4.832330772487812,quantum_sparse
1756783,1756783,294601,294601,7,4.820640704730691,quantum_sparse
1756783,1756783,3169329,3169329,8,4.814885700819964,quantum_sparse
1756783,1756783,2567930,2567930,9,4.8107529452211075,quantum_sparse
1756783,1756783,902149,902149,10,4.816027753674463,quantum_sparse
8122520,8122520,1693952,1693952,1,4.928929328918457,classical_active
8122520,8122520,1476636,1476636,2,4.8331074714660645,classical_active
8122520,8122520,68680,68680,3,4.820023536682129,classical_active
8122520,8122520,4277437,4277437,4,4.815774917602539,classical_active
8122520,8122520,564608,564608,5,4.817514896392822,classical_active
8122520,8122520,1486445,1486445,6,4.818626403808594,classical_active
8122520,8122520,294601,294601,7,4.805500507354736,classical_active
8122520,8122520,3169329,3169329,8,4.802013397216797,classical_active
8122520,8122520,2567930,2567930,9,4.797584533691406,classical_active
8122520,8122520,902149,902149,10,4.801002025604248,classical_active
5096442,5096442,1693952,1693952,1,4.944840886174295,quantum_sparse
5096442,5096442,1476636,1476636,2,4.849749455309224,quantum_sparse
5096442,5096442,68680,68680,3,4.836067694290232,quantum_sparse
5096442,5096442,564608,564608,4,4.8340236458351535,quantum_sparse
5096442,5096442,4277437,4277437,5,4.8293304986957,quantum_sparse
5096442,5096442,1486445,1486445,6,4.832330772487812,quantum_sparse
5096442,5096442,294601,294601,7,4.820640704730691,quantum_sparse
5096442,5096442,3169329,3169329,8,4.814885700819964,quantum_sparse
5096442,5096442,2567930,2567930,9,4.8107529452211075,quantum_sparse
5096442,5096442,902149,902149,10,4.816027753674463,quantum_sparse
9657997,9657997,1693952,1693952,1,4.944840886174295,quantum_sparse
9657997,9657997,1476636,1476636,2,4.849749455309224,quantum_sparse
9657997,9657997,68680,68680,3,4.836067694290232,quantum_sparse
9657997,9657997,564608,564608,4,4.8340236458351535,quantum_sparse
9657997,9657997,4277437,4277437,5,4.8293304986957,quantum_sparse
9657997,9657997,1486445,1486445,6,4.832330772487812,quantum_sparse
9657997,9657997,294601,294601,7,4.820640704730691,quantum_sparse
9657997,9657997,3169329,3169329,8,4.814885700819964,quantum_sparse
9657997,9657997,2567930,2567930,9,4.8107529452211075,quantum_sparse
9657997,9657997,902149,902149,10,4.816027753674463,quantum_sparse
1880692,1880692,1693952,1693952,1,4.928929328918457,classical_active
1880692,1880692,1476636,1476636,2,4.8331074714660645,classical_active
1880692,1880692,68680,68680,3,4.820023536682129,classical_active
1880692,1880692,4277437,4277437,4,4.815774917602539,classical_active
1880692,1880692,564608,564608,5,4.817514896392822,classical_active
1880692,1880692,1486445,1486445,6,4.818626403808594,classical_active
1880692,1880692,294601,294601,7,4.805500507354736,classical_active
1880692,1880692,3169329,3169329,8,4.802013397216797,classical_active
1880692,1880692,2567930,2567930,9,4.797584533691406,classical_active
1880692,1880692,902149,902149,10,4.801002025604248,classical_active
814407,814407,1693952,1693952,1,4.928929328918457,classical_active
814407,814407,1476636,1476636,2,4.8331074714660645,classical_active
814407,814407,68680,68680,3,4.820023536682129,classical_active
814407,814407,4277437,4277437,4,4.815774917602539,classical_active
814407,814407,564608,564608,5,4.817514896392822,classical_active
814407,814407,1486445,1486445,6,4.818626403808594,classical_active
814407,814407,294601,294601,7,4.805500507354736,classical_active
814407,814407,3169329,3169329,8,4.802013397216797,classical_active
814407,814407,2567930,2567930,9,4.797584533691406,classical_active
814407,814407,902149,902149,10,4.801002025604248,classical_active
8836204,8836204,1693952,1693952,1,4.928929328918457,classical_active
8836204,8836204,1476636,1476636,2,4.8331074714660645,classical_active
8836204,8836204,68680,68680,3,4.820023536682129,classical_active
8836204,8836204,4277437,4277437,4,4.815774917602539,classical_active
8836204,8836204,564608,564608,5,4.817514896392822,classical_active
8836204,8836204,1486445,1486445,6,4.818626403808594,classical_active
8836204,8836204,294601,294601,7,4.805500507354736,classical_active
8836204,8836204,3169329,3169329,8,4.802013397216797,classical_active
8836204,8836204,2567930,2567930,9,4.797584533691406,classical_active
8836204,8836204,902149,902149,10,4.801002025604248,classical_active
6689729,6689729,1693952,1693952,1,4.944840886174295,quantum_sparse
6689729,6689729,1476636,1476636,2,4.849749455309224,quantum_sparse
6689729,6689729,68680,68680,3,4.836067694290232,quantum_sparse
6689729,6689729,564608,564608,4,4.8340236458351535,quantum_sparse
6689729,6689729,4277437,4277437,5,4.8293304986957,quantum_sparse
6689729,6689729,1486445,1486445,6,4.832330772487812,quantum_sparse
6689729,6689729,294601,294601,7,4.820640704730691,quantum_sparse
6689729,6689729,3169329,3169329,8,4.814885700819964,quantum_sparse
6689729,6689729,2567930,2567930,9,4.8107529452211075,quantum_sparse
6689729,6689729,902149,902149,10,4.816027753674463,quantum_sparse
3178872,3178872,1693952,1693952,1,4.944840886174295,quantum_sparse
3178872,3178872,1476636,1476636,2,4.849749455309224,quantum_sparse
3178872,3178872,68680,68680,3,4.836067694290232,quantum_sparse
3178872,3178872,564608,564608,4,4.8340236458351535,quantum_sparse
3178872,3178872,4277437,4277437,5,4.8293304986957,quantum_sparse
3178872,3178872,1486445,1486445,6,4.832330772487812,quantum_sparse
3178872,3178872,294601,294601,7,4.820640704730691,quantum_sparse
3178872,3178872,3169329,3169329,8,4.814885700819964,quantum_sparse
3178872,3178872,2567930,2567930,9,4.8107529452211075,quantum_sparse
3178872,3178872,902149,902149,10,4.816027753674463,quantum_sparse
6842865,6842865,1693952,1693952,1,4.944840886174295,quantum_sparse
6842865,6842865,1476636,1476636,2,4.849749455309224,quantum_sparse
6842865,6842865,68680,68680,3,4.836067694290232,quantum_sparse
6842865,6842865,564608,564608,4,4.8340236458351535,quantum_sparse
6842865,6842865,4277437,4277437,5,4.8293304986957,quantum_sparse
6842865,6842865,1486445,1486445,6,4.832330772487812,quantum_sparse
6842865,6842865,294601,294601,7,4.820640704730691,quantum_sparse
6842865,6842865,3169329,3169329,8,4.814885700819964,quantum_sparse
6842865,6842865,2567930,2567930,9,4.8107529452211075,quantum_sparse
6842865,6842865,902149,902149,10,4.816027753674463,quantum_sparse
7064482,7064482,1693952,1693952,1,4.944840886174295,quantum_sparse
7064482,7064482,1476636,1476636,2,4.849749455309224,quantum_sparse
7064482,7064482,68680,68680,3,4.836067694290232,quantum_sparse
7064482,7064482,564608,564608,4,4.8340236458351535,quantum_sparse
7064482,7064482,4277437,4277437,5,4.8293304986957,quantum_sparse
7064482,7064482,1486445,1486445,6,4.832330772487812,quantum_sparse
7064482,7064482,294601,294601,7,4.820640704730691,quantum_sparse
7064482,7064482,3169329,3169329,8,4.814885700819964,quantum_sparse
7064482,7064482,2567930,2567930,9,4.8107529452211075,quantum_sparse
7064482,7064482,902149,902149,10,4.816027753674463,quantum_sparse
10044463,10044463,1693952,1693952,1,4.944840886174295,quantum_sparse
10044463,10044463,1476636,1476636,2,4.849749455309224,quantum_sparse
10044463,10044463,68680,68680,3,4.836067694290232,quantum_sparse
10044463,10044463,564608,564608,4,4.8340236458351535,quantum_sparse
10044463,10044463,4277437,4277437,5,4.8293304986957,quantum_sparse
10044463,10044463,1486445,1486445,6,4.832330772487812,quantum_sparse
10044463,10044463,294601,294601,7,4.820640704730691,quantum_sparse
10044463,10044463,3169329,3169329,8,4.814885700819964,quantum_sparse
10044463,10044463,2567930,2567930,9,4.8107529452211075,quantum_sparse
10044463,10044463,902149,902149,10,4.816027753674463,quantum_sparse
5756770,5756770,1693952,1693952,1,4.928929328918457,classical_active
5756770,5756770,1476636,1476636,2,4.8331074714660645,classical_active
5756770,5756770,68680,68680,3,4.820023536682129,classical_active
5756770,5756770,4277437,4277437,4,4.815774917602539,classical_active
5756770,5756770,564608,564608,5,4.817514896392822,classical_active
5756770,5756770,1486445,1486445,6,4.818626403808594,classical_active
5756770,5756770,294601,294601,7,4.805500507354736,classical_active
5756770,5756770,3169329,3169329,8,4.802013397216797,classical_active
5756770,5756770,2567930,2567930,9,4.797584533691406,classical_active
5756770,5756770,902149,902149,10,4.801002025604248,classical_active
5611204,5611204,1693952,1693952,1,4.944840886174295,quantum_sparse
5611204,5611204,1476636,1476636,2,4.849749455309224,quantum_sparse
5611204,5611204,68680,68680,3,4.836067694290232,quantum_sparse
5611204,5611204,564608,564608,4,4.8340236458351535,quantum_sparse
5611204,5611204,4277437,4277437,5,4.8293304986957,quantum_sparse
5611204,5611204,1486445,1486445,6,4.832330772487812,quantum_sparse
5611204,5611204,294601,294601,7,4.820640704730691,quantum_sparse
5611204,5611204,3169329,3169329,8,4.814885700819964,quantum_sparse
5611204,5611204,2567930,2567930,9,4.8107529452211075,quantum_sparse
5611204,5611204,902149,902149,10,4.816027753674463,quantum_sparse
9993049,9993049,1693952,1693952,1,4.944840886174295,quantum_sparse
9993049,9993049,1476636,1476636,2,4.849749455309224,quantum_sparse
9993049,9993049,68680,68680,3,4.836067694290232,quantum_sparse
9993049,9993049,564608,564608,4,4.8340236458351535,quantum_sparse
9993049,9993049,4277437,4277437,5,4.8293304986957,quantum_sparse
9993049,9993049,1486445,1486445,6,4.832330772487812,quantum_sparse
9993049,9993049,294601,294601,7,4.820640704730691,quantum_sparse
9993049,9993049,3169329,3169329,8,4.814885700819964,quantum_sparse
9993049,9993049,2567930,2567930,9,4.8107529452211075,quantum_sparse
9993049,9993049,902149,902149,10,4.816027753674463,quantum_sparse
6827107,6827107,1693952,1693952,1,4.944840886174295,quantum_sparse
6827107,6827107,1476636,1476636,2,4.849749455309224,quantum_sparse
6827107,6827107,68680,68680,3,4.836067694290232,quantum_sparse
6827107,6827107,564608,564608,4,4.8340236458351535,quantum_sparse
6827107,6827107,4277437,4277437,5,4.8293304986957,quantum_sparse
6827107,6827107,1486445,1486445,6,4.832330772487812,quantum_sparse
6827107,6827107,294601,294601,7,4.820640704730691,quantum_sparse
6827107,6827107,3169329,3169329,8,4.814885700819964,quantum_sparse
6827107,6827107,2567930,2567930,9,4.8107529452211075,quantum_sparse
6827107,6827107,902149,902149,10,4.816027753674463,quantum_sparse
5085479,5085479,1693952,1693952,1,4.928929328918457,classical_active
5085479,5085479,1476636,1476636,2,4.8331074714660645,classical_active
5085479,5085479,68680,68680,3,4.820023536682129,classical_active
5085479,5085479,4277437,4277437,4,4.815774917602539,classical_active
5085479,5085479,564608,564608,5,4.817514896392822,classical_active
5085479,5085479,1486445,1486445,6,4.818626403808594,classical_active
5085479,5085479,294601,294601,7,4.805500507354736,classical_active
5085479,5085479,3169329,3169329,8,4.802013397216797,classical_active
5085479,5085479,2567930,2567930,9,4.797584533691406,classical_active
5085479,5085479,902149,902149,10,4.801002025604248,classical_active
3354670,3354670,1693952,1693952,1,4.944840886174295,quantum_sparse
3354670,3354670,1476636,1476636,2,4.849749455309224,quantum_sparse
3354670,3354670,68680,68680,3,4.836067694290232,quantum_sparse
3354670,3354670,564608,564608,4,4.8340236458351535,quantum_sparse
3354670,3354670,4277437,4277437,5,4.8293304986957,quantum_sparse
3354670,3354670,1486445,1486445,6,4.832330772487812,quantum_sparse
3354670,3354670,294601,294601,7,4.820640704730691,quantum_sparse
3354670,3354670,3169329,3169329,8,4.814885700819964,quantum_sparse
3354670,3354670,2567930,2567930,9,4.8107529452211075,quantum_sparse
3354670,3354670,902149,902149,10,4.816027753674463,quantum_sparse
8819556,8819556,1693952,1693952,1,4.944840886174295,quantum_sparse
8819556,8819556,1476636,1476636,2,4.849749455309224,quantum_sparse
8819556,8819556,68680,68680,3,4.836067694290232,quantum_sparse
8819556,8819556,564608,564608,4,4.8340236458351535,quantum_sparse
8819556,8819556,4277437,4277437,5,4.8293304986957,quantum_sparse
8819556,8819556,1486445,1486445,6,4.832330772487812,quantum_sparse
8819556,8819556,294601,294601,7,4.820640704730691,quantum_sparse
8819556,8819556,3169329,3169329,8,4.814885700819964,quantum_sparse
8819556,8819556,2567930,2567930,9,4.8107529452211075,quantum_sparse
8819556,8819556,902149,902149,10,4.816027753674463,quantum_sparse
931414,931414,1693952,1693952,1,4.944840886174295,quantum_sparse
931414,931414,1476636,1476636,2,4.849749455309224,quantum_sparse
931414,931414,68680,68680,3,4.836067694290232,quantum_sparse
931414,931414,564608,564608,4,4.8340236458351535,quantum_sparse
931414,931414,4277437,4277437,5,4.8293304986957,quantum_sparse
931414,931414,1486445,1486445,6,4.832330772487812,quantum_sparse
931414,931414,294601,294601,7,4.820640704730691,quantum_sparse
931414,931414,3169329,3169329,8,4.814885700819964,quantum_sparse
931414,931414,2567930,2567930,9,4.8107529452211075,quantum_sparse
931414,931414,902149,902149,10,4.816027753674463,quantum_sparse
5359383,5359383,1693952,1693952,1,4.944840886174295,quantum_sparse
5359383,5359383,1476636,1476636,2,4.849749455309224,quantum_sparse
5359383,5359383,68680,68680,3,4.836067694290232,quantum_sparse
5359383,5359383,564608,564608,4,4.8340236458351535,quantum_sparse
5359383,5359383,4277437,4277437,5,4.8293304986957,quantum_sparse
5359383,5359383,1486445,1486445,6,4.832330772487812,quantum_sparse
5359383,5359383,294601,294601,7,4.820640704730691,quantum_sparse
5359383,5359383,3169329,3169329,8,4.814885700819964,quantum_sparse
5359383,5359383,2567930,2567930,9,4.8107529452211075,quantum_sparse
5359383,5359383,902149,902149,10,4.816027753674463,quantum_sparse
4896801,4896801,1693952,1693952,1,4.944840886174295,quantum_sparse
4896801,4896801,1476636,1476636,2,4.849749455309224,quantum_sparse
4896801,4896801,68680,68680,3,4.836067694290232,quantum_sparse
4896801,4896801,564608,564608,4,4.8340236458351535,quantum_sparse
4896801,4896801,4277437,4277437,5,4.8293304986957,quantum_sparse
4896801,4896801,1486445,1486445,6,4.832330772487812,quantum_sparse
4896801,4896801,294601,294601,7,4.820640704730691,quantum_sparse
4896801,4896801,3169329,3169329,8,4.814885700819964,quantum_sparse
4896801,4896801,2567930,2567930,9,4.8107529452211075,quantum_sparse
4896801,4896801,902149,902149,10,4.816027753674463,quantum_sparse
8379773,8379773,1693952,1693952,1,4.928929328918457,classical_active
8379773,8379773,1476636,1476636,2,4.8331074714660645,classical_active
8379773,8379773,68680,68680,3,4.820023536682129,classical_active
8379773,8379773,4277437,4277437,4,4.815774917602539,classical_active
8379773,8379773,564608,564608,5,4.817514896392822,classical_active
8379773,8379773,1486445,1486445,6,4.818626403808594,classical_active
8379773,8379773,294601,294601,7,4.805500507354736,classical_active
8379773,8379773,3169329,3169329,8,4.802013397216797,classical_active
8379773,8379773,2567930,2567930,9,4.797584533691406,classical_active
8379773,8379773,902149,902149,10,4.801002025604248,classical_active
8100842,8100842,1693952,1693952,1,4.944840886174295,quantum_sparse
8100842,8100842,1476636,1476636,2,4.849749455309224,quantum_sparse
8100842,8100842,68680,68680,3,4.836067694290232,quantum_sparse
8100842,8100842,564608,564608,4,4.8340236458351535,quantum_sparse
8100842,8100842,4277437,4277437,5,4.8293304986957,quantum_sparse
8100842,8100842,1486445,1486445,6,4.832330772487812,quantum_sparse
8100842,8100842,294601,294601,7,4.820640704730691,quantum_sparse
8100842,8100842,3169329,3169329,8,4.814885700819964,quantum_sparse
8100842,8100842,2567930,2567930,9,4.8107529452211075,quantum_sparse
8100842,8100842,902149,902149,10,4.816027753674463,quantum_sparse
4804304,4804304,1693952,1693952,1,4.944840886174295,quantum_sparse
4804304,4804304,1476636,1476636,2,4.849749455309224,quantum_sparse
4804304,4804304,68680,68680,3,4.836067694290232,quantum_sparse
4804304,4804304,564608,564608,4,4.8340236458351535,quantum_sparse
4804304,4804304,4277437,4277437,5,4.8293304986957,quantum_sparse
4804304,4804304,1486445,1486445,6,4.832330772487812,quantum_sparse
4804304,4804304,294601,294601,7,4.820640704730691,quantum_sparse
4804304,4804304,3169329,3169329,8,4.814885700819964,quantum_sparse
4804304,4804304,2567930,2567930,9,4.8107529452211075,quantum_sparse
4804304,4804304,902149,902149,10,4.816027753674463,quantum_sparse
3571290,3571290,1693952,1693952,1,4.944840886174295,quantum_sparse
3571290,3571290,1476636,1476636,2,4.849749455309224,quantum_sparse
3571290,3571290,68680,68680,3,4.836067694290232,quantum_sparse
3571290,3571290,564608,564608,4,4.8340236458351535,quantum_sparse
3571290,3571290,4277437,4277437,5,4.8293304986957,quantum_sparse
3571290,3571290,1486445,1486445,6,4.832330772487812,quantum_sparse
3571290,3571290,294601,294601,7,4.820640704730691,quantum_sparse
3571290,3571290,3169329,3169329,8,4.814885700819964,quantum_sparse
3571290,3571290,2567930,2567930,9,4.8107529452211075,quantum_sparse
3571290,3571290,902149,902149,10,4.816027753674463,quantum_sparse
6799515,6799515,1693952,1693952,1,4.944840886174295,quantum_sparse
6799515,6799515,1476636,1476636,2,4.849749455309224,quantum_sparse
6799515,6799515,68680,68680,3,4.836067694290232,quantum_sparse
6799515,6799515,564608,564608,4,4.8340236458351535,quantum_sparse
6799515,6799515,4277437,4277437,5,4.8293304986957,quantum_sparse
6799515,6799515,1486445,1486445,6,4.832330772487812,quantum_sparse
6799515,6799515,294601,294601,7,4.820640704730691,quantum_sparse
6799515,6799515,3169329,3169329,8,4.814885700819964,quantum_sparse
6799515,6799515,2567930,2567930,9,4.8107529452211075,quantum_sparse
6799515,6799515,902149,902149,10,4.816027753674463,quantum_sparse
7585068,7585068,1693952,1693952,1,4.944840886174295,quantum_sparse
7585068,7585068,1476636,1476636,2,4.849749455309224,quantum_sparse
7585068,7585068,68680,68680,3,4.836067694290232,quantum_sparse
7585068,7585068,564608,564608,4,4.8340236458351535,quantum_sparse
7585068,7585068,4277437,4277437,5,4.8293304986957,quantum_sparse
7585068,7585068,1486445,1486445,6,4.832330772487812,quantum_sparse
7585068,7585068,294601,294601,7,4.820640704730691,quantum_sparse
7585068,7585068,3169329,3169329,8,4.814885700819964,quantum_sparse
7585068,7585068,2567930,2567930,9,4.8107529452211075,quantum_sparse
7585068,7585068,902149,902149,10,4.816027753674463,quantum_sparse
6736089,6736089,1693952,1693952,1,4.928929328918457,classical_active
6736089,6736089,1476636,1476636,2,4.8331074714660645,classical_active
6736089,6736089,68680,68680,3,4.820023536682129,classical_active
6736089,6736089,4277437,4277437,4,4.815774917602539,classical_active
6736089,6736089,564608,564608,5,4.817514896392822,classical_active
6736089,6736089,1486445,1486445,6,4.818626403808594,classical_active
6736089,6736089,294601,294601,7,4.805500507354736,classical_active
6736089,6736089,3169329,3169329,8,4.802013397216797,classical_active
6736089,6736089,2567930,2567930,9,4.797584533691406,classical_active
6736089,6736089,902149,902149,10,4.801002025604248,classical_active
4691785,4691785,1693952,1693952,1,4.928929328918457,classical_active
4691785,4691785,1476636,1476636,2,4.8331074714660645,classical_active
4691785,4691785,68680,68680,3,4.820023536682129,classical_active
4691785,4691785,4277437,4277437,4,4.815774917602539,classical_active
4691785,4691785,564608,564608,5,4.817514896392822,classical_active
4691785,4691785,1486445,1486445,6,4.818626403808594,classical_active
4691785,4691785,294601,294601,7,4.805500507354736,classical_active
4691785,4691785,3169329,3169329,8,4.802013397216797,classical_active
4691785,4691785,2567930,2567930,9,4.797584533691406,classical_active
4691785,4691785,902149,902149,10,4.801002025604248,classical_active
8572414,8572414,1693952,1693952,1,4.944840886174295,quantum_sparse
8572414,8572414,1476636,1476636,2,4.849749455309224,quantum_sparse
8572414,8572414,68680,68680,3,4.836067694290232,quantum_sparse
8572414,8572414,564608,564608,4,4.8340236458351535,quantum_sparse
8572414,8572414,4277437,4277437,5,4.8293304986957,quantum_sparse
8572414,8572414,1486445,1486445,6,4.832330772487812,quantum_sparse
8572414,8572414,294601,294601,7,4.820640704730691,quantum_sparse
8572414,8572414,3169329,3169329,8,4.814885700819964,quantum_sparse
8572414,8572414,2567930,2567930,9,4.8107529452211075,quantum_sparse
8572414,8572414,902149,902149,10,4.816027753674463,quantum_sparse
1438441,1438441,1693952,1693952,1,4.928929328918457,classical_active
1438441,1438441,1476636,1476636,2,4.8331074714660645,classical_active
1438441,1438441,68680,68680,3,4.820023536682129,classical_active
1438441,1438441,4277437,4277437,4,4.815774917602539,classical_active
1438441,1438441,564608,564608,5,4.817514896392822,classical_active
1438441,1438441,294601,294601,6,4.805500507354736,classical_active
1438441,1438441,3169329,3169329,7,4.802013397216797,classical_active
1438441,1438441,2567930,2567930,8,4.797584533691406,classical_active
1438441,1438441,902149,902149,9,4.801002025604248,classical_active
1438441,1438441,2507167,2507167,10,4.794910907745361,classical_active
2409210,2409210,1693952,1693952,1,4.944840886174295,quantum_sparse
2409210,2409210,1476636,1476636,2,4.849749455309224,quantum_sparse
2409210,2409210,68680,68680,3,4.836067694290232,quantum_sparse
2409210,2409210,564608,564608,4,4.8340236458351535,quantum_sparse
2409210,2409210,4277437,4277437,5,4.8293304986957,quantum_sparse
2409210,2409210,1486445,1486445,6,4.832330772487812,quantum_sparse
2409210,2409210,294601,294601,7,4.820640704730691,quantum_sparse
2409210,2409210,3169329,3169329,8,4.814885700819964,quantum_sparse
2409210,2409210,2567930,2567930,9,4.8107529452211075,quantum_sparse
2409210,2409210,902149,902149,10,4.816027753674463,quantum_sparse
8809569,8809569,1693952,1693952,1,4.944840886174295,quantum_sparse
8809569,8809569,1476636,1476636,2,4.849749455309224,quantum_sparse
8809569,8809569,68680,68680,3,4.836067694290232,quantum_sparse
8809569,8809569,564608,564608,4,4.8340236458351535,quantum_sparse
8809569,8809569,4277437,4277437,5,4.8293304986957,quantum_sparse
8809569,8809569,1486445,1486445,6,4.832330772487812,quantum_sparse
8809569,8809569,294601,294601,7,4.820640704730691,quantum_sparse
8809569,8809569,3169329,3169329,8,4.814885700819964,quantum_sparse
8809569,8809569,2567930,2567930,9,4.8107529452211075,quantum_sparse
8809569,8809569,902149,902149,10,4.816027753674463,quantum_sparse
2849836,2849836,1693952,1693952,1,4.944840886174295,quantum_sparse
2849836,2849836,1476636,1476636,2,4.849749455309224,quantum_sparse
2849836,2849836,68680,68680,3,4.836067694290232,quantum_sparse
2849836,2849836,564608,564608,4,4.8340236458351535,quantum_sparse
2849836,2849836,4277437,4277437,5,4.8293304986957,quantum_sparse
2849836,2849836,1486445,1486445,6,4.832330772487812,quantum_sparse
2849836,2849836,294601,294601,7,4.820640704730691,quantum_sparse
2849836,2849836,3169329,3169329,8,4.814885700819964,quantum_sparse
2849836,2849836,2567930,2567930,9,4.8107529452211075,quantum_sparse
2849836,2849836,902149,902149,10,4.816027753674463,quantum_sparse
5419015,5419015,1693952,1693952,1,4.944840886174295,quantum_sparse
5419015,5419015,1476636,1476636,2,4.849749455309224,quantum_sparse
5419015,5419015,68680,68680,3,4.836067694290232,quantum_sparse
5419015,5419015,564608,564608,4,4.8340236458351535,quantum_sparse
5419015,5419015,4277437,4277437,5,4.8293304986957,quantum_sparse
5419015,5419015,1486445,1486445,6,4.832330772487812,quantum_sparse
5419015,5419015,294601,294601,7,4.820640704730691,quantum_sparse
5419015,5419015,3169329,3169329,8,4.814885700819964,quantum_sparse
5419015,5419015,2567930,2567930,9,4.8107529452211075,quantum_sparse
5419015,5419015,902149,902149,10,4.816027753674463,quantum_sparse
4229414,4229414,1693952,1693952,1,4.944840886174295,quantum_sparse
4229414,4229414,1476636,1476636,2,4.849749455309224,quantum_sparse
4229414,4229414,68680,68680,3,4.836067694290232,quantum_sparse
4229414,4229414,564608,564608,4,4.8340236458351535,quantum_sparse
4229414,4229414,4277437,4277437,5,4.8293304986957,quantum_sparse
4229414,4229414,1486445,1486445,6,4.832330772487812,quantum_sparse
4229414,4229414,294601,294601,7,4.820640704730691,quantum_sparse
4229414,4229414,3169329,3169329,8,4.814885700819964,quantum_sparse
4229414,4229414,2567930,2567930,9,4.8107529452211075,quantum_sparse
4229414,4229414,902149,902149,10,4.816027753674463,quantum_sparse
9960629,9960629,1693952,1693952,1,4.944840886174295,quantum_sparse
9960629,9960629,1476636,1476636,2,4.849749455309224,quantum_sparse
9960629,9960629,68680,68680,3,4.836067694290232,quantum_sparse
9960629,9960629,564608,564608,4,4.8340236458351535,quantum_sparse
9960629,9960629,4277437,4277437,5,4.8293304986957,quantum_sparse
9960629,9960629,1486445,1486445,6,4.832330772487812,quantum_sparse
9960629,9960629,294601,294601,7,4.820640704730691,quantum_sparse
9960629,9960629,3169329,3169329,8,4.814885700819964,quantum_sparse
9960629,9960629,2567930,2567930,9,4.8107529452211075,quantum_sparse
9960629,9960629,902149,902149,10,4.816027753674463,quantum_sparse
6083587,6083587,1693952,1693952,1,4.928929328918457,classical_active
6083587,6083587,1476636,1476636,2,4.8331074714660645,classical_active
6083587,6083587,68680,68680,3,4.820023536682129,classical_active
6083587,6083587,4277437,4277437,4,4.815774917602539,classical_active
6083587,6083587,564608,564608,5,4.817514896392822,classical_active
6083587,6083587,1486445,1486445,6,4.818626403808594,classical_active
6083587,6083587,294601,294601,7,4.805500507354736,classical_active
6083587,6083587,3169329,3169329,8,4.802013397216797,classical_active
6083587,6083587,2567930,2567930,9,4.797584533691406,classical_active
6083587,6083587,902149,902149,10,4.801002025604248,classical_active
3396117,3396117,1693952,1693952,1,4.944840886174295,quantum_sparse
3396117,3396117,1476636,1476636,2,4.849749455309224,quantum_sparse
3396117,3396117,68680,68680,3,4.836067694290232,quantum_sparse
3396117,3396117,564608,564608,4,4.8340236458351535,quantum_sparse
3396117,3396117,4277437,4277437,5,4.8293304986957,quantum_sparse
3396117,3396117,1486445,1486445,6,4.832330772487812,quantum_sparse
3396117,3396117,294601,294601,7,4.820640704730691,quantum_sparse
3396117,3396117,3169329,3169329,8,4.814885700819964,quantum_sparse
3396117,3396117,2567930,2567930,9,4.8107529452211075,quantum_sparse
3396117,3396117,902149,902149,10,4.816027753674463,quantum_sparse
1092156,1092156,1693952,1693952,1,4.944840886174295,quantum_sparse
1092156,1092156,1476636,1476636,2,4.849749455309224,quantum_sparse
1092156,1092156,68680,68680,3,4.836067694290232,quantum_sparse
1092156,1092156,564608,564608,4,4.8340236458351535,quantum_sparse
1092156,1092156,4277437,4277437,5,4.8293304986957,quantum_sparse
1092156,1092156,1486445,1486445,6,4.832330772487812,quantum_sparse
1092156,1092156,294601,294601,7,4.820640704730691,quantum_sparse
1092156,1092156,3169329,3169329,8,4.814885700819964,quantum_sparse
1092156,1092156,2567930,2567930,9,4.8107529452211075,quantum_sparse
1092156,1092156,902149,902149,10,4.816027753674463,quantum_sparse
4636686,4636686,1693952,1693952,1,4.944840886174295,quantum_sparse
4636686,4636686,1476636,1476636,2,4.849749455309224,quantum_sparse
4636686,4636686,68680,68680,3,4.836067694290232,quantum_sparse
4636686,4636686,564608,564608,4,4.8340236458351535,quantum_sparse
4636686,4636686,4277437,4277437,5,4.8293304986957,quantum_sparse
4636686,4636686,1486445,1486445,6,4.832330772487812,quantum_sparse
4636686,4636686,294601,294601,7,4.820640704730691,quantum_sparse
4636686,4636686,3169329,3169329,8,4.814885700819964,quantum_sparse
4636686,4636686,2567930,2567930,9,4.8107529452211075,quantum_sparse
4636686,4636686,902149,902149,10,4.816027753674463,quantum_sparse
8568216,8568216,1693952,1693952,1,4.944840886174295,quantum_sparse
8568216,8568216,1476636,1476636,2,4.849749455309224,quantum_sparse
8568216,8568216,68680,68680,3,4.836067694290232,quantum_sparse
8568216,8568216,564608,564608,4,4.8340236458351535,quantum_sparse
8568216,8568216,4277437,4277437,5,4.8293304986957,quantum_sparse
8568216,8568216,1486445,1486445,6,4.832330772487812,quantum_sparse
8568216,8568216,294601,294601,7,4.820640704730691,quantum_sparse
8568216,8568216,3169329,3169329,8,4.814885700819964,quantum_sparse
8568216,8568216,2567930,2567930,9,4.8107529452211075,quantum_sparse
8568216,8568216,902149,902149,10,4.816027753674463,quantum_sparse
2803205,2803205,1693952,1693952,1,4.944840886174295,quantum_sparse
2803205,2803205,1476636,1476636,2,4.849749455309224,quantum_sparse
2803205,2803205,68680,68680,3,4.836067694290232,quantum_sparse
2803205,2803205,564608,564608,4,4.8340236458351535,quantum_sparse
2803205,2803205,4277437,4277437,5,4.8293304986957,quantum_sparse
2803205,2803205,1486445,1486445,6,4.832330772487812,quantum_sparse
2803205,2803205,294601,294601,7,4.820640704730691,quantum_sparse
2803205,2803205,3169329,3169329,8,4.814885700819964,quantum_sparse
2803205,2803205,2567930,2567930,9,4.8107529452211075,quantum_sparse
2803205,2803205,902149,902149,10,4.816027753674463,quantum_sparse
10190243,10190243,1693952,1693952,1,4.944840886174295,quantum_sparse
10190243,10190243,1476636,1476636,2,4.849749455309224,quantum_sparse
10190243,10190243,68680,68680,3,4.836067694290232,quantum_sparse
10190243,10190243,564608,564608,4,4.8340236458351535,quantum_sparse
10190243,10190243,4277437,4277437,5,4.8293304986957,quantum_sparse
10190243,10190243,1486445,1486445,6,4.832330772487812,quantum_sparse
10190243,10190243,294601,294601,7,4.820640704730691,quantum_sparse
10190243,10190243,3169329,3169329,8,4.814885700819964,quantum_sparse
10190243,10190243,2567930,2567930,9,4.8107529452211075,quantum_sparse
10190243,10190243,902149,902149,10,4.816027753674463,quantum_sparse
2737548,2737548,1693952,1693952,1,4.944840886174295,quantum_sparse
2737548,2737548,1476636,1476636,2,4.849749455309224,quantum_sparse
2737548,2737548,68680,68680,3,4.836067694290232,quantum_sparse
2737548,2737548,564608,564608,4,4.8340236458351535,quantum_sparse
2737548,2737548,4277437,4277437,5,4.8293304986957,quantum_sparse
2737548,2737548,1486445,1486445,6,4.832330772487812,quantum_sparse
2737548,2737548,294601,294601,7,4.820640704730691,quantum_sparse
2737548,2737548,3169329,3169329,8,4.814885700819964,quantum_sparse
2737548,2737548,2567930,2567930,9,4.8107529452211075,quantum_sparse
2737548,2737548,902149,902149,10,4.816027753674463,quantum_sparse
9978173,9978173,1693952,1693952,1,4.944840886174295,quantum_sparse
9978173,9978173,1476636,1476636,2,4.849749455309224,quantum_sparse
9978173,9978173,68680,68680,3,4.836067694290232,quantum_sparse
9978173,9978173,564608,564608,4,4.8340236458351535,quantum_sparse
9978173,9978173,4277437,4277437,5,4.8293304986957,quantum_sparse
9978173,9978173,1486445,1486445,6,4.832330772487812,quantum_sparse
9978173,9978173,294601,294601,7,4.820640704730691,quantum_sparse
9978173,9978173,3169329,3169329,8,4.814885700819964,quantum_sparse
9978173,9978173,2567930,2567930,9,4.8107529452211075,quantum_sparse
9978173,9978173,902149,902149,10,4.816027753674463,quantum_sparse
3923043,3923043,1693952,1693952,1,4.944840886174295,quantum_sparse
3923043,3923043,1476636,1476636,2,4.849749455309224,quantum_sparse
3923043,3923043,68680,68680,3,4.836067694290232,quantum_sparse
3923043,3923043,564608,564608,4,4.8340236458351535,quantum_sparse
3923043,3923043,4277437,4277437,5,4.8293304986957,quantum_sparse
3923043,3923043,1486445,1486445,6,4.832330772487812,quantum_sparse
3923043,3923043,294601,294601,7,4.820640704730691,quantum_sparse
3923043,3923043,3169329,3169329,8,4.814885700819964,quantum_sparse
3923043,3923043,2567930,2567930,9,4.8107529452211075,quantum_sparse
3923043,3923043,902149,902149,10,4.816027753674463,quantum_sparse
4833299,4833299,1693952,1693952,1,4.944840886174295,quantum_sparse
4833299,4833299,1476636,1476636,2,4.849749455309224,quantum_sparse
4833299,4833299,68680,68680,3,4.836067694290232,quantum_sparse
4833299,4833299,564608,564608,4,4.8340236458351535,quantum_sparse
4833299,4833299,4277437,4277437,5,4.8293304986957,quantum_sparse
4833299,4833299,1486445,1486445,6,4.832330772487812,quantum_sparse
4833299,4833299,294601,294601,7,4.820640704730691,quantum_sparse
4833299,4833299,3169329,3169329,8,4.814885700819964,quantum_sparse
4833299,4833299,2567930,2567930,9,4.8107529452211075,quantum_sparse
4833299,4833299,902149,902149,10,4.816027753674463,quantum_sparse
9680812,9680812,1693952,1693952,1,4.944840886174295,quantum_sparse
9680812,9680812,1476636,1476636,2,4.849749455309224,quantum_sparse
9680812,9680812,68680,68680,3,4.836067694290232,quantum_sparse
9680812,9680812,564608,564608,4,4.8340236458351535,quantum_sparse
9680812,9680812,4277437,4277437,5,4.8293304986957,quantum_sparse
9680812,9680812,1486445,1486445,6,4.832330772487812,quantum_sparse
9680812,9680812,294601,294601,7,4.820640704730691,quantum_sparse
9680812,9680812,3169329,3169329,8,4.814885700819964,quantum_sparse
9680812,9680812,2567930,2567930,9,4.8107529452211075,quantum_sparse
9680812,9680812,902149,902149,10,4.816027753674463,quantum_sparse
9139402,9139402,1693952,1693952,1,4.944840886174295,quantum_sparse
9139402,9139402,1476636,1476636,2,4.849749455309224,quantum_sparse
9139402,9139402,68680,68680,3,4.836067694290232,quantum_sparse
9139402,9139402,564608,564608,4,4.8340236458351535,quantum_sparse
9139402,9139402,4277437,4277437,5,4.8293304986957,quantum_sparse
9139402,9139402,1486445,1486445,6,4.832330772487812,quantum_sparse
9139402,9139402,294601,294601,7,4.820640704730691,quantum_sparse
9139402,9139402,3169329,3169329,8,4.814885700819964,quantum_sparse
9139402,9139402,2567930,2567930,9,4.8107529452211075,quantum_sparse
9139402,9139402,902149,902149,10,4.816027753674463,quantum_sparse
9880084,9880084,1693952,1693952,1,4.944840886174295,quantum_sparse
9880084,9880084,1476636,1476636,2,4.849749455309224,quantum_sparse
9880084,9880084,68680,68680,3,4.836067694290232,quantum_sparse
9880084,9880084,564608,564608,4,4.8340236458351535,quantum_sparse
9880084,9880084,4277437,4277437,5,4.8293304986957,quantum_sparse
9880084,9880084,1486445,1486445,6,4.832330772487812,quantum_sparse
9880084,9880084,294601,294601,7,4.820640704730691,quantum_sparse
9880084,9880084,3169329,3169329,8,4.814885700819964,quantum_sparse
9880084,9880084,2567930,2567930,9,4.8107529452211075,quantum_sparse
9880084,9880084,902149,902149,10,4.816027753674463,quantum_sparse
3724425,3724425,1693952,1693952,1,4.944840886174295,quantum_sparse
3724425,3724425,1476636,1476636,2,4.849749455309224,quantum_sparse
3724425,3724425,68680,68680,3,4.836067694290232,quantum_sparse
3724425,3724425,564608,564608,4,4.8340236458351535,quantum_sparse
3724425,3724425,4277437,4277437,5,4.8293304986957,quantum_sparse
3724425,3724425,1486445,1486445,6,4.832330772487812,quantum_sparse
3724425,3724425,294601,294601,7,4.820640704730691,quantum_sparse
3724425,3724425,3169329,3169329,8,4.814885700819964,quantum_sparse
3724425,3724425,2567930,2567930,9,4.8107529452211075,quantum_sparse
3724425,3724425,902149,902149,10,4.816027753674463,quantum_sparse
2339959,2339959,1693952,1693952,1,4.944840886174295,quantum_sparse
2339959,2339959,1476636,1476636,2,4.849749455309224,quantum_sparse
2339959,2339959,68680,68680,3,4.836067694290232,quantum_sparse
2339959,2339959,564608,564608,4,4.8340236458351535,quantum_sparse
2339959,2339959,4277437,4277437,5,4.8293304986957,quantum_sparse
2339959,2339959,1486445,1486445,6,4.832330772487812,quantum_sparse
2339959,2339959,294601,294601,7,4.820640704730691,quantum_sparse
2339959,2339959,3169329,3169329,8,4.814885700819964,quantum_sparse
2339959,2339959,2567930,2567930,9,4.8107529452211075,quantum_sparse
2339959,2339959,902149,902149,10,4.816027753674463,quantum_sparse
8665982,8665982,1693952,1693952,1,4.944840886174295,quantum_sparse
8665982,8665982,1476636,1476636,2,4.849749455309224,quantum_sparse
8665982,8665982,68680,68680,3,4.836067694290232,quantum_sparse
8665982,8665982,564608,564608,4,4.8340236458351535,quantum_sparse
8665982,8665982,4277437,4277437,5,4.8293304986957,quantum_sparse
8665982,8665982,1486445,1486445,6,4.832330772487812,quantum_sparse
8665982,8665982,294601,294601,7,4.820640704730691,quantum_sparse
8665982,8665982,3169329,3169329,8,4.814885700819964,quantum_sparse
8665982,8665982,2567930,2567930,9,4.8107529452211075,quantum_sparse
8665982,8665982,902149,902149,10,4.816027753674463,quantum_sparse
4212406,4212406,1693952,1693952,1,4.928929328918457,classical_active
4212406,4212406,1476636,1476636,2,4.8331074714660645,classical_active
4212406,4212406,68680,68680,3,4.820023536682129,classical_active
4212406,4212406,4277437,4277437,4,4.815774917602539,classical_active
4212406,4212406,564608,564608,5,4.817514896392822,classical_active
4212406,4212406,1486445,1486445,6,4.818626403808594,classical_active
4212406,4212406,294601,294601,7,4.805500507354736,classical_active
4212406,4212406,3169329,3169329,8,4.802013397216797,classical_active
4212406,4212406,2567930,2567930,9,4.797584533691406,classical_active
4212406,4212406,902149,902149,10,4.801002025604248,classical_active
7903007,7903007,1693952,1693952,1,4.928929328918457,classical_active
7903007,7903007,1476636,1476636,2,4.8331074714660645,classical_active
7903007,7903007,68680,68680,3,4.820023536682129,classical_active
7903007,7903007,4277437,4277437,4,4.815774917602539,classical_active
7903007,7903007,564608,564608,5,4.817514896392822,classical_active
7903007,7903007,1486445,1486445,6,4.818626403808594,classical_active
7903007,7903007,294601,294601,7,4.805500507354736,classical_active
7903007,7903007,3169329,3169329,8,4.802013397216797,classical_active
7903007,7903007,2567930,2567930,9,4.797584533691406,classical_active
7903007,7903007,902149,902149,10,4.801002025604248,classical_active
7802620,7802620,1693952,1693952,1,4.944840886174295,quantum_sparse
7802620,7802620,1476636,1476636,2,4.849749455309224,quantum_sparse
7802620,7802620,68680,68680,3,4.836067694290232,quantum_sparse
7802620,7802620,564608,564608,4,4.8340236458351535,quantum_sparse
7802620,7802620,4277437,4277437,5,4.8293304986957,quantum_sparse
7802620,7802620,1486445,1486445,6,4.832330772487812,quantum_sparse
7802620,7802620,294601,294601,7,4.820640704730691,quantum_sparse
7802620,7802620,3169329,3169329,8,4.814885700819964,quantum_sparse
7802620,7802620,2567930,2567930,9,4.8107529452211075,quantum_sparse
7802620,7802620,902149,902149,10,4.816027753674463,quantum_sparse
10255997,10255997,1693952,1693952,1,4.944840886174295,quantum_sparse
10255997,10255997,1476636,1476636,2,4.849749455309224,quantum_sparse
10255997,10255997,68680,68680,3,4.836067694290232,quantum_sparse
10255997,10255997,564608,564608,4,4.8340236458351535,quantum_sparse
10255997,10255997,4277437,4277437,5,4.8293304986957,quantum_sparse
10255997,10255997,1486445,1486445,6,4.832330772487812,quantum_sparse
10255997,10255997,294601,294601,7,4.820640704730691,quantum_sparse
10255997,10255997,3169329,3169329,8,4.814885700819964,quantum_sparse
10255997,10255997,2567930,2567930,9,4.8107529452211075,quantum_sparse
10255997,10255997,902149,902149,10,4.816027753674463,quantum_sparse
4601519,4601519,1693952,1693952,1,4.944840886174295,quantum_sparse
4601519,4601519,1476636,1476636,2,4.849749455309224,quantum_sparse
4601519,4601519,68680,68680,3,4.836067694290232,quantum_sparse
4601519,4601519,564608,564608,4,4.8340236458351535,quantum_sparse
4601519,4601519,4277437,4277437,5,4.8293304986957,quantum_sparse
4601519,4601519,1486445,1486445,6,4.832330772487812,quantum_sparse
4601519,4601519,294601,294601,7,4.820640704730691,quantum_sparse
4601519,4601519,3169329,3169329,8,4.814885700819964,quantum_sparse
4601519,4601519,2567930,2567930,9,4.8107529452211075,quantum_sparse
4601519,4601519,902149,902149,10,4.816027753674463,quantum_sparse
6737242,6737242,1693952,1693952,1,4.944840886174295,quantum_sparse
6737242,6737242,1476636,1476636,2,4.849749455309224,quantum_sparse
6737242,6737242,68680,68680,3,4.836067694290232,quantum_sparse
6737242,6737242,564608,564608,4,4.8340236458351535,quantum_sparse
6737242,6737242,4277437,4277437,5,4.8293304986957,quantum_sparse
6737242,6737242,1486445,1486445,6,4.832330772487812,quantum_sparse
6737242,6737242,294601,294601,7,4.820640704730691,quantum_sparse
6737242,6737242,3169329,3169329,8,4.814885700819964,quantum_sparse
6737242,6737242,2567930,2567930,9,4.8107529452211075,quantum_sparse
6737242,6737242,902149,902149,10,4.816027753674463,quantum_sparse
4280766,4280766,1693952,1693952,1,4.944840886174295,quantum_sparse
4280766,4280766,1476636,1476636,2,4.849749455309224,quantum_sparse
4280766,4280766,68680,68680,3,4.836067694290232,quantum_sparse
4280766,4280766,564608,564608,4,4.8340236458351535,quantum_sparse
4280766,4280766,4277437,4277437,5,4.8293304986957,quantum_sparse
4280766,4280766,1486445,1486445,6,4.832330772487812,quantum_sparse
4280766,4280766,294601,294601,7,4.820640704730691,quantum_sparse
4280766,4280766,3169329,3169329,8,4.814885700819964,quantum_sparse
4280766,4280766,2567930,2567930,9,4.8107529452211075,quantum_sparse
4280766,4280766,902149,902149,10,4.816027753674463,quantum_sparse
7257909,7257909,1693952,1693952,1,4.944840886174295,quantum_sparse
7257909,7257909,1476636,1476636,2,4.849749455309224,quantum_sparse
7257909,7257909,68680,68680,3,4.836067694290232,quantum_sparse
7257909,7257909,564608,564608,4,4.8340236458351535,quantum_sparse
7257909,7257909,4277437,4277437,5,4.8293304986957,quantum_sparse
7257909,7257909,1486445,1486445,6,4.832330772487812,quantum_sparse
7257909,7257909,294601,294601,7,4.820640704730691,quantum_sparse
7257909,7257909,3169329,3169329,8,4.814885700819964,quantum_sparse
7257909,7257909,2567930,2567930,9,4.8107529452211075,quantum_sparse
7257909,7257909,902149,902149,10,4.816027753674463,quantum_sparse
