user_idx,user_id,movie_id,item_idx,rank,score,strategy
10789,10789,1614,1614,1,5.024819943923087,quantum_sparse
10789,10789,1716,1716,2,5.024819943923087,quantum_sparse
10789,10789,1580,1580,3,5.02421163371227,quantum_sparse
10789,10789,1535,1535,4,5.023935454637425,quantum_sparse
10789,10789,1539,1539,5,5.021913098759276,quantum_sparse
10789,10789,1666,1666,6,5.016823151931493,quantum_sparse
10789,10789,1568,1568,7,5.017328193074849,quantum_sparse
10789,10789,1440,1440,8,5.018842200688227,quantum_sparse
10789,10789,1542,1542,9,5.0197612376438006,quantum_sparse
10789,10789,1749,1749,10,5.0235502484209205,quantum_sparse
142473,142473,1614,1614,1,5.024819943923087,quantum_sparse
142473,142473,1716,1716,2,5.024819943923087,quantum_sparse
142473,142473,1580,1580,3,5.02421163371227,quantum_sparse
142473,142473,1535,1535,4,5.023935454637425,quantum_sparse
142473,142473,1539,1539,5,5.021913098759276,quantum_sparse
142473,142473,1666,1666,6,5.016823151931493,quantum_sparse
142473,142473,1568,1568,7,5.017328193074849,quantum_sparse
142473,142473,1440,1440,8,5.018842200688227,quantum_sparse
142473,142473,1542,1542,9,5.0197612376438006,quantum_sparse
142473,142473,1749,1749,10,5.0235502484209205,quantum_sparse
220092,220092,1614,1614,1,5.024819943923087,quantum_sparse
220092,220092,1716,1716,2,5.024819943923087,quantum_sparse
220092,220092,1580,1580,3,5.02421163371227,quantum_sparse
220092,220092,1535,1535,4,5.023935454637425,quantum_sparse
220092,220092,1539,1539,5,5.021913098759276,quantum_sparse
220092,220092,1666,1666,6,5.016823151931493,quantum_sparse
220092,220092,1568,1568,7,5.017328193074849,quantum_sparse
220092,220092,1440,1440,8,5.018842200688227,quantum_sparse
220092,220092,1542,1542,9,5.0197612376438006,quantum_sparse
220092,220092,1749,1749,10,5.0235502484209205,quantum_sparse
426846,426846,1614,1614,1,5.024819943923087,quantum_sparse
426846,426846,1716,1716,2,5.024819943923087,quantum_sparse
426846,426846,1580,1580,3,5.02421163371227,quantum_sparse
426846,426846,1535,1535,4,5.023935454637425,quantum_sparse
426846,426846,1539,1539,5,5.021913098759276,quantum_sparse
426846,426846,1666,1666,6,5.016823151931493,quantum_sparse
426846,426846,1568,1568,7,5.017328193074849,quantum_sparse
426846,426846,1440,1440,8,5.018842200688227,quantum_sparse
426846,426846,1542,1542,9,5.0197612376438006,quantum_sparse
426846,426846,1749,1749,10,5.0235502484209205,quantum_sparse
263963,263963,1614,1614,1,5.024819943923087,quantum_sparse
263963,263963,1716,1716,2,5.024819943923087,quantum_sparse
263963,263963,1580,1580,3,5.02421163371227,quantum_sparse
263963,263963,1535,1535,4,5.023935454637425,quantum_sparse
263963,263963,1539,1539,5,5.021913098759276,quantum_sparse
263963,263963,1666,1666,6,5.016823151931493,quantum_sparse
263963,263963,1568,1568,7,5.017328193074849,quantum_sparse
263963,263963,1440,1440,8,5.018842200688227,quantum_sparse
263963,263963,1542,1542,9,5.0197612376438006,quantum_sparse
263963,263963,1749,1749,10,5.0235502484209205,quantum_sparse
276270,276270,1614,1614,1,5.024819943923087,quantum_sparse
276270,276270,1716,1716,2,5.024819943923087,quantum_sparse
276270,276270,1580,1580,3,5.02421163371227,quantum_sparse
276270,276270,1535,1535,4,5.023935454637425,quantum_sparse
276270,276270,1539,1539,5,5.021913098759276,quantum_sparse
276270,276270,1666,1666,6,5.016823151931493,quantum_sparse
276270,276270,1568,1568,7,5.017328193074849,quantum_sparse
276270,276270,1440,1440,8,5.018842200688227,quantum_sparse
276270,276270,1542,1542,9,5.0197612376438006,quantum_sparse
276270,276270,1749,1749,10,5.0235502484209205,quantum_sparse
167947,167947,1614,1614,1,5.024819943923087,quantum_sparse
167947,167947,1716,1716,2,5.024819943923087,quantum_sparse
167947,167947,1580,1580,3,5.02421163371227,quantum_sparse
167947,167947,1535,1535,4,5.023935454637425,quantum_sparse
167947,167947,1539,1539,5,5.021913098759276,quantum_sparse
167947,167947,1666,1666,6,5.016823151931493,quantum_sparse
167947,167947,1568,1568,7,5.017328193074849,quantum_sparse
167947,167947,1440,1440,8,5.018842200688227,quantum_sparse
167947,167947,1542,1542,9,5.0197612376438006,quantum_sparse
167947,167947,1749,1749,10,5.0235502484209205,quantum_sparse
478708,478708,1614,1614,1,5.024819943923087,quantum_sparse
478708,478708,1716,1716,2,5.024819943923087,quantum_sparse
478708,478708,1580,1580,3,5.02421163371227,quantum_sparse
478708,478708,1535,1535,4,5.023935454637425,quantum_sparse
478708,478708,1539,1539,5,5.021913098759276,quantum_sparse
478708,478708,1666,1666,6,5.016823151931493,quantum_sparse
478708,478708,1568,1568,7,5.017328193074849,quantum_sparse
478708,478708,1440,1440,8,5.018842200688227,quantum_sparse
478708,478708,1542,1542,9,5.0197612376438006,quantum_sparse
478708,478708,1749,1749,10,5.0235502484209205,quantum_sparse
133567,133567,1614,1614,1,5.024819943923087,quantum_sparse
133567,133567,1716,1716,2,5.024819943923087,quantum_sparse
133567,133567,1580,1580,3,5.02421163371227,quantum_sparse
133567,133567,1535,1535,4,5.023935454637425,quantum_sparse
133567,133567,1539,1539,5,5.021913098759276,quantum_sparse
133567,133567,1666,1666,6,5.016823151931493,quantum_sparse
133567,133567,1568,1568,7,5.017328193074849,quantum_sparse
133567,133567,1440,1440,8,5.018842200688227,quantum_sparse
133567,133567,1542,1542,9,5.0197612376438006,quantum_sparse
133567,133567,1749,1749,10,5.0235502484209205,quantum_sparse
405614,405614,1614,1614,1,5.024819943923087,quantum_sparse
405614,405614,1716,1716,2,5.024819943923087,quantum_sparse
405614,405614,1580,1580,3,5.02421163371227,quantum_sparse
405614,405614,1535,1535,4,5.023935454637425,quantum_sparse
405614,405614,1539,1539,5,5.021913098759276,quantum_sparse
405614,405614,1666,1666,6,5.016823151931493,quantum_sparse
405614,405614,1568,1568,7,5.017328193074849,quantum_sparse
405614,405614,1440,1440,8,5.018842200688227,quantum_sparse
405614,405614,1542,1542,9,5.0197612376438006,quantum_sparse
405614,405614,1749,1749,10,5.0235502484209205,quantum_sparse
239844,239844,1614,1614,1,5.024819943923087,quantum_sparse
239844,239844,1716,1716,2,5.024819943923087,quantum_sparse
239844,239844,1580,1580,3,5.02421163371227,quantum_sparse
239844,239844,1535,1535,4,5.023935454637425,quantum_sparse
239844,239844,1539,1539,5,5.021913098759276,quantum_sparse
239844,239844,1666,1666,6,5.016823151931493,quantum_sparse
239844,239844,1568,1568,7,5.017328193074849,quantum_sparse
239844,239844,1440,1440,8,5.018842200688227,quantum_sparse
239844,239844,1542,1542,9,5.0197612376438006,quantum_sparse
239844,239844,1749,1749,10,5.0235502484209205,quantum_sparse
275037,275037,1614,1614,1,5.024819943923087,quantum_sparse
275037,275037,1716,1716,2,5.024819943923087,quantum_sparse
275037,275037,1580,1580,3,5.02421163371227,quantum_sparse
275037,275037,1535,1535,4,5.023935454637425,quantum_sparse
275037,275037,1539,1539,5,5.021913098759276,quantum_sparse
275037,275037,1666,1666,6,5.016823151931493,quantum_sparse
275037,275037,1568,1568,7,5.017328193074849,quantum_sparse
275037,275037,1440,1440,8,5.018842200688227,quantum_sparse
275037,275037,1542,1542,9,5.0197612376438006,quantum_sparse
275037,275037,1749,1749,10,5.0235502484209205,quantum_sparse
289530,289530,1614,1614,1,5.024819943923087,quantum_sparse
289530,289530,1716,1716,2,5.024819943923087,quantum_sparse
289530,289530,1580,1580,3,5.02421163371227,quantum_sparse
289530,289530,1535,1535,4,5.023935454637425,quantum_sparse
289530,289530,1539,1539,5,5.021913098759276,quantum_sparse
289530,289530,1666,1666,6,5.016823151931493,quantum_sparse
289530,289530,1568,1568,7,5.017328193074849,quantum_sparse
289530,289530,1440,1440,8,5.018842200688227,quantum_sparse
289530,289530,1542,1542,9,5.0197612376438006,quantum_sparse
289530,289530,1749,1749,10,5.0235502484209205,quantum_sparse
80010,80010,1614,1614,1,5.024819943923087,quantum_sparse
80010,80010,1716,1716,2,5.024819943923087,quantum_sparse
80010,80010,1580,1580,3,5.02421163371227,quantum_sparse
80010,80010,1535,1535,4,5.023935454637425,quantum_sparse
80010,80010,1539,1539,5,5.021913098759276,quantum_sparse
80010,80010,1666,1666,6,5.016823151931493,quantum_sparse
80010,80010,1568,1568,7,5.017328193074849,quantum_sparse
80010,80010,1440,1440,8,5.018842200688227,quantum_sparse
80010,80010,1542,1542,9,5.0197612376438006,quantum_sparse
80010,80010,1749,1749,10,5.0235502484209205,quantum_sparse
470030,470030,1614,1614,1,5.024819943923087,quantum_sparse
470030,470030,1716,1716,2,5.024819943923087,quantum_sparse
470030,470030,1580,1580,3,5.02421163371227,quantum_sparse
470030,470030,1535,1535,4,5.023935454637425,quantum_sparse
470030,470030,1539,1539,5,5.021913098759276,quantum_sparse
470030,470030,1666,1666,6,5.016823151931493,quantum_sparse
470030,470030,1568,1568,7,5.017328193074849,quantum_sparse
470030,470030,1440,1440,8,5.018842200688227,quantum_sparse
470030,470030,1542,1542,9,5.0197612376438006,quantum_sparse
470030,470030,1749,1749,10,5.0235502484209205,quantum_sparse
221473,221473,1614,1614,1,5.024819943923087,quantum_sparse
221473,221473,1716,1716,2,5.024819943923087,quantum_sparse
221473,221473,1580,1580,3,5.02421163371227,quantum_sparse
221473,221473,1535,1535,4,5.023935454637425,quantum_sparse
221473,221473,1539,1539,5,5.021913098759276,quantum_sparse
221473,221473,1666,1666,6,5.016823151931493,quantum_sparse
221473,221473,1568,1568,7,5.017328193074849,quantum_sparse
221473,221473,1440,1440,8,5.018842200688227,quantum_sparse
221473,221473,1542,1542,9,5.0197612376438006,quantum_sparse
221473,221473,1749,1749,10,5.0235502484209205,quantum_sparse
248829,248829,1614,1614,1,5.024819943923087,quantum_sparse
248829,248829,1716,1716,2,5.024819943923087,quantum_sparse
248829,248829,1580,1580,3,5.02421163371227,quantum_sparse
248829,248829,1535,1535,4,5.023935454637425,quantum_sparse
248829,248829,1539,1539,5,5.021913098759276,quantum_sparse
248829,248829,1666,1666,6,5.016823151931493,quantum_sparse
248829,248829,1568,1568,7,5.017328193074849,quantum_sparse
248829,248829,1440,1440,8,5.018842200688227,quantum_sparse
248829,248829,1542,1542,9,5.0197612376438006,quantum_sparse
248829,248829,1749,1749,10,5.0235502484209205,quantum_sparse
338673,338673,1614,1614,1,5.024819943923087,quantum_sparse
338673,338673,1716,1716,2,5.024819943923087,quantum_sparse
338673,338673,1580,1580,3,5.02421163371227,quantum_sparse
338673,338673,1535,1535,4,5.023935454637425,quantum_sparse
338673,338673,1539,1539,5,5.021913098759276,quantum_sparse
338673,338673,1666,1666,6,5.016823151931493,quantum_sparse
338673,338673,1568,1568,7,5.017328193074849,quantum_sparse
338673,338673,1440,1440,8,5.018842200688227,quantum_sparse
338673,338673,1542,1542,9,5.0197612376438006,quantum_sparse
338673,338673,1749,1749,10,5.0235502484209205,quantum_sparse
246365,246365,1614,1614,1,5.024819943923087,quantum_sparse
246365,246365,1716,1716,2,5.024819943923087,quantum_sparse
246365,246365,1580,1580,3,5.02421163371227,quantum_sparse
246365,246365,1535,1535,4,5.023935454637425,quantum_sparse
246365,246365,1539,1539,5,5.021913098759276,quantum_sparse
246365,246365,1666,1666,6,5.016823151931493,quantum_sparse
246365,246365,1568,1568,7,5.017328193074849,quantum_sparse
246365,246365,1440,1440,8,5.018842200688227,quantum_sparse
246365,246365,1542,1542,9,5.0197612376438006,quantum_sparse
246365,246365,1749,1749,10,5.0235502484209205,quantum_sparse
138179,138179,1614,1614,1,5.024819943923087,quantum_sparse
138179,138179,1716,1716,2,5.024819943923087,quantum_sparse
138179,138179,1580,1580,3,5.02421163371227,quantum_sparse
138179,138179,1535,1535,4,5.023935454637425,quantum_sparse
138179,138179,1539,1539,5,5.021913098759276,quantum_sparse
138179,138179,1666,1666,6,5.016823151931493,quantum_sparse
138179,138179,1568,1568,7,5.017328193074849,quantum_sparse
138179,138179,1440,1440,8,5.018842200688227,quantum_sparse
138179,138179,1542,1542,9,5.0197612376438006,quantum_sparse
138179,138179,1749,1749,10,5.0235502484209205,quantum_sparse
41519,41519,1614,1614,1,5.024819943923087,quantum_sparse
41519,41519,1716,1716,2,5.024819943923087,quantum_sparse
41519,41519,1580,1580,3,5.02421163371227,quantum_sparse
41519,41519,1535,1535,4,5.023935454637425,quantum_sparse
41519,41519,1539,1539,5,5.021913098759276,quantum_sparse
41519,41519,1666,1666,6,5.016823151931493,quantum_sparse
41519,41519,1568,1568,7,5.017328193074849,quantum_sparse
41519,41519,1440,1440,8,5.018842200688227,quantum_sparse
41519,41519,1542,1542,9,5.0197612376438006,quantum_sparse
41519,41519,1749,1749,10,5.0235502484209205,quantum_sparse
32122,32122,1614,1614,1,5.024819943923087,quantum_sparse
32122,32122,1716,1716,2,5.024819943923087,quantum_sparse
32122,32122,1580,1580,3,5.02421163371227,quantum_sparse
32122,32122,1535,1535,4,5.023935454637425,quantum_sparse
32122,32122,1539,1539,5,5.021913098759276,quantum_sparse
32122,32122,1666,1666,6,5.016823151931493,quantum_sparse
32122,32122,1568,1568,7,5.017328193074849,quantum_sparse
32122,32122,1440,1440,8,5.018842200688227,quantum_sparse
32122,32122,1542,1542,9,5.0197612376438006,quantum_sparse
32122,32122,1749,1749,10,5.0235502484209205,quantum_sparse
394524,394524,1614,1614,1,5.024819943923087,quantum_sparse
394524,394524,1716,1716,2,5.024819943923087,quantum_sparse
394524,394524,1580,1580,3,5.02421163371227,quantum_sparse
394524,394524,1535,1535,4,5.023935454637425,quantum_sparse
394524,394524,1539,1539,5,5.021913098759276,quantum_sparse
394524,394524,1666,1666,6,5.016823151931493,quantum_sparse
394524,394524,1568,1568,7,5.017328193074849,quantum_sparse
394524,394524,1440,1440,8,5.018842200688227,quantum_sparse
394524,394524,1542,1542,9,5.0197612376438006,quantum_sparse
394524,394524,1749,1749,10,5.0235502484209205,quantum_sparse
236645,236645,1614,1614,1,5.024819943923087,quantum_sparse
236645,236645,1716,1716,2,5.024819943923087,quantum_sparse
236645,236645,1580,1580,3,5.02421163371227,quantum_sparse
236645,236645,1535,1535,4,5.023935454637425,quantum_sparse
236645,236645,1539,1539,5,5.021913098759276,quantum_sparse
236645,236645,1666,1666,6,5.016823151931493,quantum_sparse
236645,236645,1568,1568,7,5.017328193074849,quantum_sparse
236645,236645,1440,1440,8,5.018842200688227,quantum_sparse
236645,236645,1542,1542,9,5.0197612376438006,quantum_sparse
236645,236645,1749,1749,10,5.0235502484209205,quantum_sparse
244024,244024,1614,1614,1,5.024819943923087,quantum_sparse
244024,244024,1716,1716,2,5.024819943923087,quantum_sparse
244024,244024,1580,1580,3,5.02421163371227,quantum_sparse
244024,244024,1535,1535,4,5.023935454637425,quantum_sparse
244024,244024,1539,1539,5,5.021913098759276,quantum_sparse
244024,244024,1666,1666,6,5.016823151931493,quantum_sparse
244024,244024,1568,1568,7,5.017328193074849,quantum_sparse
244024,244024,1440,1440,8,5.018842200688227,quantum_sparse
244024,244024,1542,1542,9,5.0197612376438006,quantum_sparse
244024,244024,1749,1749,10,5.0235502484209205,quantum_sparse
210354,210354,1614,1614,1,5.024819943923087,quantum_sparse
210354,210354,1716,1716,2,5.024819943923087,quantum_sparse
210354,210354,1580,1580,3,5.02421163371227,quantum_sparse
210354,210354,1535,1535,4,5.023935454637425,quantum_sparse
210354,210354,1539,1539,5,5.021913098759276,quantum_sparse
210354,210354,1666,1666,6,5.016823151931493,quantum_sparse
210354,210354,1568,1568,7,5.017328193074849,quantum_sparse
210354,210354,1440,1440,8,5.018842200688227,quantum_sparse
210354,210354,1542,1542,9,5.0197612376438006,quantum_sparse
210354,210354,1749,1749,10,5.0235502484209205,quantum_sparse
481673,481673,1614,1614,1,5.024819943923087,quantum_sparse
481673,481673,1716,1716,2,5.024819943923087,quantum_sparse
481673,481673,1580,1580,3,5.02421163371227,quantum_sparse
481673,481673,1535,1535,4,5.023935454637425,quantum_sparse
481673,481673,1539,1539,5,5.021913098759276,quantum_sparse
481673,481673,1666,1666,6,5.016823151931493,quantum_sparse
481673,481673,1568,1568,7,5.017328193074849,quantum_sparse
481673,481673,1440,1440,8,5.018842200688227,quantum_sparse
481673,481673,1542,1542,9,5.0197612376438006,quantum_sparse
481673,481673,1749,1749,10,5.0235502484209205,quantum_sparse
75062,75062,1614,1614,1,5.024819943923087,quantum_sparse
75062,75062,1716,1716,2,5.024819943923087,quantum_sparse
75062,75062,1580,1580,3,5.02421163371227,quantum_sparse
75062,75062,1535,1535,4,5.023935454637425,quantum_sparse
75062,75062,1539,1539,5,5.021913098759276,quantum_sparse
75062,75062,1666,1666,6,5.016823151931493,quantum_sparse
75062,75062,1568,1568,7,5.017328193074849,quantum_sparse
75062,75062,1440,1440,8,5.018842200688227,quantum_sparse
75062,75062,1542,1542,9,5.0197612376438006,quantum_sparse
75062,75062,1749,1749,10,5.0235502484209205,quantum_sparse
11510,11510,1614,1614,1,5.024819943923087,quantum_sparse
11510,11510,1716,1716,2,5.024819943923087,quantum_sparse
11510,11510,1580,1580,3,5.02421163371227,quantum_sparse
11510,11510,1535,1535,4,5.023935454637425,quantum_sparse
11510,11510,1539,1539,5,5.021913098759276,quantum_sparse
11510,11510,1666,1666,6,5.016823151931493,quantum_sparse
11510,11510,1568,1568,7,5.017328193074849,quantum_sparse
11510,11510,1440,1440,8,5.018842200688227,quantum_sparse
11510,11510,1542,1542,9,5.0197612376438006,quantum_sparse
11510,11510,1749,1749,10,5.0235502484209205,quantum_sparse
148548,148548,1614,1614,1,5.024819943923087,quantum_sparse
148548,148548,1716,1716,2,5.024819943923087,quantum_sparse
148548,148548,1580,1580,3,5.02421163371227,quantum_sparse
148548,148548,1535,1535,4,5.023935454637425,quantum_sparse
148548,148548,1539,1539,5,5.021913098759276,quantum_sparse
148548,148548,1666,1666,6,5.016823151931493,quantum_sparse
148548,148548,1568,1568,7,5.017328193074849,quantum_sparse
148548,148548,1440,1440,8,5.018842200688227,quantum_sparse
148548,148548,1542,1542,9,5.0197612376438006,quantum_sparse
148548,148548,1749,1749,10,5.0235502484209205,quantum_sparse
299499,299499,1614,1614,1,5.024819943923087,quantum_sparse
299499,299499,1716,1716,2,5.024819943923087,quantum_sparse
299499,299499,1580,1580,3,5.02421163371227,quantum_sparse
299499,299499,1535,1535,4,5.023935454637425,quantum_sparse
299499,299499,1539,1539,5,5.021913098759276,quantum_sparse
299499,299499,1666,1666,6,5.016823151931493,quantum_sparse
299499,299499,1568,1568,7,5.017328193074849,quantum_sparse
299499,299499,1440,1440,8,5.018842200688227,quantum_sparse
299499,299499,1542,1542,9,5.0197612376438006,quantum_sparse
299499,299499,1749,1749,10,5.0235502484209205,quantum_sparse
311191,311191,1614,1614,1,5.024819943923087,quantum_sparse
311191,311191,1716,1716,2,5.024819943923087,quantum_sparse
311191,311191,1580,1580,3,5.02421163371227,quantum_sparse
311191,311191,1535,1535,4,5.023935454637425,quantum_sparse
311191,311191,1539,1539,5,5.021913098759276,quantum_sparse
311191,311191,1666,1666,6,5.016823151931493,quantum_sparse
311191,311191,1568,1568,7,5.017328193074849,quantum_sparse
311191,311191,1440,1440,8,5.018842200688227,quantum_sparse
311191,311191,1542,1542,9,5.0197612376438006,quantum_sparse
311191,311191,1749,1749,10,5.0235502484209205,quantum_sparse
175398,175398,1634,1634,1,5.0,classical_active
175398,175398,1580,1580,2,5.0,classical_active
175398,175398,1535,1535,3,5.0,classical_active
175398,175398,1716,1716,4,5.0,classical_active
175398,175398,1568,1568,5,5.0,classical_active
175398,175398,1323,1323,6,5.0,classical_active
175398,175398,1666,1666,7,5.0,classical_active
175398,175398,1283,1283,8,5.0,classical_active
175398,175398,1539,1539,9,5.0,classical_active
175398,175398,1388,1388,10,5.0,classical_active
224608,224608,1614,1614,1,5.024819943923087,quantum_sparse
224608,224608,1716,1716,2,5.024819943923087,quantum_sparse
224608,224608,1580,1580,3,5.02421163371227,quantum_sparse
224608,224608,1535,1535,4,5.023935454637425,quantum_sparse
224608,224608,1539,1539,5,5.021913098759276,quantum_sparse
224608,224608,1666,1666,6,5.016823151931493,quantum_sparse
224608,224608,1568,1568,7,5.017328193074849,quantum_sparse
224608,224608,1440,1440,8,5.018842200688227,quantum_sparse
224608,224608,1542,1542,9,5.0197612376438006,quantum_sparse
224608,224608,1749,1749,10,5.0235502484209205,quantum_sparse
294535,294535,1614,1614,1,5.024819943923087,quantum_sparse
294535,294535,1716,1716,2,5.024819943923087,quantum_sparse
294535,294535,1580,1580,3,5.02421163371227,quantum_sparse
294535,294535,1535,1535,4,5.023935454637425,quantum_sparse
294535,294535,1539,1539,5,5.021913098759276,quantum_sparse
294535,294535,1666,1666,6,5.016823151931493,quantum_sparse
294535,294535,1568,1568,7,5.017328193074849,quantum_sparse
294535,294535,1440,1440,8,5.018842200688227,quantum_sparse
294535,294535,1542,1542,9,5.0197612376438006,quantum_sparse
294535,294535,1749,1749,10,5.0235502484209205,quantum_sparse
498256,498256,1634,1634,1,5.0,classical_active
498256,498256,1580,1580,2,5.0,classical_active
498256,498256,1535,1535,3,5.0,classical_active
498256,498256,1716,1716,4,5.0,classical_active
498256,498256,1568,1568,5,5.0,classical_active
498256,498256,1323,1323,6,5.0,classical_active
498256,498256,1666,1666,7,5.0,classical_active
498256,498256,1283,1283,8,5.0,classical_active
498256,498256,1539,1539,9,5.0,classical_active
498256,498256,1388,1388,10,5.0,classical_active
464950,464950,1614,1614,1,5.024819943923087,quantum_sparse
464950,464950,1716,1716,2,5.024819943923087,quantum_sparse
464950,464950,1580,1580,3,5.02421163371227,quantum_sparse
464950,464950,1535,1535,4,5.023935454637425,quantum_sparse
464950,464950,1539,1539,5,5.021913098759276,quantum_sparse
464950,464950,1666,1666,6,5.016823151931493,quantum_sparse
464950,464950,1568,1568,7,5.017328193074849,quantum_sparse
464950,464950,1440,1440,8,5.018842200688227,quantum_sparse
464950,464950,1542,1542,9,5.0197612376438006,quantum_sparse
464950,464950,1749,1749,10,5.0235502484209205,quantum_sparse
150863,150863,1614,1614,1,5.024819943923087,quantum_sparse
150863,150863,1716,1716,2,5.024819943923087,quantum_sparse
150863,150863,1580,1580,3,5.02421163371227,quantum_sparse
150863,150863,1535,1535,4,5.023935454637425,quantum_sparse
150863,150863,1539,1539,5,5.021913098759276,quantum_sparse
150863,150863,1666,1666,6,5.016823151931493,quantum_sparse
150863,150863,1568,1568,7,5.017328193074849,quantum_sparse
150863,150863,1440,1440,8,5.018842200688227,quantum_sparse
150863,150863,1542,1542,9,5.0197612376438006,quantum_sparse
150863,150863,1749,1749,10,5.0235502484209205,quantum_sparse
85606,85606,1614,1614,1,5.024819943923087,quantum_sparse
85606,85606,1716,1716,2,5.024819943923087,quantum_sparse
85606,85606,1580,1580,3,5.02421163371227,quantum_sparse
85606,85606,1535,1535,4,5.023935454637425,quantum_sparse
85606,85606,1539,1539,5,5.021913098759276,quantum_sparse
85606,85606,1666,1666,6,5.016823151931493,quantum_sparse
85606,85606,1568,1568,7,5.017328193074849,quantum_sparse
85606,85606,1440,1440,8,5.018842200688227,quantum_sparse
85606,85606,1542,1542,9,5.0197612376438006,quantum_sparse
85606,85606,1749,1749,10,5.0235502484209205,quantum_sparse
399852,399852,1614,1614,1,5.024819943923087,quantum_sparse
399852,399852,1716,1716,2,5.024819943923087,quantum_sparse
399852,399852,1580,1580,3,5.02421163371227,quantum_sparse
399852,399852,1535,1535,4,5.023935454637425,quantum_sparse
399852,399852,1539,1539,5,5.021913098759276,quantum_sparse
399852,399852,1666,1666,6,5.016823151931493,quantum_sparse
399852,399852,1568,1568,7,5.017328193074849,quantum_sparse
399852,399852,1440,1440,8,5.018842200688227,quantum_sparse
399852,399852,1542,1542,9,5.0197612376438006,quantum_sparse
399852,399852,1749,1749,10,5.0235502484209205,quantum_sparse
297719,297719,1614,1614,1,5.024819943923087,quantum_sparse
297719,297719,1716,1716,2,5.024819943923087,quantum_sparse
297719,297719,1580,1580,3,5.02421163371227,quantum_sparse
297719,297719,1535,1535,4,5.023935454637425,quantum_sparse
297719,297719,1539,1539,5,5.021913098759276,quantum_sparse
297719,297719,1666,1666,6,5.016823151931493,quantum_sparse
297719,297719,1568,1568,7,5.017328193074849,quantum_sparse
297719,297719,1440,1440,8,5.018842200688227,quantum_sparse
297719,297719,1542,1542,9,5.0197612376438006,quantum_sparse
297719,297719,1749,1749,10,5.0235502484209205,quantum_sparse
87951,87951,1614,1614,1,5.024819943923087,quantum_sparse
87951,87951,1716,1716,2,5.024819943923087,quantum_sparse
87951,87951,1580,1580,3,5.02421163371227,quantum_sparse
87951,87951,1535,1535,4,5.023935454637425,quantum_sparse
87951,87951,1539,1539,5,5.021913098759276,quantum_sparse
87951,87951,1666,1666,6,5.016823151931493,quantum_sparse
87951,87951,1568,1568,7,5.017328193074849,quantum_sparse
87951,87951,1440,1440,8,5.018842200688227,quantum_sparse
87951,87951,1542,1542,9,5.0197612376438006,quantum_sparse
87951,87951,1749,1749,10,5.0235502484209205,quantum_sparse
51940,51940,1614,1614,1,5.024819943923087,quantum_sparse
51940,51940,1716,1716,2,5.024819943923087,quantum_sparse
51940,51940,1580,1580,3,5.02421163371227,quantum_sparse
51940,51940,1535,1535,4,5.023935454637425,quantum_sparse
51940,51940,1539,1539,5,5.021913098759276,quantum_sparse
51940,51940,1666,1666,6,5.016823151931493,quantum_sparse
51940,51940,1568,1568,7,5.017328193074849,quantum_sparse
51940,51940,1440,1440,8,5.018842200688227,quantum_sparse
51940,51940,1542,1542,9,5.0197612376438006,quantum_sparse
51940,51940,1749,1749,10,5.0235502484209205,quantum_sparse
342577,342577,1614,1614,1,5.024819943923087,quantum_sparse
342577,342577,1716,1716,2,5.024819943923087,quantum_sparse
342577,342577,1580,1580,3,5.02421163371227,quantum_sparse
342577,342577,1745,1745,4,5.0190666578860395,quantum_sparse
342577,342577,1539,1539,5,5.021913098759276,quantum_sparse
342577,342577,1666,1666,6,5.016823151931493,quantum_sparse
342577,342577,1568,1568,7,5.017328193074849,quantum_sparse
342577,342577,1440,1440,8,5.018842200688227,quantum_sparse
342577,342577,1542,1542,9,5.0197612376438006,quantum_sparse
342577,342577,1749,1749,10,5.0235502484209205,quantum_sparse
70806,70806,1614,1614,1,5.024819943923087,quantum_sparse
70806,70806,1716,1716,2,5.024819943923087,quantum_sparse
70806,70806,1580,1580,3,5.02421163371227,quantum_sparse
70806,70806,1535,1535,4,5.023935454637425,quantum_sparse
70806,70806,1539,1539,5,5.021913098759276,quantum_sparse
70806,70806,1666,1666,6,5.016823151931493,quantum_sparse
70806,70806,1568,1568,7,5.017328193074849,quantum_sparse
70806,70806,1440,1440,8,5.018842200688227,quantum_sparse
70806,70806,1542,1542,9,5.0197612376438006,quantum_sparse
70806,70806,1749,1749,10,5.0235502484209205,quantum_sparse
334755,334755,1614,1614,1,5.024819943923087,quantum_sparse
334755,334755,1716,1716,2,5.024819943923087,quantum_sparse
334755,334755,1580,1580,3,5.02421163371227,quantum_sparse
334755,334755,1535,1535,4,5.023935454637425,quantum_sparse
334755,334755,1539,1539,5,5.021913098759276,quantum_sparse
334755,334755,1666,1666,6,5.016823151931493,quantum_sparse
334755,334755,1568,1568,7,5.017328193074849,quantum_sparse
334755,334755,1440,1440,8,5.018842200688227,quantum_sparse
334755,334755,1542,1542,9,5.0197612376438006,quantum_sparse
334755,334755,1749,1749,10,5.0235502484209205,quantum_sparse
167845,167845,1614,1614,1,5.024819943923087,quantum_sparse
167845,167845,1716,1716,2,5.024819943923087,quantum_sparse
167845,167845,1580,1580,3,5.02421163371227,quantum_sparse
167845,167845,1535,1535,4,5.023935454637425,quantum_sparse
167845,167845,1539,1539,5,5.021913098759276,quantum_sparse
167845,167845,1666,1666,6,5.016823151931493,quantum_sparse
167845,167845,1568,1568,7,5.017328193074849,quantum_sparse
167845,167845,1440,1440,8,5.018842200688227,quantum_sparse
167845,167845,1542,1542,9,5.0197612376438006,quantum_sparse
167845,167845,1749,1749,10,5.0235502484209205,quantum_sparse
94471,94471,1614,1614,1,5.024819943923087,quantum_sparse
94471,94471,1716,1716,2,5.024819943923087,quantum_sparse
94471,94471,1580,1580,3,5.02421163371227,quantum_sparse
94471,94471,1535,1535,4,5.023935454637425,quantum_sparse
94471,94471,1539,1539,5,5.021913098759276,quantum_sparse
94471,94471,1666,1666,6,5.016823151931493,quantum_sparse
94471,94471,1568,1568,7,5.017328193074849,quantum_sparse
94471,94471,1440,1440,8,5.018842200688227,quantum_sparse
94471,94471,1542,1542,9,5.0197612376438006,quantum_sparse
94471,94471,1749,1749,10,5.0235502484209205,quantum_sparse
251292,251292,1614,1614,1,5.024819943923087,quantum_sparse
251292,251292,1716,1716,2,5.024819943923087,quantum_sparse
251292,251292,1580,1580,3,5.02421163371227,quantum_sparse
251292,251292,1535,1535,4,5.023935454637425,quantum_sparse
251292,251292,1539,1539,5,5.021913098759276,quantum_sparse
251292,251292,1666,1666,6,5.016823151931493,quantum_sparse
251292,251292,1568,1568,7,5.017328193074849,quantum_sparse
251292,251292,1440,1440,8,5.018842200688227,quantum_sparse
251292,251292,1542,1542,9,5.0197612376438006,quantum_sparse
251292,251292,1749,1749,10,5.0235502484209205,quantum_sparse
89768,89768,1614,1614,1,5.024819943923087,quantum_sparse
89768,89768,1716,1716,2,5.024819943923087,quantum_sparse
89768,89768,1580,1580,3,5.02421163371227,quantum_sparse
89768,89768,1535,1535,4,5.023935454637425,quantum_sparse
89768,89768,1539,1539,5,5.021913098759276,quantum_sparse
89768,89768,1666,1666,6,5.016823151931493,quantum_sparse
89768,89768,1568,1568,7,5.017328193074849,quantum_sparse
89768,89768,1440,1440,8,5.018842200688227,quantum_sparse
89768,89768,1542,1542,9,5.0197612376438006,quantum_sparse
89768,89768,1749,1749,10,5.0235502484209205,quantum_sparse
20802,20802,1614,1614,1,5.024819943923087,quantum_sparse
20802,20802,1716,1716,2,5.024819943923087,quantum_sparse
20802,20802,1580,1580,3,5.02421163371227,quantum_sparse
20802,20802,1535,1535,4,5.023935454637425,quantum_sparse
20802,20802,1539,1539,5,5.021913098759276,quantum_sparse
20802,20802,1666,1666,6,5.016823151931493,quantum_sparse
20802,20802,1568,1568,7,5.017328193074849,quantum_sparse
20802,20802,1440,1440,8,5.018842200688227,quantum_sparse
20802,20802,1542,1542,9,5.0197612376438006,quantum_sparse
20802,20802,1749,1749,10,5.0235502484209205,quantum_sparse
397057,397057,1614,1614,1,5.024819943923087,quantum_sparse
397057,397057,1716,1716,2,5.024819943923087,quantum_sparse
397057,397057,1580,1580,3,5.02421163371227,quantum_sparse
397057,397057,1535,1535,4,5.023935454637425,quantum_sparse
397057,397057,1539,1539,5,5.021913098759276,quantum_sparse
397057,397057,1666,1666,6,5.016823151931493,quantum_sparse
397057,397057,1568,1568,7,5.017328193074849,quantum_sparse
397057,397057,1440,1440,8,5.018842200688227,quantum_sparse
397057,397057,1542,1542,9,5.0197612376438006,quantum_sparse
397057,397057,1749,1749,10,5.0235502484209205,quantum_sparse
209707,209707,1614,1614,1,5.024819943923087,quantum_sparse
209707,209707,1716,1716,2,5.024819943923087,quantum_sparse
209707,209707,1580,1580,3,5.02421163371227,quantum_sparse
209707,209707,1535,1535,4,5.023935454637425,quantum_sparse
209707,209707,1539,1539,5,5.021913098759276,quantum_sparse
209707,209707,1666,1666,6,5.016823151931493,quantum_sparse
209707,209707,1568,1568,7,5.017328193074849,quantum_sparse
209707,209707,1440,1440,8,5.018842200688227,quantum_sparse
209707,209707,1542,1542,9,5.0197612376438006,quantum_sparse
209707,209707,1749,1749,10,5.0235502484209205,quantum_sparse
383138,383138,1614,1614,1,5.024819943923087,quantum_sparse
383138,383138,1716,1716,2,5.024819943923087,quantum_sparse
383138,383138,1580,1580,3,5.02421163371227,quantum_sparse
383138,383138,1535,1535,4,5.023935454637425,quantum_sparse
383138,383138,1539,1539,5,5.021913098759276,quantum_sparse
383138,383138,1666,1666,6,5.016823151931493,quantum_sparse
383138,383138,1568,1568,7,5.017328193074849,quantum_sparse
383138,383138,1440,1440,8,5.018842200688227,quantum_sparse
383138,383138,1542,1542,9,5.0197612376438006,quantum_sparse
383138,383138,1749,1749,10,5.0235502484209205,quantum_sparse
42489,42489,1614,1614,1,5.024819943923087,quantum_sparse
42489,42489,1716,1716,2,5.024819943923087,quantum_sparse
42489,42489,1580,1580,3,5.02421163371227,quantum_sparse
42489,42489,1535,1535,4,5.023935454637425,quantum_sparse
42489,42489,1539,1539,5,5.021913098759276,quantum_sparse
42489,42489,1666,1666,6,5.016823151931493,quantum_sparse
42489,42489,1568,1568,7,5.017328193074849,quantum_sparse
42489,42489,1440,1440,8,5.018842200688227,quantum_sparse
42489,42489,1542,1542,9,5.0197612376438006,quantum_sparse
42489,42489,1749,1749,10,5.0235502484209205,quantum_sparse
319140,319140,1614,1614,1,5.024819943923087,quantum_sparse
319140,319140,1716,1716,2,5.024819943923087,quantum_sparse
319140,319140,1580,1580,3,5.02421163371227,quantum_sparse
319140,319140,1535,1535,4,5.023935454637425,quantum_sparse
319140,319140,1539,1539,5,5.021913098759276,quantum_sparse
319140,319140,1666,1666,6,5.016823151931493,quantum_sparse
319140,319140,1568,1568,7,5.017328193074849,quantum_sparse
319140,319140,1440,1440,8,5.018842200688227,quantum_sparse
319140,319140,1542,1542,9,5.0197612376438006,quantum_sparse
319140,319140,1749,1749,10,5.0235502484209205,quantum_sparse
329428,329428,1614,1614,1,5.024819943923087,quantum_sparse
329428,329428,1716,1716,2,5.024819943923087,quantum_sparse
329428,329428,1580,1580,3,5.02421163371227,quantum_sparse
329428,329428,1535,1535,4,5.023935454637425,quantum_sparse
329428,329428,1539,1539,5,5.021913098759276,quantum_sparse
329428,329428,1666,1666,6,5.016823151931493,quantum_sparse
329428,329428,1568,1568,7,5.017328193074849,quantum_sparse
329428,329428,1440,1440,8,5.018842200688227,quantum_sparse
329428,329428,1542,1542,9,5.0197612376438006,quantum_sparse
329428,329428,1749,1749,10,5.0235502484209205,quantum_sparse
47697,47697,1614,1614,1,5.024819943923087,quantum_sparse
47697,47697,1716,1716,2,5.024819943923087,quantum_sparse
47697,47697,1580,1580,3,5.02421163371227,quantum_sparse
47697,47697,1535,1535,4,5.023935454637425,quantum_sparse
47697,47697,1539,1539,5,5.021913098759276,quantum_sparse
47697,47697,1666,1666,6,5.016823151931493,quantum_sparse
47697,47697,1568,1568,7,5.017328193074849,quantum_sparse
47697,47697,1440,1440,8,5.018842200688227,quantum_sparse
47697,47697,1542,1542,9,5.0197612376438006,quantum_sparse
47697,47697,1749,1749,10,5.0235502484209205,quantum_sparse
296534,296534,1614,1614,1,5.024819943923087,quantum_sparse
296534,296534,1716,1716,2,5.024819943923087,quantum_sparse
296534,296534,1580,1580,3,5.02421163371227,quantum_sparse
296534,296534,1535,1535,4,5.023935454637425,quantum_sparse
296534,296534,1539,1539,5,5.021913098759276,quantum_sparse
296534,296534,1666,1666,6,5.016823151931493,quantum_sparse
296534,296534,1568,1568,7,5.017328193074849,quantum_sparse
296534,296534,1440,1440,8,5.018842200688227,quantum_sparse
296534,296534,1542,1542,9,5.0197612376438006,quantum_sparse
296534,296534,1749,1749,10,5.0235502484209205,quantum_sparse
69213,69213,1614,1614,1,5.024819943923087,quantum_sparse
69213,69213,1716,1716,2,5.024819943923087,quantum_sparse
69213,69213,1580,1580,3,5.02421163371227,quantum_sparse
69213,69213,1535,1535,4,5.023935454637425,quantum_sparse
69213,69213,1539,1539,5,5.021913098759276,quantum_sparse
69213,69213,1666,1666,6,5.016823151931493,quantum_sparse
69213,69213,1568,1568,7,5.017328193074849,quantum_sparse
69213,69213,1440,1440,8,5.018842200688227,quantum_sparse
69213,69213,1542,1542,9,5.0197612376438006,quantum_sparse
69213,69213,1749,1749,10,5.0235502484209205,quantum_sparse
318389,318389,1614,1614,1,5.024819943923087,quantum_sparse
318389,318389,1716,1716,2,5.024819943923087,quantum_sparse
318389,318389,1580,1580,3,5.02421163371227,quantum_sparse
318389,318389,1535,1535,4,5.023935454637425,quantum_sparse
318389,318389,1539,1539,5,5.021913098759276,quantum_sparse
318389,318389,1666,1666,6,5.016823151931493,quantum_sparse
318389,318389,1568,1568,7,5.017328193074849,quantum_sparse
318389,318389,1440,1440,8,5.018842200688227,quantum_sparse
318389,318389,1542,1542,9,5.0197612376438006,quantum_sparse
318389,318389,1749,1749,10,5.0235502484209205,quantum_sparse
156550,156550,1614,1614,1,5.024819943923087,quantum_sparse
156550,156550,1716,1716,2,5.024819943923087,quantum_sparse
156550,156550,1580,1580,3,5.02421163371227,quantum_sparse
156550,156550,1535,1535,4,5.023935454637425,quantum_sparse
156550,156550,1539,1539,5,5.021913098759276,quantum_sparse
156550,156550,1666,1666,6,5.016823151931493,quantum_sparse
156550,156550,1568,1568,7,5.017328193074849,quantum_sparse
156550,156550,1440,1440,8,5.018842200688227,quantum_sparse
156550,156550,1542,1542,9,5.0197612376438006,quantum_sparse
156550,156550,1749,1749,10,5.0235502484209205,quantum_sparse
217959,217959,1614,1614,1,5.024819943923087,quantum_sparse
217959,217959,1716,1716,2,5.024819943923087,quantum_sparse
217959,217959,1580,1580,3,5.02421163371227,quantum_sparse
217959,217959,1535,1535,4,5.023935454637425,quantum_sparse
217959,217959,1539,1539,5,5.021913098759276,quantum_sparse
217959,217959,1666,1666,6,5.016823151931493,quantum_sparse
217959,217959,1568,1568,7,5.017328193074849,quantum_sparse
217959,217959,1440,1440,8,5.018842200688227,quantum_sparse
217959,217959,1542,1542,9,5.0197612376438006,quantum_sparse
217959,217959,1749,1749,10,5.0235502484209205,quantum_sparse
336555,336555,1614,1614,1,5.024819943923087,quantum_sparse
336555,336555,1716,1716,2,5.024819943923087,quantum_sparse
336555,336555,1580,1580,3,5.02421163371227,quantum_sparse
336555,336555,1535,1535,4,5.023935454637425,quantum_sparse
336555,336555,1539,1539,5,5.021913098759276,quantum_sparse
336555,336555,1666,1666,6,5.016823151931493,quantum_sparse
336555,336555,1568,1568,7,5.017328193074849,quantum_sparse
336555,336555,1440,1440,8,5.018842200688227,quantum_sparse
336555,336555,1542,1542,9,5.0197612376438006,quantum_sparse
336555,336555,1749,1749,10,5.0235502484209205,quantum_sparse
363283,363283,1614,1614,1,5.024819943923087,quantum_sparse
363283,363283,1716,1716,2,5.024819943923087,quantum_sparse
363283,363283,1580,1580,3,5.02421163371227,quantum_sparse
363283,363283,1535,1535,4,5.023935454637425,quantum_sparse
363283,363283,1539,1539,5,5.021913098759276,quantum_sparse
363283,363283,1666,1666,6,5.016823151931493,quantum_sparse
363283,363283,1568,1568,7,5.017328193074849,quantum_sparse
363283,363283,1440,1440,8,5.018842200688227,quantum_sparse
363283,363283,1542,1542,9,5.0197612376438006,quantum_sparse
363283,363283,1749,1749,10,5.0235502484209205,quantum_sparse
251038,251038,1614,1614,1,5.024819943923087,quantum_sparse
251038,251038,1716,1716,2,5.024819943923087,quantum_sparse
251038,251038,1580,1580,3,5.02421163371227,quantum_sparse
251038,251038,1535,1535,4,5.023935454637425,quantum_sparse
251038,251038,1539,1539,5,5.021913098759276,quantum_sparse
251038,251038,1666,1666,6,5.016823151931493,quantum_sparse
251038,251038,1568,1568,7,5.017328193074849,quantum_sparse
251038,251038,1440,1440,8,5.018842200688227,quantum_sparse
251038,251038,1542,1542,9,5.0197612376438006,quantum_sparse
251038,251038,1749,1749,10,5.0235502484209205,quantum_sparse
383999,383999,1614,1614,1,5.024819943923087,quantum_sparse
383999,383999,1716,1716,2,5.024819943923087,quantum_sparse
383999,383999,1580,1580,3,5.02421163371227,quantum_sparse
383999,383999,1535,1535,4,5.023935454637425,quantum_sparse
383999,383999,1539,1539,5,5.021913098759276,quantum_sparse
383999,383999,1666,1666,6,5.016823151931493,quantum_sparse
383999,383999,1568,1568,7,5.017328193074849,quantum_sparse
383999,383999,1440,1440,8,5.018842200688227,quantum_sparse
383999,383999,1542,1542,9,5.0197612376438006,quantum_sparse
383999,383999,1749,1749,10,5.0235502484209205,quantum_sparse
9649,9649,1614,1614,1,5.024819943923087,quantum_sparse
9649,9649,1716,1716,2,5.024819943923087,quantum_sparse
9649,9649,1580,1580,3,5.02421163371227,quantum_sparse
9649,9649,1535,1535,4,5.023935454637425,quantum_sparse
9649,9649,1539,1539,5,5.021913098759276,quantum_sparse
9649,9649,1666,1666,6,5.016823151931493,quantum_sparse
9649,9649,1568,1568,7,5.017328193074849,quantum_sparse
9649,9649,1440,1440,8,5.018842200688227,quantum_sparse
9649,9649,1542,1542,9,5.0197612376438006,quantum_sparse
9649,9649,1749,1749,10,5.0235502484209205,quantum_sparse
432649,432649,1614,1614,1,5.024819943923087,quantum_sparse
432649,432649,1716,1716,2,5.024819943923087,quantum_sparse
432649,432649,1580,1580,3,5.02421163371227,quantum_sparse
432649,432649,1535,1535,4,5.023935454637425,quantum_sparse
432649,432649,1539,1539,5,5.021913098759276,quantum_sparse
432649,432649,1666,1666,6,5.016823151931493,quantum_sparse
432649,432649,1568,1568,7,5.017328193074849,quantum_sparse
432649,432649,1440,1440,8,5.018842200688227,quantum_sparse
432649,432649,1542,1542,9,5.0197612376438006,quantum_sparse
432649,432649,1749,1749,10,5.0235502484209205,quantum_sparse
235448,235448,1614,1614,1,5.024819943923087,quantum_sparse
235448,235448,1716,1716,2,5.024819943923087,quantum_sparse
235448,235448,1580,1580,3,5.02421163371227,quantum_sparse
235448,235448,1535,1535,4,5.023935454637425,quantum_sparse
235448,235448,1539,1539,5,5.021913098759276,quantum_sparse
235448,235448,1666,1666,6,5.016823151931493,quantum_sparse
235448,235448,1568,1568,7,5.017328193074849,quantum_sparse
235448,235448,1440,1440,8,5.018842200688227,quantum_sparse
235448,235448,1542,1542,9,5.0197612376438006,quantum_sparse
235448,235448,1749,1749,10,5.0235502484209205,quantum_sparse
88649,88649,1614,1614,1,5.024819943923087,quantum_sparse
88649,88649,1716,1716,2,5.024819943923087,quantum_sparse
88649,88649,1580,1580,3,5.02421163371227,quantum_sparse
88649,88649,1535,1535,4,5.023935454637425,quantum_sparse
88649,88649,1539,1539,5,5.021913098759276,quantum_sparse
88649,88649,1666,1666,6,5.016823151931493,quantum_sparse
88649,88649,1568,1568,7,5.017328193074849,quantum_sparse
88649,88649,1440,1440,8,5.018842200688227,quantum_sparse
88649,88649,1542,1542,9,5.0197612376438006,quantum_sparse
88649,88649,1749,1749,10,5.0235502484209205,quantum_sparse
278437,278437,1614,1614,1,5.024819943923087,quantum_sparse
278437,278437,1716,1716,2,5.024819943923087,quantum_sparse
278437,278437,1580,1580,3,5.02421163371227,quantum_sparse
278437,278437,1535,1535,4,5.023935454637425,quantum_sparse
278437,278437,1539,1539,5,5.021913098759276,quantum_sparse
278437,278437,1666,1666,6,5.016823151931493,quantum_sparse
278437,278437,1568,1568,7,5.017328193074849,quantum_sparse
278437,278437,1440,1440,8,5.018842200688227,quantum_sparse
278437,278437,1542,1542,9,5.0197612376438006,quantum_sparse
278437,278437,1749,1749,10,5.0235502484209205,quantum_sparse
294576,294576,1614,1614,1,5.024819943923087,quantum_sparse
294576,294576,1716,1716,2,5.024819943923087,quantum_sparse
294576,294576,1580,1580,3,5.02421163371227,quantum_sparse
294576,294576,1535,1535,4,5.023935454637425,quantum_sparse
294576,294576,1539,1539,5,5.021913098759276,quantum_sparse
294576,294576,1666,1666,6,5.016823151931493,quantum_sparse
294576,294576,1568,1568,7,5.017328193074849,quantum_sparse
294576,294576,1440,1440,8,5.018842200688227,quantum_sparse
294576,294576,1542,1542,9,5.0197612376438006,quantum_sparse
294576,294576,1749,1749,10,5.0235502484209205,quantum_sparse
407882,407882,1614,1614,1,5.024819943923087,quantum_sparse
407882,407882,1716,1716,2,5.024819943923087,quantum_sparse
407882,407882,1580,1580,3,5.02421163371227,quantum_sparse
407882,407882,1535,1535,4,5.023935454637425,quantum_sparse
407882,407882,1539,1539,5,5.021913098759276,quantum_sparse
407882,407882,1666,1666,6,5.016823151931493,quantum_sparse
407882,407882,1568,1568,7,5.017328193074849,quantum_sparse
407882,407882,1440,1440,8,5.018842200688227,quantum_sparse
407882,407882,1542,1542,9,5.0197612376438006,quantum_sparse
407882,407882,1749,1749,10,5.0235502484209205,quantum_sparse
155295,155295,1629,1629,1,5.309446489235916,quantum_sparse
155295,155295,1716,1716,2,5.024819943923087,quantum_sparse
155295,155295,1535,1535,3,5.023935454637425,quantum_sparse
155295,155295,1580,1580,4,5.02421163371227,quantum_sparse
155295,155295,1638,1638,5,5.024505642788544,quantum_sparse
155295,155295,1563,1563,6,5.024819943923087,quantum_sparse
155295,155295,1539,1539,7,5.021913098759276,quantum_sparse
155295,155295,1606,1606,8,5.022972823477892,quantum_sparse
155295,155295,1749,1749,9,5.0235502484209205,quantum_sparse
155295,155295,1440,1440,10,5.018842200688227,quantum_sparse
365085,365085,1614,1614,1,5.024819943923087,quantum_sparse
365085,365085,1716,1716,2,5.024819943923087,quantum_sparse
365085,365085,1580,1580,3,5.02421163371227,quantum_sparse
365085,365085,1535,1535,4,5.023935454637425,quantum_sparse
365085,365085,1539,1539,5,5.021913098759276,quantum_sparse
365085,365085,1666,1666,6,5.016823151931493,quantum_sparse
365085,365085,1568,1568,7,5.017328193074849,quantum_sparse
365085,365085,1440,1440,8,5.018842200688227,quantum_sparse
365085,365085,1542,1542,9,5.0197612376438006,quantum_sparse
365085,365085,1749,1749,10,5.0235502484209205,quantum_sparse
101405,101405,1614,1614,1,5.024819943923087,quantum_sparse
101405,101405,1716,1716,2,5.024819943923087,quantum_sparse
101405,101405,1580,1580,3,5.02421163371227,quantum_sparse
101405,101405,1535,1535,4,5.023935454637425,quantum_sparse
101405,101405,1539,1539,5,5.021913098759276,quantum_sparse
101405,101405,1666,1666,6,5.016823151931493,quantum_sparse
101405,101405,1568,1568,7,5.017328193074849,quantum_sparse
101405,101405,1440,1440,8,5.018842200688227,quantum_sparse
101405,101405,1542,1542,9,5.0197612376438006,quantum_sparse
101405,101405,1749,1749,10,5.0235502484209205,quantum_sparse
355440,355440,1614,1614,1,5.024819943923087,quantum_sparse
355440,355440,1716,1716,2,5.024819943923087,quantum_sparse
355440,355440,1580,1580,3,5.02421163371227,quantum_sparse
355440,355440,1535,1535,4,5.023935454637425,quantum_sparse
355440,355440,1539,1539,5,5.021913098759276,quantum_sparse
355440,355440,1666,1666,6,5.016823151931493,quantum_sparse
355440,355440,1568,1568,7,5.017328193074849,quantum_sparse
355440,355440,1440,1440,8,5.018842200688227,quantum_sparse
355440,355440,1542,1542,9,5.0197612376438006,quantum_sparse
355440,355440,1749,1749,10,5.0235502484209205,quantum_sparse
230382,230382,1614,1614,1,5.024819943923087,quantum_sparse
230382,230382,1716,1716,2,5.024819943923087,quantum_sparse
230382,230382,1580,1580,3,5.02421163371227,quantum_sparse
230382,230382,1535,1535,4,5.023935454637425,quantum_sparse
230382,230382,1539,1539,5,5.021913098759276,quantum_sparse
230382,230382,1666,1666,6,5.016823151931493,quantum_sparse
230382,230382,1568,1568,7,5.017328193074849,quantum_sparse
230382,230382,1440,1440,8,5.018842200688227,quantum_sparse
230382,230382,1542,1542,9,5.0197612376438006,quantum_sparse
230382,230382,1749,1749,10,5.0235502484209205,quantum_sparse
63133,63133,1614,1614,1,5.024819943923087,quantum_sparse
63133,63133,1716,1716,2,5.024819943923087,quantum_sparse
63133,63133,1580,1580,3,5.02421163371227,quantum_sparse
63133,63133,1535,1535,4,5.023935454637425,quantum_sparse
63133,63133,1539,1539,5,5.021913098759276,quantum_sparse
63133,63133,1666,1666,6,5.016823151931493,quantum_sparse
63133,63133,1568,1568,7,5.017328193074849,quantum_sparse
63133,63133,1440,1440,8,5.018842200688227,quantum_sparse
63133,63133,1542,1542,9,5.0197612376438006,quantum_sparse
63133,63133,1749,1749,10,5.0235502484209205,quantum_sparse
454937,454937,1614,1614,1,5.024819943923087,quantum_sparse
454937,454937,1716,1716,2,5.024819943923087,quantum_sparse
454937,454937,1580,1580,3,5.02421163371227,quantum_sparse
454937,454937,1535,1535,4,5.023935454637425,quantum_sparse
454937,454937,1539,1539,5,5.021913098759276,quantum_sparse
454937,454937,1666,1666,6,5.016823151931493,quantum_sparse
454937,454937,1568,1568,7,5.017328193074849,quantum_sparse
454937,454937,1440,1440,8,5.018842200688227,quantum_sparse
454937,454937,1542,1542,9,5.0197612376438006,quantum_sparse
454937,454937,1749,1749,10,5.0235502484209205,quantum_sparse
515525,515525,1614,1614,1,5.024819943923087,quantum_sparse
515525,515525,1716,1716,2,5.024819943923087,quantum_sparse
515525,515525,1580,1580,3,5.02421163371227,quantum_sparse
515525,515525,1535,1535,4,5.023935454637425,quantum_sparse
515525,515525,1539,1539,5,5.021913098759276,quantum_sparse
515525,515525,1666,1666,6,5.016823151931493,quantum_sparse
515525,515525,1568,1568,7,5.017328193074849,quantum_sparse
515525,515525,1440,1440,8,5.018842200688227,quantum_sparse
515525,515525,1542,1542,9,5.0197612376438006,quantum_sparse
515525,515525,1749,1749,10,5.0235502484209205,quantum_sparse
48606,48606,1614,1614,1,5.024819943923087,quantum_sparse
48606,48606,1716,1716,2,5.024819943923087,quantum_sparse
48606,48606,1580,1580,3,5.02421163371227,quantum_sparse
48606,48606,1535,1535,4,5.023935454637425,quantum_sparse
48606,48606,1539,1539,5,5.021913098759276,quantum_sparse
48606,48606,1666,1666,6,5.016823151931493,quantum_sparse
48606,48606,1568,1568,7,5.017328193074849,quantum_sparse
48606,48606,1440,1440,8,5.018842200688227,quantum_sparse
48606,48606,1542,1542,9,5.0197612376438006,quantum_sparse
48606,48606,1749,1749,10,5.0235502484209205,quantum_sparse
39372,39372,1614,1614,1,5.024819943923087,quantum_sparse
39372,39372,1716,1716,2,5.024819943923087,quantum_sparse
39372,39372,1580,1580,3,5.02421163371227,quantum_sparse
39372,39372,1535,1535,4,5.023935454637425,quantum_sparse
39372,39372,1539,1539,5,5.021913098759276,quantum_sparse
39372,39372,1666,1666,6,5.016823151931493,quantum_sparse
39372,39372,1568,1568,7,5.017328193074849,quantum_sparse
39372,39372,1440,1440,8,5.018842200688227,quantum_sparse
39372,39372,1542,1542,9,5.0197612376438006,quantum_sparse
39372,39372,1749,1749,10,5.0235502484209205,quantum_sparse
137027,137027,1614,1614,1,5.024819943923087,quantum_sparse
137027,137027,1716,1716,2,5.024819943923087,quantum_sparse
137027,137027,1580,1580,3,5.02421163371227,quantum_sparse
137027,137027,1535,1535,4,5.023935454637425,quantum_sparse
137027,137027,1539,1539,5,5.021913098759276,quantum_sparse
137027,137027,1666,1666,6,5.016823151931493,quantum_sparse
137027,137027,1568,1568,7,5.017328193074849,quantum_sparse
137027,137027,1440,1440,8,5.018842200688227,quantum_sparse
137027,137027,1542,1542,9,5.0197612376438006,quantum_sparse
137027,137027,1749,1749,10,5.0235502484209205,quantum_sparse
372664,372664,1614,1614,1,5.024819943923087,quantum_sparse
372664,372664,1716,1716,2,5.024819943923087,quantum_sparse
372664,372664,1580,1580,3,5.02421163371227,quantum_sparse
372664,372664,1535,1535,4,5.023935454637425,quantum_sparse
372664,372664,1539,1539,5,5.021913098759276,quantum_sparse
372664,372664,1666,1666,6,5.016823151931493,quantum_sparse
372664,372664,1568,1568,7,5.017328193074849,quantum_sparse
372664,372664,1440,1440,8,5.018842200688227,quantum_sparse
372664,372664,1542,1542,9,5.0197612376438006,quantum_sparse
372664,372664,1749,1749,10,5.0235502484209205,quantum_sparse
226825,226825,1614,1614,1,5.024819943923087,quantum_sparse
226825,226825,1716,1716,2,5.024819943923087,quantum_sparse
226825,226825,1580,1580,3,5.02421163371227,quantum_sparse
226825,226825,1535,1535,4,5.023935454637425,quantum_sparse
226825,226825,1539,1539,5,5.021913098759276,quantum_sparse
226825,226825,1666,1666,6,5.016823151931493,quantum_sparse
226825,226825,1568,1568,7,5.017328193074849,quantum_sparse
226825,226825,1440,1440,8,5.018842200688227,quantum_sparse
226825,226825,1542,1542,9,5.0197612376438006,quantum_sparse
226825,226825,1749,1749,10,5.0235502484209205,quantum_sparse
399253,399253,1614,1614,1,5.024819943923087,quantum_sparse
399253,399253,1716,1716,2,5.024819943923087,quantum_sparse
399253,399253,1580,1580,3,5.02421163371227,quantum_sparse
399253,399253,1535,1535,4,5.023935454637425,quantum_sparse
399253,399253,1539,1539,5,5.021913098759276,quantum_sparse
399253,399253,1666,1666,6,5.016823151931493,quantum_sparse
399253,399253,1568,1568,7,5.017328193074849,quantum_sparse
399253,399253,1440,1440,8,5.018842200688227,quantum_sparse
399253,399253,1542,1542,9,5.0197612376438006,quantum_sparse
399253,399253,1749,1749,10,5.0235502484209205,quantum_sparse
362685,362685,1614,1614,1,5.024819943923087,quantum_sparse
362685,362685,1716,1716,2,5.024819943923087,quantum_sparse
362685,362685,1580,1580,3,5.02421163371227,quantum_sparse
362685,362685,1535,1535,4,5.023935454637425,quantum_sparse
362685,362685,1539,1539,5,5.021913098759276,quantum_sparse
362685,362685,1666,1666,6,5.016823151931493,quantum_sparse
362685,362685,1568,1568,7,5.017328193074849,quantum_sparse
362685,362685,1440,1440,8,5.018842200688227,quantum_sparse
362685,362685,1542,1542,9,5.0197612376438006,quantum_sparse
362685,362685,1749,1749,10,5.0235502484209205,quantum_sparse
131512,131512,1614,1614,1,5.024819943923087,quantum_sparse
131512,131512,1716,1716,2,5.024819943923087,quantum_sparse
131512,131512,1580,1580,3,5.02421163371227,quantum_sparse
131512,131512,1535,1535,4,5.023935454637425,quantum_sparse
131512,131512,1539,1539,5,5.021913098759276,quantum_sparse
131512,131512,1666,1666,6,5.016823151931493,quantum_sparse
131512,131512,1568,1568,7,5.017328193074849,quantum_sparse
131512,131512,1440,1440,8,5.018842200688227,quantum_sparse
131512,131512,1542,1542,9,5.0197612376438006,quantum_sparse
131512,131512,1749,1749,10,5.0235502484209205,quantum_sparse
394764,394764,1614,1614,1,5.024819943923087,quantum_sparse
394764,394764,1716,1716,2,5.024819943923087,quantum_sparse
394764,394764,1580,1580,3,5.02421163371227,quantum_sparse
394764,394764,1535,1535,4,5.023935454637425,quantum_sparse
394764,394764,1539,1539,5,5.021913098759276,quantum_sparse
394764,394764,1666,1666,6,5.016823151931493,quantum_sparse
394764,394764,1568,1568,7,5.017328193074849,quantum_sparse
394764,394764,1440,1440,8,5.018842200688227,quantum_sparse
394764,394764,1542,1542,9,5.0197612376438006,quantum_sparse
394764,394764,1749,1749,10,5.0235502484209205,quantum_sparse
132750,132750,1614,1614,1,5.024819943923087,quantum_sparse
132750,132750,1716,1716,2,5.024819943923087,quantum_sparse
132750,132750,1580,1580,3,5.02421163371227,quantum_sparse
132750,132750,1535,1535,4,5.023935454637425,quantum_sparse
132750,132750,1539,1539,5,5.021913098759276,quantum_sparse
132750,132750,1666,1666,6,5.016823151931493,quantum_sparse
132750,132750,1568,1568,7,5.017328193074849,quantum_sparse
132750,132750,1440,1440,8,5.018842200688227,quantum_sparse
132750,132750,1542,1542,9,5.0197612376438006,quantum_sparse
132750,132750,1749,1749,10,5.0235502484209205,quantum_sparse
490036,490036,1614,1614,1,5.024819943923087,quantum_sparse
490036,490036,1716,1716,2,5.024819943923087,quantum_sparse
490036,490036,1580,1580,3,5.02421163371227,quantum_sparse
490036,490036,1535,1535,4,5.023935454637425,quantum_sparse
490036,490036,1539,1539,5,5.021913098759276,quantum_sparse
490036,490036,1666,1666,6,5.016823151931493,quantum_sparse
490036,490036,1568,1568,7,5.017328193074849,quantum_sparse
490036,490036,1440,1440,8,5.018842200688227,quantum_sparse
490036,490036,1542,1542,9,5.0197612376438006,quantum_sparse
490036,490036,1749,1749,10,5.0235502484209205,quantum_sparse
388302,388302,1614,1614,1,5.024819943923087,quantum_sparse
388302,388302,1716,1716,2,5.024819943923087,quantum_sparse
388302,388302,1580,1580,3,5.02421163371227,quantum_sparse
388302,388302,1535,1535,4,5.023935454637425,quantum_sparse
388302,388302,1539,1539,5,5.021913098759276,quantum_sparse
388302,388302,1666,1666,6,5.016823151931493,quantum_sparse
388302,388302,1568,1568,7,5.017328193074849,quantum_sparse
388302,388302,1440,1440,8,5.018842200688227,quantum_sparse
388302,388302,1542,1542,9,5.0197612376438006,quantum_sparse
388302,388302,1749,1749,10,5.0235502484209205,quantum_sparse
133753,133753,1614,1614,1,5.024819943923087,quantum_sparse
133753,133753,1716,1716,2,5.024819943923087,quantum_sparse
133753,133753,1580,1580,3,5.02421163371227,quantum_sparse
133753,133753,1535,1535,4,5.023935454637425,quantum_sparse
133753,133753,1539,1539,5,5.021913098759276,quantum_sparse
133753,133753,1666,1666,6,5.016823151931493,quantum_sparse
133753,133753,1568,1568,7,5.017328193074849,quantum_sparse
133753,133753,1440,1440,8,5.018842200688227,quantum_sparse
133753,133753,1542,1542,9,5.0197612376438006,quantum_sparse
133753,133753,1749,1749,10,5.0235502484209205,quantum_sparse
232185,232185,1614,1614,1,5.024819943923087,quantum_sparse
232185,232185,1716,1716,2,5.024819943923087,quantum_sparse
232185,232185,1580,1580,3,5.02421163371227,quantum_sparse
232185,232185,1535,1535,4,5.023935454637425,quantum_sparse
232185,232185,1539,1539,5,5.021913098759276,quantum_sparse
232185,232185,1666,1666,6,5.016823151931493,quantum_sparse
232185,232185,1568,1568,7,5.017328193074849,quantum_sparse
232185,232185,1440,1440,8,5.018842200688227,quantum_sparse
232185,232185,1542,1542,9,5.0197612376438006,quantum_sparse
232185,232185,1749,1749,10,5.0235502484209205,quantum_sparse
353768,353768,1614,1614,1,5.024819943923087,quantum_sparse
353768,353768,1716,1716,2,5.024819943923087,quantum_sparse
353768,353768,1580,1580,3,5.02421163371227,quantum_sparse
353768,353768,1535,1535,4,5.023935454637425,quantum_sparse
353768,353768,1539,1539,5,5.021913098759276,quantum_sparse
353768,353768,1666,1666,6,5.016823151931493,quantum_sparse
353768,353768,1568,1568,7,5.017328193074849,quantum_sparse
353768,353768,1440,1440,8,5.018842200688227,quantum_sparse
353768,353768,1542,1542,9,5.0197612376438006,quantum_sparse
353768,353768,1749,1749,10,5.0235502484209205,quantum_sparse
252646,252646,1614,1614,1,5.024819943923087,quantum_sparse
252646,252646,1716,1716,2,5.024819943923087,quantum_sparse
252646,252646,1580,1580,3,5.02421163371227,quantum_sparse
252646,252646,1535,1535,4,5.023935454637425,quantum_sparse
252646,252646,1539,1539,5,5.021913098759276,quantum_sparse
252646,252646,1666,1666,6,5.016823151931493,quantum_sparse
252646,252646,1568,1568,7,5.017328193074849,quantum_sparse
252646,252646,1440,1440,8,5.018842200688227,quantum_sparse
252646,252646,1542,1542,9,5.0197612376438006,quantum_sparse
252646,252646,1749,1749,10,5.0235502484209205,quantum_sparse
458312,458312,1614,1614,1,5.024819943923087,quantum_sparse
458312,458312,1716,1716,2,5.024819943923087,quantum_sparse
458312,458312,1580,1580,3,5.02421163371227,quantum_sparse
458312,458312,1535,1535,4,5.023935454637425,quantum_sparse
458312,458312,1539,1539,5,5.021913098759276,quantum_sparse
458312,458312,1666,1666,6,5.016823151931493,quantum_sparse
458312,458312,1568,1568,7,5.017328193074849,quantum_sparse
458312,458312,1440,1440,8,5.018842200688227,quantum_sparse
458312,458312,1542,1542,9,5.0197612376438006,quantum_sparse
458312,458312,1749,1749,10,5.0235502484209205,quantum_sparse
185744,185744,1614,1614,1,5.024819943923087,quantum_sparse
185744,185744,1716,1716,2,5.024819943923087,quantum_sparse
185744,185744,1580,1580,3,5.02421163371227,quantum_sparse
185744,185744,1535,1535,4,5.023935454637425,quantum_sparse
185744,185744,1539,1539,5,5.021913098759276,quantum_sparse
185744,185744,1666,1666,6,5.016823151931493,quantum_sparse
185744,185744,1568,1568,7,5.017328193074849,quantum_sparse
185744,185744,1440,1440,8,5.018842200688227,quantum_sparse
185744,185744,1542,1542,9,5.0197612376438006,quantum_sparse
185744,185744,1749,1749,10,5.0235502484209205,quantum_sparse
486727,486727,1614,1614,1,5.024819943923087,quantum_sparse
486727,486727,1716,1716,2,5.024819943923087,quantum_sparse
486727,486727,1580,1580,3,5.02421163371227,quantum_sparse
486727,486727,1535,1535,4,5.023935454637425,quantum_sparse
486727,486727,1539,1539,5,5.021913098759276,quantum_sparse
486727,486727,1666,1666,6,5.016823151931493,quantum_sparse
486727,486727,1568,1568,7,5.017328193074849,quantum_sparse
486727,486727,1440,1440,8,5.018842200688227,quantum_sparse
486727,486727,1542,1542,9,5.0197612376438006,quantum_sparse
486727,486727,1749,1749,10,5.0235502484209205,quantum_sparse
172650,172650,1614,1614,1,5.024819943923087,quantum_sparse
172650,172650,1716,1716,2,5.024819943923087,quantum_sparse
172650,172650,1580,1580,3,5.02421163371227,quantum_sparse
172650,172650,1535,1535,4,5.023935454637425,quantum_sparse
172650,172650,1539,1539,5,5.021913098759276,quantum_sparse
172650,172650,1666,1666,6,5.016823151931493,quantum_sparse
172650,172650,1568,1568,7,5.017328193074849,quantum_sparse
172650,172650,1440,1440,8,5.018842200688227,quantum_sparse
172650,172650,1542,1542,9,5.0197612376438006,quantum_sparse
172650,172650,1749,1749,10,5.0235502484209205,quantum_sparse
58755,58755,1614,1614,1,5.024819943923087,quantum_sparse
58755,58755,1716,1716,2,5.024819943923087,quantum_sparse
58755,58755,1580,1580,3,5.02421163371227,quantum_sparse
58755,58755,1535,1535,4,5.023935454637425,quantum_sparse
58755,58755,1539,1539,5,5.021913098759276,quantum_sparse
58755,58755,1666,1666,6,5.016823151931493,quantum_sparse
58755,58755,1568,1568,7,5.017328193074849,quantum_sparse
58755,58755,1440,1440,8,5.018842200688227,quantum_sparse
58755,58755,1542,1542,9,5.0197612376438006,quantum_sparse
58755,58755,1749,1749,10,5.0235502484209205,quantum_sparse
174185,174185,1614,1614,1,5.024819943923087,quantum_sparse
174185,174185,1716,1716,2,5.024819943923087,quantum_sparse
174185,174185,1580,1580,3,5.02421163371227,quantum_sparse
174185,174185,1535,1535,4,5.023935454637425,quantum_sparse
174185,174185,1539,1539,5,5.021913098759276,quantum_sparse
174185,174185,1666,1666,6,5.016823151931493,quantum_sparse
174185,174185,1568,1568,7,5.017328193074849,quantum_sparse
174185,174185,1440,1440,8,5.018842200688227,quantum_sparse
174185,174185,1542,1542,9,5.0197612376438006,quantum_sparse
174185,174185,1749,1749,10,5.0235502484209205,quantum_sparse
44405,44405,1614,1614,1,5.024819943923087,quantum_sparse
44405,44405,1716,1716,2,5.024819943923087,quantum_sparse
44405,44405,1580,1580,3,5.02421163371227,quantum_sparse
44405,44405,1535,1535,4,5.023935454637425,quantum_sparse
44405,44405,1539,1539,5,5.021913098759276,quantum_sparse
44405,44405,1666,1666,6,5.016823151931493,quantum_sparse
44405,44405,1568,1568,7,5.017328193074849,quantum_sparse
44405,44405,1440,1440,8,5.018842200688227,quantum_sparse
44405,44405,1542,1542,9,5.0197612376438006,quantum_sparse
44405,44405,1749,1749,10,5.0235502484209205,quantum_sparse
485698,485698,1614,1614,1,5.024819943923087,quantum_sparse
485698,485698,1716,1716,2,5.024819943923087,quantum_sparse
485698,485698,1580,1580,3,5.02421163371227,quantum_sparse
485698,485698,1535,1535,4,5.023935454637425,quantum_sparse
485698,485698,1539,1539,5,5.021913098759276,quantum_sparse
485698,485698,1666,1666,6,5.016823151931493,quantum_sparse
485698,485698,1568,1568,7,5.017328193074849,quantum_sparse
485698,485698,1440,1440,8,5.018842200688227,quantum_sparse
485698,485698,1542,1542,9,5.0197612376438006,quantum_sparse
485698,485698,1749,1749,10,5.0235502484209205,quantum_sparse
183768,183768,1614,1614,1,5.024819943923087,quantum_sparse
183768,183768,1716,1716,2,5.024819943923087,quantum_sparse
183768,183768,1580,1580,3,5.02421163371227,quantum_sparse
183768,183768,1535,1535,4,5.023935454637425,quantum_sparse
183768,183768,1539,1539,5,5.021913098759276,quantum_sparse
183768,183768,1666,1666,6,5.016823151931493,quantum_sparse
183768,183768,1568,1568,7,5.017328193074849,quantum_sparse
183768,183768,1440,1440,8,5.018842200688227,quantum_sparse
183768,183768,1542,1542,9,5.0197612376438006,quantum_sparse
183768,183768,1749,1749,10,5.0235502484209205,quantum_sparse
310244,310244,1614,1614,1,5.024819943923087,quantum_sparse
310244,310244,1716,1716,2,5.024819943923087,quantum_sparse
310244,310244,1580,1580,3,5.02421163371227,quantum_sparse
310244,310244,1535,1535,4,5.023935454637425,quantum_sparse
310244,310244,1539,1539,5,5.021913098759276,quantum_sparse
310244,310244,1666,1666,6,5.016823151931493,quantum_sparse
310244,310244,1568,1568,7,5.017328193074849,quantum_sparse
310244,310244,1440,1440,8,5.018842200688227,quantum_sparse
310244,310244,1542,1542,9,5.0197612376438006,quantum_sparse
310244,310244,1749,1749,10,5.0235502484209205,quantum_sparse
321536,321536,1614,1614,1,5.024819943923087,quantum_sparse
321536,321536,1716,1716,2,5.024819943923087,quantum_sparse
321536,321536,1580,1580,3,5.02421163371227,quantum_sparse
321536,321536,1535,1535,4,5.023935454637425,quantum_sparse
321536,321536,1539,1539,5,5.021913098759276,quantum_sparse
321536,321536,1666,1666,6,5.016823151931493,quantum_sparse
321536,321536,1568,1568,7,5.017328193074849,quantum_sparse
321536,321536,1440,1440,8,5.018842200688227,quantum_sparse
321536,321536,1542,1542,9,5.0197612376438006,quantum_sparse
321536,321536,1749,1749,10,5.0235502484209205,quantum_sparse
347252,347252,1614,1614,1,5.024819943923087,quantum_sparse
347252,347252,1716,1716,2,5.024819943923087,quantum_sparse
347252,347252,1580,1580,3,5.02421163371227,quantum_sparse
347252,347252,1535,1535,4,5.023935454637425,quantum_sparse
347252,347252,1539,1539,5,5.021913098759276,quantum_sparse
347252,347252,1666,1666,6,5.016823151931493,quantum_sparse
347252,347252,1568,1568,7,5.017328193074849,quantum_sparse
347252,347252,1440,1440,8,5.018842200688227,quantum_sparse
347252,347252,1542,1542,9,5.0197612376438006,quantum_sparse
347252,347252,1749,1749,10,5.0235502484209205,quantum_sparse
153192,153192,1614,1614,1,5.024819943923087,quantum_sparse
153192,153192,1716,1716,2,5.024819943923087,quantum_sparse
153192,153192,1580,1580,3,5.02421163371227,quantum_sparse
153192,153192,1535,1535,4,5.023935454637425,quantum_sparse
153192,153192,1539,1539,5,5.021913098759276,quantum_sparse
153192,153192,1666,1666,6,5.016823151931493,quantum_sparse
153192,153192,1568,1568,7,5.017328193074849,quantum_sparse
153192,153192,1440,1440,8,5.018842200688227,quantum_sparse
153192,153192,1542,1542,9,5.0197612376438006,quantum_sparse
153192,153192,1749,1749,10,5.0235502484209205,quantum_sparse
120713,120713,1614,1614,1,5.024819943923087,quantum_sparse
120713,120713,1716,1716,2,5.024819943923087,quantum_sparse
120713,120713,1580,1580,3,5.02421163371227,quantum_sparse
120713,120713,1535,1535,4,5.023935454637425,quantum_sparse
120713,120713,1539,1539,5,5.021913098759276,quantum_sparse
120713,120713,1666,1666,6,5.016823151931493,quantum_sparse
120713,120713,1568,1568,7,5.017328193074849,quantum_sparse
120713,120713,1440,1440,8,5.018842200688227,quantum_sparse
120713,120713,1542,1542,9,5.0197612376438006,quantum_sparse
120713,120713,1749,1749,10,5.0235502484209205,quantum_sparse
193357,193357,1614,1614,1,5.024819943923087,quantum_sparse
193357,193357,1716,1716,2,5.024819943923087,quantum_sparse
193357,193357,1580,1580,3,5.02421163371227,quantum_sparse
193357,193357,1535,1535,4,5.023935454637425,quantum_sparse
193357,193357,1539,1539,5,5.021913098759276,quantum_sparse
193357,193357,1666,1666,6,5.016823151931493,quantum_sparse
193357,193357,1568,1568,7,5.017328193074849,quantum_sparse
193357,193357,1440,1440,8,5.018842200688227,quantum_sparse
193357,193357,1542,1542,9,5.0197612376438006,quantum_sparse
193357,193357,1749,1749,10,5.0235502484209205,quantum_sparse
83472,83472,1614,1614,1,5.024819943923087,quantum_sparse
83472,83472,1716,1716,2,5.024819943923087,quantum_sparse
83472,83472,1580,1580,3,5.02421163371227,quantum_sparse
83472,83472,1535,1535,4,5.023935454637425,quantum_sparse
83472,83472,1539,1539,5,5.021913098759276,quantum_sparse
83472,83472,1666,1666,6,5.016823151931493,quantum_sparse
83472,83472,1568,1568,7,5.017328193074849,quantum_sparse
83472,83472,1440,1440,8,5.018842200688227,quantum_sparse
83472,83472,1542,1542,9,5.0197612376438006,quantum_sparse
83472,83472,1749,1749,10,5.0235502484209205,quantum_sparse
225723,225723,1614,1614,1,5.024819943923087,quantum_sparse
225723,225723,1716,1716,2,5.024819943923087,quantum_sparse
225723,225723,1580,1580,3,5.02421163371227,quantum_sparse
225723,225723,1535,1535,4,5.023935454637425,quantum_sparse
225723,225723,1539,1539,5,5.021913098759276,quantum_sparse
225723,225723,1666,1666,6,5.016823151931493,quantum_sparse
225723,225723,1568,1568,7,5.017328193074849,quantum_sparse
225723,225723,1440,1440,8,5.018842200688227,quantum_sparse
225723,225723,1542,1542,9,5.0197612376438006,quantum_sparse
225723,225723,1749,1749,10,5.0235502484209205,quantum_sparse
253494,253494,1614,1614,1,5.024819943923087,quantum_sparse
253494,253494,1716,1716,2,5.024819943923087,quantum_sparse
253494,253494,1580,1580,3,5.02421163371227,quantum_sparse
253494,253494,1535,1535,4,5.023935454637425,quantum_sparse
253494,253494,1539,1539,5,5.021913098759276,quantum_sparse
253494,253494,1666,1666,6,5.016823151931493,quantum_sparse
253494,253494,1568,1568,7,5.017328193074849,quantum_sparse
253494,253494,1440,1440,8,5.018842200688227,quantum_sparse
253494,253494,1542,1542,9,5.0197612376438006,quantum_sparse
253494,253494,1749,1749,10,5.0235502484209205,quantum_sparse
353119,353119,1614,1614,1,5.024819943923087,quantum_sparse
353119,353119,1716,1716,2,5.024819943923087,quantum_sparse
353119,353119,1580,1580,3,5.02421163371227,quantum_sparse
353119,353119,1535,1535,4,5.023935454637425,quantum_sparse
353119,353119,1539,1539,5,5.021913098759276,quantum_sparse
353119,353119,1666,1666,6,5.016823151931493,quantum_sparse
353119,353119,1568,1568,7,5.017328193074849,quantum_sparse
353119,353119,1440,1440,8,5.018842200688227,quantum_sparse
353119,353119,1542,1542,9,5.0197612376438006,quantum_sparse
353119,353119,1749,1749,10,5.0235502484209205,quantum_sparse
254898,254898,1614,1614,1,5.024819943923087,quantum_sparse
254898,254898,1716,1716,2,5.024819943923087,quantum_sparse
254898,254898,1580,1580,3,5.02421163371227,quantum_sparse
254898,254898,1535,1535,4,5.023935454637425,quantum_sparse
254898,254898,1539,1539,5,5.021913098759276,quantum_sparse
254898,254898,1666,1666,6,5.016823151931493,quantum_sparse
254898,254898,1568,1568,7,5.017328193074849,quantum_sparse
254898,254898,1440,1440,8,5.018842200688227,quantum_sparse
254898,254898,1542,1542,9,5.0197612376438006,quantum_sparse
254898,254898,1749,1749,10,5.0235502484209205,quantum_sparse
76008,76008,1614,1614,1,5.024819943923087,quantum_sparse
76008,76008,1716,1716,2,5.024819943923087,quantum_sparse
76008,76008,1580,1580,3,5.02421163371227,quantum_sparse
76008,76008,1535,1535,4,5.023935454637425,quantum_sparse
76008,76008,1539,1539,5,5.021913098759276,quantum_sparse
76008,76008,1666,1666,6,5.016823151931493,quantum_sparse
76008,76008,1568,1568,7,5.017328193074849,quantum_sparse
76008,76008,1440,1440,8,5.018842200688227,quantum_sparse
76008,76008,1542,1542,9,5.0197612376438006,quantum_sparse
76008,76008,1749,1749,10,5.0235502484209205,quantum_sparse
475030,475030,1614,1614,1,5.024819943923087,quantum_sparse
475030,475030,1716,1716,2,5.024819943923087,quantum_sparse
475030,475030,1580,1580,3,5.02421163371227,quantum_sparse
475030,475030,1535,1535,4,5.023935454637425,quantum_sparse
475030,475030,1539,1539,5,5.021913098759276,quantum_sparse
475030,475030,1666,1666,6,5.016823151931493,quantum_sparse
475030,475030,1568,1568,7,5.017328193074849,quantum_sparse
475030,475030,1440,1440,8,5.018842200688227,quantum_sparse
475030,475030,1542,1542,9,5.0197612376438006,quantum_sparse
475030,475030,1749,1749,10,5.0235502484209205,quantum_sparse
256666,256666,1614,1614,1,5.024819943923087,quantum_sparse
256666,256666,1716,1716,2,5.024819943923087,quantum_sparse
256666,256666,1580,1580,3,5.02421163371227,quantum_sparse
256666,256666,1535,1535,4,5.023935454637425,quantum_sparse
256666,256666,1539,1539,5,5.021913098759276,quantum_sparse
256666,256666,1666,1666,6,5.016823151931493,quantum_sparse
256666,256666,1568,1568,7,5.017328193074849,quantum_sparse
256666,256666,1440,1440,8,5.018842200688227,quantum_sparse
256666,256666,1542,1542,9,5.0197612376438006,quantum_sparse
256666,256666,1749,1749,10,5.0235502484209205,quantum_sparse
455564,455564,1614,1614,1,5.024819943923087,quantum_sparse
455564,455564,1716,1716,2,5.024819943923087,quantum_sparse
455564,455564,1580,1580,3,5.02421163371227,quantum_sparse
455564,455564,1535,1535,4,5.023935454637425,quantum_sparse
455564,455564,1539,1539,5,5.021913098759276,quantum_sparse
455564,455564,1666,1666,6,5.016823151931493,quantum_sparse
455564,455564,1568,1568,7,5.017328193074849,quantum_sparse
455564,455564,1440,1440,8,5.018842200688227,quantum_sparse
455564,455564,1542,1542,9,5.0197612376438006,quantum_sparse
455564,455564,1749,1749,10,5.0235502484209205,quantum_sparse
80906,80906,1614,1614,1,5.024819943923087,quantum_sparse
80906,80906,1716,1716,2,5.024819943923087,quantum_sparse
80906,80906,1580,1580,3,5.02421163371227,quantum_sparse
80906,80906,1535,1535,4,5.023935454637425,quantum_sparse
80906,80906,1539,1539,5,5.021913098759276,quantum_sparse
80906,80906,1666,1666,6,5.016823151931493,quantum_sparse
80906,80906,1568,1568,7,5.017328193074849,quantum_sparse
80906,80906,1440,1440,8,5.018842200688227,quantum_sparse
80906,80906,1542,1542,9,5.0197612376438006,quantum_sparse
80906,80906,1749,1749,10,5.0235502484209205,quantum_sparse
364127,364127,1614,1614,1,5.024819943923087,quantum_sparse
364127,364127,1716,1716,2,5.024819943923087,quantum_sparse
364127,364127,1580,1580,3,5.02421163371227,quantum_sparse
364127,364127,1535,1535,4,5.023935454637425,quantum_sparse
364127,364127,1539,1539,5,5.021913098759276,quantum_sparse
364127,364127,1666,1666,6,5.016823151931493,quantum_sparse
364127,364127,1568,1568,7,5.017328193074849,quantum_sparse
364127,364127,1440,1440,8,5.018842200688227,quantum_sparse
364127,364127,1542,1542,9,5.0197612376438006,quantum_sparse
364127,364127,1749,1749,10,5.0235502484209205,quantum_sparse
236016,236016,1614,1614,1,5.024819943923087,quantum_sparse
236016,236016,1716,1716,2,5.024819943923087,quantum_sparse
236016,236016,1580,1580,3,5.02421163371227,quantum_sparse
236016,236016,1535,1535,4,5.023935454637425,quantum_sparse
236016,236016,1539,1539,5,5.021913098759276,quantum_sparse
236016,236016,1666,1666,6,5.016823151931493,quantum_sparse
236016,236016,1568,1568,7,5.017328193074849,quantum_sparse
236016,236016,1440,1440,8,5.018842200688227,quantum_sparse
236016,236016,1542,1542,9,5.0197612376438006,quantum_sparse
236016,236016,1749,1749,10,5.0235502484209205,quantum_sparse
353344,353344,1614,1614,1,5.024819943923087,quantum_sparse
353344,353344,1716,1716,2,5.024819943923087,quantum_sparse
353344,353344,1580,1580,3,5.02421163371227,quantum_sparse
353344,353344,1535,1535,4,5.023935454637425,quantum_sparse
353344,353344,1539,1539,5,5.021913098759276,quantum_sparse
353344,353344,1666,1666,6,5.016823151931493,quantum_sparse
353344,353344,1568,1568,7,5.017328193074849,quantum_sparse
353344,353344,1440,1440,8,5.018842200688227,quantum_sparse
353344,353344,1542,1542,9,5.0197612376438006,quantum_sparse
353344,353344,1749,1749,10,5.0235502484209205,quantum_sparse
367154,367154,1614,1614,1,5.024819943923087,quantum_sparse
367154,367154,1716,1716,2,5.024819943923087,quantum_sparse
367154,367154,1580,1580,3,5.02421163371227,quantum_sparse
367154,367154,1535,1535,4,5.023935454637425,quantum_sparse
367154,367154,1539,1539,5,5.021913098759276,quantum_sparse
367154,367154,1666,1666,6,5.016823151931493,quantum_sparse
367154,367154,1568,1568,7,5.017328193074849,quantum_sparse
367154,367154,1440,1440,8,5.018842200688227,quantum_sparse
367154,367154,1542,1542,9,5.0197612376438006,quantum_sparse
367154,367154,1749,1749,10,5.0235502484209205,quantum_sparse
515058,515058,1614,1614,1,5.024819943923087,quantum_sparse
515058,515058,1716,1716,2,5.024819943923087,quantum_sparse
515058,515058,1580,1580,3,5.02421163371227,quantum_sparse
515058,515058,1535,1535,4,5.023935454637425,quantum_sparse
515058,515058,1539,1539,5,5.021913098759276,quantum_sparse
515058,515058,1666,1666,6,5.016823151931493,quantum_sparse
515058,515058,1568,1568,7,5.017328193074849,quantum_sparse
515058,515058,1440,1440,8,5.018842200688227,quantum_sparse
515058,515058,1542,1542,9,5.0197612376438006,quantum_sparse
515058,515058,1749,1749,10,5.0235502484209205,quantum_sparse
45619,45619,1614,1614,1,5.024819943923087,quantum_sparse
45619,45619,1716,1716,2,5.024819943923087,quantum_sparse
45619,45619,1580,1580,3,5.02421163371227,quantum_sparse
45619,45619,1535,1535,4,5.023935454637425,quantum_sparse
45619,45619,1539,1539,5,5.021913098759276,quantum_sparse
45619,45619,1666,1666,6,5.016823151931493,quantum_sparse
45619,45619,1568,1568,7,5.017328193074849,quantum_sparse
45619,45619,1440,1440,8,5.018842200688227,quantum_sparse
45619,45619,1542,1542,9,5.0197612376438006,quantum_sparse
45619,45619,1749,1749,10,5.0235502484209205,quantum_sparse
53433,53433,1614,1614,1,5.024819943923087,quantum_sparse
53433,53433,1716,1716,2,5.024819943923087,quantum_sparse
53433,53433,1580,1580,3,5.02421163371227,quantum_sparse
53433,53433,1535,1535,4,5.023935454637425,quantum_sparse
53433,53433,1539,1539,5,5.021913098759276,quantum_sparse
53433,53433,1666,1666,6,5.016823151931493,quantum_sparse
53433,53433,1568,1568,7,5.017328193074849,quantum_sparse
53433,53433,1440,1440,8,5.018842200688227,quantum_sparse
53433,53433,1542,1542,9,5.0197612376438006,quantum_sparse
53433,53433,1749,1749,10,5.0235502484209205,quantum_sparse
11586,11586,1614,1614,1,5.024819943923087,quantum_sparse
11586,11586,1716,1716,2,5.024819943923087,quantum_sparse
11586,11586,1580,1580,3,5.02421163371227,quantum_sparse
11586,11586,1535,1535,4,5.023935454637425,quantum_sparse
11586,11586,1539,1539,5,5.021913098759276,quantum_sparse
11586,11586,1666,1666,6,5.016823151931493,quantum_sparse
11586,11586,1568,1568,7,5.017328193074849,quantum_sparse
11586,11586,1440,1440,8,5.018842200688227,quantum_sparse
11586,11586,1542,1542,9,5.0197612376438006,quantum_sparse
11586,11586,1749,1749,10,5.0235502484209205,quantum_sparse
170759,170759,1614,1614,1,5.024819943923087,quantum_sparse
170759,170759,1716,1716,2,5.024819943923087,quantum_sparse
170759,170759,1580,1580,3,5.02421163371227,quantum_sparse
170759,170759,1535,1535,4,5.023935454637425,quantum_sparse
170759,170759,1539,1539,5,5.021913098759276,quantum_sparse
170759,170759,1666,1666,6,5.016823151931493,quantum_sparse
170759,170759,1568,1568,7,5.017328193074849,quantum_sparse
170759,170759,1440,1440,8,5.018842200688227,quantum_sparse
170759,170759,1542,1542,9,5.0197612376438006,quantum_sparse
170759,170759,1749,1749,10,5.0235502484209205,quantum_sparse
513860,513860,1614,1614,1,5.024819943923087,quantum_sparse
513860,513860,1716,1716,2,5.024819943923087,quantum_sparse
513860,513860,1580,1580,3,5.02421163371227,quantum_sparse
513860,513860,1535,1535,4,5.023935454637425,quantum_sparse
513860,513860,1539,1539,5,5.021913098759276,quantum_sparse
513860,513860,1666,1666,6,5.016823151931493,quantum_sparse
513860,513860,1568,1568,7,5.017328193074849,quantum_sparse
513860,513860,1440,1440,8,5.018842200688227,quantum_sparse
513860,513860,1542,1542,9,5.0197612376438006,quantum_sparse
513860,513860,1749,1749,10,5.0235502484209205,quantum_sparse
164200,164200,1614,1614,1,5.024819943923087,quantum_sparse
164200,164200,1716,1716,2,5.024819943923087,quantum_sparse
164200,164200,1580,1580,3,5.02421163371227,quantum_sparse
164200,164200,1535,1535,4,5.023935454637425,quantum_sparse
164200,164200,1539,1539,5,5.021913098759276,quantum_sparse
164200,164200,1666,1666,6,5.016823151931493,quantum_sparse
164200,164200,1568,1568,7,5.017328193074849,quantum_sparse
164200,164200,1440,1440,8,5.018842200688227,quantum_sparse
164200,164200,1542,1542,9,5.0197612376438006,quantum_sparse
164200,164200,1749,1749,10,5.0235502484209205,quantum_sparse
413017,413017,1614,1614,1,5.024819943923087,quantum_sparse
413017,413017,1716,1716,2,5.024819943923087,quantum_sparse
413017,413017,1580,1580,3,5.02421163371227,quantum_sparse
413017,413017,1535,1535,4,5.023935454637425,quantum_sparse
413017,413017,1539,1539,5,5.021913098759276,quantum_sparse
413017,413017,1666,1666,6,5.016823151931493,quantum_sparse
413017,413017,1568,1568,7,5.017328193074849,quantum_sparse
413017,413017,1440,1440,8,5.018842200688227,quantum_sparse
413017,413017,1542,1542,9,5.0197612376438006,quantum_sparse
413017,413017,1749,1749,10,5.0235502484209205,quantum_sparse
211984,211984,1614,1614,1,5.024819943923087,quantum_sparse
211984,211984,1716,1716,2,5.024819943923087,quantum_sparse
211984,211984,1580,1580,3,5.02421163371227,quantum_sparse
211984,211984,1535,1535,4,5.023935454637425,quantum_sparse
211984,211984,1539,1539,5,5.021913098759276,quantum_sparse
211984,211984,1666,1666,6,5.016823151931493,quantum_sparse
211984,211984,1568,1568,7,5.017328193074849,quantum_sparse
211984,211984,1440,1440,8,5.018842200688227,quantum_sparse
211984,211984,1542,1542,9,5.0197612376438006,quantum_sparse
211984,211984,1749,1749,10,5.0235502484209205,quantum_sparse
207072,207072,1614,1614,1,5.024819943923087,quantum_sparse
207072,207072,1716,1716,2,5.024819943923087,quantum_sparse
207072,207072,1580,1580,3,5.02421163371227,quantum_sparse
207072,207072,1535,1535,4,5.023935454637425,quantum_sparse
207072,207072,1539,1539,5,5.021913098759276,quantum_sparse
207072,207072,1666,1666,6,5.016823151931493,quantum_sparse
207072,207072,1568,1568,7,5.017328193074849,quantum_sparse
207072,207072,1440,1440,8,5.018842200688227,quantum_sparse
207072,207072,1542,1542,9,5.0197612376438006,quantum_sparse
207072,207072,1749,1749,10,5.0235502484209205,quantum_sparse
509067,509067,1614,1614,1,5.024819943923087,quantum_sparse
509067,509067,1716,1716,2,5.024819943923087,quantum_sparse
509067,509067,1580,1580,3,5.02421163371227,quantum_sparse
509067,509067,1535,1535,4,5.023935454637425,quantum_sparse
509067,509067,1539,1539,5,5.021913098759276,quantum_sparse
509067,509067,1666,1666,6,5.016823151931493,quantum_sparse
509067,509067,1568,1568,7,5.017328193074849,quantum_sparse
509067,509067,1440,1440,8,5.018842200688227,quantum_sparse
509067,509067,1542,1542,9,5.0197612376438006,quantum_sparse
509067,509067,1749,1749,10,5.0235502484209205,quantum_sparse
338734,338734,1614,1614,1,5.024819943923087,quantum_sparse
338734,338734,1716,1716,2,5.024819943923087,quantum_sparse
338734,338734,1580,1580,3,5.02421163371227,quantum_sparse
338734,338734,1535,1535,4,5.023935454637425,quantum_sparse
338734,338734,1539,1539,5,5.021913098759276,quantum_sparse
338734,338734,1666,1666,6,5.016823151931493,quantum_sparse
338734,338734,1568,1568,7,5.017328193074849,quantum_sparse
338734,338734,1440,1440,8,5.018842200688227,quantum_sparse
338734,338734,1542,1542,9,5.0197612376438006,quantum_sparse
338734,338734,1749,1749,10,5.0235502484209205,quantum_sparse
506393,506393,1614,1614,1,5.024819943923087,quantum_sparse
506393,506393,1716,1716,2,5.024819943923087,quantum_sparse
506393,506393,1580,1580,3,5.02421163371227,quantum_sparse
506393,506393,1535,1535,4,5.023935454637425,quantum_sparse
506393,506393,1539,1539,5,5.021913098759276,quantum_sparse
506393,506393,1666,1666,6,5.016823151931493,quantum_sparse
506393,506393,1568,1568,7,5.017328193074849,quantum_sparse
506393,506393,1440,1440,8,5.018842200688227,quantum_sparse
506393,506393,1542,1542,9,5.0197612376438006,quantum_sparse
506393,506393,1749,1749,10,5.0235502484209205,quantum_sparse
510626,510626,1614,1614,1,5.024819943923087,quantum_sparse
510626,510626,1716,1716,2,5.024819943923087,quantum_sparse
510626,510626,1580,1580,3,5.02421163371227,quantum_sparse
510626,510626,1535,1535,4,5.023935454637425,quantum_sparse
510626,510626,1539,1539,5,5.021913098759276,quantum_sparse
510626,510626,1666,1666,6,5.016823151931493,quantum_sparse
510626,510626,1568,1568,7,5.017328193074849,quantum_sparse
510626,510626,1440,1440,8,5.018842200688227,quantum_sparse
510626,510626,1542,1542,9,5.0197612376438006,quantum_sparse
510626,510626,1749,1749,10,5.0235502484209205,quantum_sparse
259083,259083,1614,1614,1,5.024819943923087,quantum_sparse
259083,259083,1716,1716,2,5.024819943923087,quantum_sparse
259083,259083,1580,1580,3,5.02421163371227,quantum_sparse
259083,259083,1535,1535,4,5.023935454637425,quantum_sparse
259083,259083,1539,1539,5,5.021913098759276,quantum_sparse
259083,259083,1666,1666,6,5.016823151931493,quantum_sparse
259083,259083,1568,1568,7,5.017328193074849,quantum_sparse
259083,259083,1440,1440,8,5.018842200688227,quantum_sparse
259083,259083,1542,1542,9,5.0197612376438006,quantum_sparse
259083,259083,1749,1749,10,5.0235502484209205,quantum_sparse
285438,285438,1614,1614,1,5.024819943923087,quantum_sparse
285438,285438,1716,1716,2,5.024819943923087,quantum_sparse
285438,285438,1580,1580,3,5.02421163371227,quantum_sparse
285438,285438,1535,1535,4,5.023935454637425,quantum_sparse
285438,285438,1539,1539,5,5.021913098759276,quantum_sparse
285438,285438,1666,1666,6,5.016823151931493,quantum_sparse
285438,285438,1568,1568,7,5.017328193074849,quantum_sparse
285438,285438,1440,1440,8,5.018842200688227,quantum_sparse
285438,285438,1542,1542,9,5.0197612376438006,quantum_sparse
285438,285438,1749,1749,10,5.0235502484209205,quantum_sparse
62787,62787,1614,1614,1,5.024819943923087,quantum_sparse
62787,62787,1716,1716,2,5.024819943923087,quantum_sparse
62787,62787,1580,1580,3,5.02421163371227,quantum_sparse
62787,62787,1535,1535,4,5.023935454637425,quantum_sparse
62787,62787,1539,1539,5,5.021913098759276,quantum_sparse
62787,62787,1666,1666,6,5.016823151931493,quantum_sparse
62787,62787,1568,1568,7,5.017328193074849,quantum_sparse
62787,62787,1440,1440,8,5.018842200688227,quantum_sparse
62787,62787,1542,1542,9,5.0197612376438006,quantum_sparse
62787,62787,1749,1749,10,5.0235502484209205,quantum_sparse
337943,337943,1614,1614,1,5.024819943923087,quantum_sparse
337943,337943,1716,1716,2,5.024819943923087,quantum_sparse
337943,337943,1580,1580,3,5.02421163371227,quantum_sparse
337943,337943,1535,1535,4,5.023935454637425,quantum_sparse
337943,337943,1539,1539,5,5.021913098759276,quantum_sparse
337943,337943,1666,1666,6,5.016823151931493,quantum_sparse
337943,337943,1568,1568,7,5.017328193074849,quantum_sparse
337943,337943,1440,1440,8,5.018842200688227,quantum_sparse
337943,337943,1542,1542,9,5.0197612376438006,quantum_sparse
337943,337943,1749,1749,10,5.0235502484209205,quantum_sparse
220609,220609,1614,1614,1,5.024819943923087,quantum_sparse
220609,220609,1716,1716,2,5.024819943923087,quantum_sparse
220609,220609,1580,1580,3,5.02421163371227,quantum_sparse
220609,220609,1535,1535,4,5.023935454637425,quantum_sparse
220609,220609,1539,1539,5,5.021913098759276,quantum_sparse
220609,220609,1666,1666,6,5.016823151931493,quantum_sparse
220609,220609,1568,1568,7,5.017328193074849,quantum_sparse
220609,220609,1440,1440,8,5.018842200688227,quantum_sparse
220609,220609,1542,1542,9,5.0197612376438006,quantum_sparse
220609,220609,1749,1749,10,5.0235502484209205,quantum_sparse
149267,149267,1614,1614,1,5.024819943923087,quantum_sparse
149267,149267,1716,1716,2,5.024819943923087,quantum_sparse
149267,149267,1580,1580,3,5.02421163371227,quantum_sparse
149267,149267,1535,1535,4,5.023935454637425,quantum_sparse
149267,149267,1539,1539,5,5.021913098759276,quantum_sparse
149267,149267,1666,1666,6,5.016823151931493,quantum_sparse
149267,149267,1568,1568,7,5.017328193074849,quantum_sparse
149267,149267,1440,1440,8,5.018842200688227,quantum_sparse
149267,149267,1542,1542,9,5.0197612376438006,quantum_sparse
149267,149267,1749,1749,10,5.0235502484209205,quantum_sparse
466012,466012,1614,1614,1,5.024819943923087,quantum_sparse
466012,466012,1716,1716,2,5.024819943923087,quantum_sparse
466012,466012,1580,1580,3,5.02421163371227,quantum_sparse
466012,466012,1535,1535,4,5.023935454637425,quantum_sparse
466012,466012,1539,1539,5,5.021913098759276,quantum_sparse
466012,466012,1666,1666,6,5.016823151931493,quantum_sparse
466012,466012,1568,1568,7,5.017328193074849,quantum_sparse
466012,466012,1440,1440,8,5.018842200688227,quantum_sparse
466012,466012,1542,1542,9,5.0197612376438006,quantum_sparse
466012,466012,1749,1749,10,5.0235502484209205,quantum_sparse
142688,142688,1614,1614,1,5.024819943923087,quantum_sparse
142688,142688,1716,1716,2,5.024819943923087,quantum_sparse
142688,142688,1580,1580,3,5.02421163371227,quantum_sparse
142688,142688,1535,1535,4,5.023935454637425,quantum_sparse
142688,142688,1539,1539,5,5.021913098759276,quantum_sparse
142688,142688,1666,1666,6,5.016823151931493,quantum_sparse
142688,142688,1568,1568,7,5.017328193074849,quantum_sparse
142688,142688,1440,1440,8,5.018842200688227,quantum_sparse
142688,142688,1542,1542,9,5.0197612376438006,quantum_sparse
142688,142688,1749,1749,10,5.0235502484209205,quantum_sparse
435114,435114,1614,1614,1,5.024819943923087,quantum_sparse
435114,435114,1716,1716,2,5.024819943923087,quantum_sparse
435114,435114,1580,1580,3,5.02421163371227,quantum_sparse
435114,435114,1535,1535,4,5.023935454637425,quantum_sparse
435114,435114,1539,1539,5,5.021913098759276,quantum_sparse
435114,435114,1666,1666,6,5.016823151931493,quantum_sparse
435114,435114,1568,1568,7,5.017328193074849,quantum_sparse
435114,435114,1440,1440,8,5.018842200688227,quantum_sparse
435114,435114,1542,1542,9,5.0197612376438006,quantum_sparse
435114,435114,1749,1749,10,5.0235502484209205,quantum_sparse
29246,29246,1614,1614,1,5.024819943923087,quantum_sparse
29246,29246,1716,1716,2,5.024819943923087,quantum_sparse
29246,29246,1580,1580,3,5.02421163371227,quantum_sparse
29246,29246,1535,1535,4,5.023935454637425,quantum_sparse
29246,29246,1539,1539,5,5.021913098759276,quantum_sparse
29246,29246,1666,1666,6,5.016823151931493,quantum_sparse
29246,29246,1568,1568,7,5.017328193074849,quantum_sparse
29246,29246,1440,1440,8,5.018842200688227,quantum_sparse
29246,29246,1542,1542,9,5.0197612376438006,quantum_sparse
29246,29246,1749,1749,10,5.0235502484209205,quantum_sparse
417447,417447,1614,1614,1,5.024819943923087,quantum_sparse
417447,417447,1716,1716,2,5.024819943923087,quantum_sparse
417447,417447,1580,1580,3,5.02421163371227,quantum_sparse
417447,417447,1535,1535,4,5.023935454637425,quantum_sparse
417447,417447,1539,1539,5,5.021913098759276,quantum_sparse
417447,417447,1666,1666,6,5.016823151931493,quantum_sparse
417447,417447,1568,1568,7,5.017328193074849,quantum_sparse
417447,417447,1440,1440,8,5.018842200688227,quantum_sparse
417447,417447,1542,1542,9,5.0197612376438006,quantum_sparse
417447,417447,1749,1749,10,5.0235502484209205,quantum_sparse
118100,118100,1614,1614,1,5.024819943923087,quantum_sparse
118100,118100,1716,1716,2,5.024819943923087,quantum_sparse
118100,118100,1580,1580,3,5.02421163371227,quantum_sparse
118100,118100,1535,1535,4,5.023935454637425,quantum_sparse
118100,118100,1539,1539,5,5.021913098759276,quantum_sparse
118100,118100,1666,1666,6,5.016823151931493,quantum_sparse
118100,118100,1568,1568,7,5.017328193074849,quantum_sparse
118100,118100,1440,1440,8,5.018842200688227,quantum_sparse
118100,118100,1542,1542,9,5.0197612376438006,quantum_sparse
118100,118100,1749,1749,10,5.0235502484209205,quantum_sparse
17498,17498,1614,1614,1,5.024819943923087,quantum_sparse
17498,17498,1716,1716,2,5.024819943923087,quantum_sparse
17498,17498,1580,1580,3,5.02421163371227,quantum_sparse
17498,17498,1535,1535,4,5.023935454637425,quantum_sparse
17498,17498,1539,1539,5,5.021913098759276,quantum_sparse
17498,17498,1666,1666,6,5.016823151931493,quantum_sparse
17498,17498,1568,1568,7,5.017328193074849,quantum_sparse
17498,17498,1440,1440,8,5.018842200688227,quantum_sparse
17498,17498,1542,1542,9,5.0197612376438006,quantum_sparse
17498,17498,1749,1749,10,5.0235502484209205,quantum_sparse
434505,434505,1614,1614,1,5.024819943923087,quantum_sparse
434505,434505,1716,1716,2,5.024819943923087,quantum_sparse
434505,434505,1580,1580,3,5.02421163371227,quantum_sparse
434505,434505,1535,1535,4,5.023935454637425,quantum_sparse
434505,434505,1539,1539,5,5.021913098759276,quantum_sparse
434505,434505,1666,1666,6,5.016823151931493,quantum_sparse
434505,434505,1568,1568,7,5.017328193074849,quantum_sparse
434505,434505,1440,1440,8,5.018842200688227,quantum_sparse
434505,434505,1542,1542,9,5.0197612376438006,quantum_sparse
434505,434505,1749,1749,10,5.0235502484209205,quantum_sparse
505037,505037,1614,1614,1,5.024819943923087,quantum_sparse
505037,505037,1716,1716,2,5.024819943923087,quantum_sparse
505037,505037,1580,1580,3,5.02421163371227,quantum_sparse
505037,505037,1535,1535,4,5.023935454637425,quantum_sparse
505037,505037,1539,1539,5,5.021913098759276,quantum_sparse
505037,505037,1666,1666,6,5.016823151931493,quantum_sparse
505037,505037,1568,1568,7,5.017328193074849,quantum_sparse
505037,505037,1323,1323,8,5.0154497628187835,quantum_sparse
505037,505037,1542,1542,9,5.0197612376438006,quantum_sparse
505037,505037,1749,1749,10,5.0235502484209205,quantum_sparse
208049,208049,1614,1614,1,5.024819943923087,quantum_sparse
208049,208049,1716,1716,2,5.024819943923087,quantum_sparse
208049,208049,1580,1580,3,5.02421163371227,quantum_sparse
208049,208049,1535,1535,4,5.023935454637425,quantum_sparse
208049,208049,1539,1539,5,5.021913098759276,quantum_sparse
208049,208049,1666,1666,6,5.016823151931493,quantum_sparse
208049,208049,1568,1568,7,5.017328193074849,quantum_sparse
208049,208049,1440,1440,8,5.018842200688227,quantum_sparse
208049,208049,1542,1542,9,5.0197612376438006,quantum_sparse
208049,208049,1749,1749,10,5.0235502484209205,quantum_sparse
140018,140018,1614,1614,1,5.024819943923087,quantum_sparse
140018,140018,1716,1716,2,5.024819943923087,quantum_sparse
140018,140018,1580,1580,3,5.02421163371227,quantum_sparse
140018,140018,1535,1535,4,5.023935454637425,quantum_sparse
140018,140018,1539,1539,5,5.021913098759276,quantum_sparse
140018,140018,1666,1666,6,5.016823151931493,quantum_sparse
140018,140018,1568,1568,7,5.017328193074849,quantum_sparse
140018,140018,1440,1440,8,5.018842200688227,quantum_sparse
140018,140018,1542,1542,9,5.0197612376438006,quantum_sparse
140018,140018,1749,1749,10,5.0235502484209205,quantum_sparse
107775,107775,1614,1614,1,5.024819943923087,quantum_sparse
107775,107775,1716,1716,2,5.024819943923087,quantum_sparse
107775,107775,1580,1580,3,5.02421163371227,quantum_sparse
107775,107775,1535,1535,4,5.023935454637425,quantum_sparse
107775,107775,1539,1539,5,5.021913098759276,quantum_sparse
107775,107775,1666,1666,6,5.016823151931493,quantum_sparse
107775,107775,1568,1568,7,5.017328193074849,quantum_sparse
107775,107775,1440,1440,8,5.018842200688227,quantum_sparse
107775,107775,1542,1542,9,5.0197612376438006,quantum_sparse
107775,107775,1749,1749,10,5.0235502484209205,quantum_sparse
500233,500233,1614,1614,1,5.024819943923087,quantum_sparse
500233,500233,1716,1716,2,5.024819943923087,quantum_sparse
500233,500233,1580,1580,3,5.02421163371227,quantum_sparse
500233,500233,1535,1535,4,5.023935454637425,quantum_sparse
500233,500233,1539,1539,5,5.021913098759276,quantum_sparse
500233,500233,1666,1666,6,5.016823151931493,quantum_sparse
500233,500233,1568,1568,7,5.017328193074849,quantum_sparse
500233,500233,1440,1440,8,5.018842200688227,quantum_sparse
500233,500233,1542,1542,9,5.0197612376438006,quantum_sparse
500233,500233,1749,1749,10,5.0235502484209205,quantum_sparse
222032,222032,1614,1614,1,5.024819943923087,quantum_sparse
222032,222032,1716,1716,2,5.024819943923087,quantum_sparse
222032,222032,1580,1580,3,5.02421163371227,quantum_sparse
222032,222032,1535,1535,4,5.023935454637425,quantum_sparse
222032,222032,1539,1539,5,5.021913098759276,quantum_sparse
222032,222032,1666,1666,6,5.016823151931493,quantum_sparse
222032,222032,1568,1568,7,5.017328193074849,quantum_sparse
222032,222032,1440,1440,8,5.018842200688227,quantum_sparse
222032,222032,1542,1542,9,5.0197612376438006,quantum_sparse
222032,222032,1749,1749,10,5.0235502484209205,quantum_sparse
177526,177526,1614,1614,1,5.024819943923087,quantum_sparse
177526,177526,1716,1716,2,5.024819943923087,quantum_sparse
177526,177526,1580,1580,3,5.02421163371227,quantum_sparse
177526,177526,1535,1535,4,5.023935454637425,quantum_sparse
177526,177526,1539,1539,5,5.021913098759276,quantum_sparse
177526,177526,1666,1666,6,5.016823151931493,quantum_sparse
177526,177526,1568,1568,7,5.017328193074849,quantum_sparse
177526,177526,1440,1440,8,5.018842200688227,quantum_sparse
177526,177526,1542,1542,9,5.0197612376438006,quantum_sparse
177526,177526,1749,1749,10,5.0235502484209205,quantum_sparse
15994,15994,1634,1634,1,5.0,classical_active
15994,15994,1580,1580,2,5.0,classical_active
15994,15994,1535,1535,3,5.0,classical_active
15994,15994,1716,1716,4,5.0,classical_active
15994,15994,1568,1568,5,5.0,classical_active
15994,15994,1323,1323,6,5.0,classical_active
15994,15994,1666,1666,7,5.0,classical_active
15994,15994,1283,1283,8,5.0,classical_active
15994,15994,1539,1539,9,5.0,classical_active
15994,15994,1388,1388,10,5.0,classical_active
309477,309477,1614,1614,1,5.024819943923087,quantum_sparse
309477,309477,1716,1716,2,5.024819943923087,quantum_sparse
309477,309477,1580,1580,3,5.02421163371227,quantum_sparse
309477,309477,1535,1535,4,5.023935454637425,quantum_sparse
309477,309477,1539,1539,5,5.021913098759276,quantum_sparse
309477,309477,1666,1666,6,5.016823151931493,quantum_sparse
309477,309477,1568,1568,7,5.017328193074849,quantum_sparse
309477,309477,1440,1440,8,5.018842200688227,quantum_sparse
309477,309477,1542,1542,9,5.0197612376438006,quantum_sparse
309477,309477,1749,1749,10,5.0235502484209205,quantum_sparse
155346,155346,1614,1614,1,5.024819943923087,quantum_sparse
155346,155346,1716,1716,2,5.024819943923087,quantum_sparse
155346,155346,1580,1580,3,5.02421163371227,quantum_sparse
155346,155346,1535,1535,4,5.023935454637425,quantum_sparse
155346,155346,1539,1539,5,5.021913098759276,quantum_sparse
155346,155346,1666,1666,6,5.016823151931493,quantum_sparse
155346,155346,1568,1568,7,5.017328193074849,quantum_sparse
155346,155346,1440,1440,8,5.018842200688227,quantum_sparse
155346,155346,1542,1542,9,5.0197612376438006,quantum_sparse
155346,155346,1749,1749,10,5.0235502484209205,quantum_sparse
404795,404795,1614,1614,1,5.024819943923087,quantum_sparse
404795,404795,1716,1716,2,5.024819943923087,quantum_sparse
404795,404795,1580,1580,3,5.02421163371227,quantum_sparse
404795,404795,1535,1535,4,5.023935454637425,quantum_sparse
404795,404795,1539,1539,5,5.021913098759276,quantum_sparse
404795,404795,1666,1666,6,5.016823151931493,quantum_sparse
404795,404795,1568,1568,7,5.017328193074849,quantum_sparse
404795,404795,1440,1440,8,5.018842200688227,quantum_sparse
404795,404795,1542,1542,9,5.0197612376438006,quantum_sparse
404795,404795,1749,1749,10,5.0235502484209205,quantum_sparse
287353,287353,1614,1614,1,5.024819943923087,quantum_sparse
287353,287353,1716,1716,2,5.024819943923087,quantum_sparse
287353,287353,1580,1580,3,5.02421163371227,quantum_sparse
287353,287353,1535,1535,4,5.023935454637425,quantum_sparse
287353,287353,1539,1539,5,5.021913098759276,quantum_sparse
287353,287353,1666,1666,6,5.016823151931493,quantum_sparse
287353,287353,1568,1568,7,5.017328193074849,quantum_sparse
287353,287353,1440,1440,8,5.018842200688227,quantum_sparse
287353,287353,1542,1542,9,5.0197612376438006,quantum_sparse
287353,287353,1749,1749,10,5.0235502484209205,quantum_sparse
46101,46101,1614,1614,1,5.024819943923087,quantum_sparse
46101,46101,1716,1716,2,5.024819943923087,quantum_sparse
46101,46101,1580,1580,3,5.02421163371227,quantum_sparse
46101,46101,1535,1535,4,5.023935454637425,quantum_sparse
46101,46101,1539,1539,5,5.021913098759276,quantum_sparse
46101,46101,1666,1666,6,5.016823151931493,quantum_sparse
46101,46101,1568,1568,7,5.017328193074849,quantum_sparse
46101,46101,1440,1440,8,5.018842200688227,quantum_sparse
46101,46101,1542,1542,9,5.0197612376438006,quantum_sparse
46101,46101,1749,1749,10,5.0235502484209205,quantum_sparse
284245,284245,1614,1614,1,5.024819943923087,quantum_sparse
284245,284245,1716,1716,2,5.024819943923087,quantum_sparse
284245,284245,1580,1580,3,5.02421163371227,quantum_sparse
284245,284245,1535,1535,4,5.023935454637425,quantum_sparse
284245,284245,1539,1539,5,5.021913098759276,quantum_sparse
284245,284245,1666,1666,6,5.016823151931493,quantum_sparse
284245,284245,1568,1568,7,5.017328193074849,quantum_sparse
284245,284245,1440,1440,8,5.018842200688227,quantum_sparse
284245,284245,1542,1542,9,5.0197612376438006,quantum_sparse
284245,284245,1749,1749,10,5.0235502484209205,quantum_sparse
290222,290222,1614,1614,1,5.024819943923087,quantum_sparse
290222,290222,1716,1716,2,5.024819943923087,quantum_sparse
290222,290222,1580,1580,3,5.02421163371227,quantum_sparse
290222,290222,1535,1535,4,5.023935454637425,quantum_sparse
290222,290222,1539,1539,5,5.021913098759276,quantum_sparse
290222,290222,1666,1666,6,5.016823151931493,quantum_sparse
290222,290222,1568,1568,7,5.017328193074849,quantum_sparse
290222,290222,1440,1440,8,5.018842200688227,quantum_sparse
290222,290222,1542,1542,9,5.0197612376438006,quantum_sparse
290222,290222,1749,1749,10,5.0235502484209205,quantum_sparse
325337,325337,1614,1614,1,5.024819943923087,quantum_sparse
325337,325337,1716,1716,2,5.024819943923087,quantum_sparse
325337,325337,1580,1580,3,5.02421163371227,quantum_sparse
325337,325337,1535,1535,4,5.023935454637425,quantum_sparse
325337,325337,1539,1539,5,5.021913098759276,quantum_sparse
325337,325337,1666,1666,6,5.016823151931493,quantum_sparse
325337,325337,1568,1568,7,5.017328193074849,quantum_sparse
325337,325337,1440,1440,8,5.018842200688227,quantum_sparse
325337,325337,1542,1542,9,5.0197612376438006,quantum_sparse
325337,325337,1749,1749,10,5.0235502484209205,quantum_sparse
294647,294647,1614,1614,1,5.024819943923087,quantum_sparse
294647,294647,1716,1716,2,5.024819943923087,quantum_sparse
294647,294647,1580,1580,3,5.02421163371227,quantum_sparse
294647,294647,1535,1535,4,5.023935454637425,quantum_sparse
294647,294647,1539,1539,5,5.021913098759276,quantum_sparse
294647,294647,1666,1666,6,5.016823151931493,quantum_sparse
294647,294647,1568,1568,7,5.017328193074849,quantum_sparse
294647,294647,1440,1440,8,5.018842200688227,quantum_sparse
294647,294647,1542,1542,9,5.0197612376438006,quantum_sparse
294647,294647,1749,1749,10,5.0235502484209205,quantum_sparse
391178,391178,1614,1614,1,5.024819943923087,quantum_sparse
391178,391178,1716,1716,2,5.024819943923087,quantum_sparse
391178,391178,1580,1580,3,5.02421163371227,quantum_sparse
391178,391178,1535,1535,4,5.023935454637425,quantum_sparse
391178,391178,1539,1539,5,5.021913098759276,quantum_sparse
391178,391178,1666,1666,6,5.016823151931493,quantum_sparse
391178,391178,1568,1568,7,5.017328193074849,quantum_sparse
391178,391178,1440,1440,8,5.018842200688227,quantum_sparse
391178,391178,1542,1542,9,5.0197612376438006,quantum_sparse
391178,391178,1749,1749,10,5.0235502484209205,quantum_sparse
39669,39669,1614,1614,1,5.024819943923087,quantum_sparse
39669,39669,1716,1716,2,5.024819943923087,quantum_sparse
39669,39669,1580,1580,3,5.02421163371227,quantum_sparse
39669,39669,1535,1535,4,5.023935454637425,quantum_sparse
39669,39669,1539,1539,5,5.021913098759276,quantum_sparse
39669,39669,1666,1666,6,5.016823151931493,quantum_sparse
39669,39669,1568,1568,7,5.017328193074849,quantum_sparse
39669,39669,1440,1440,8,5.018842200688227,quantum_sparse
39669,39669,1542,1542,9,5.0197612376438006,quantum_sparse
39669,39669,1749,1749,10,5.0235502484209205,quantum_sparse
290359,290359,1614,1614,1,5.024819943923087,quantum_sparse
290359,290359,1716,1716,2,5.024819943923087,quantum_sparse
290359,290359,1580,1580,3,5.02421163371227,quantum_sparse
290359,290359,1535,1535,4,5.023935454637425,quantum_sparse
290359,290359,1539,1539,5,5.021913098759276,quantum_sparse
290359,290359,1666,1666,6,5.016823151931493,quantum_sparse
290359,290359,1568,1568,7,5.017328193074849,quantum_sparse
290359,290359,1440,1440,8,5.018842200688227,quantum_sparse
290359,290359,1542,1542,9,5.0197612376438006,quantum_sparse
290359,290359,1749,1749,10,5.0235502484209205,quantum_sparse
435524,435524,1614,1614,1,5.024819943923087,quantum_sparse
435524,435524,1716,1716,2,5.024819943923087,quantum_sparse
435524,435524,1580,1580,3,5.02421163371227,quantum_sparse
435524,435524,1535,1535,4,5.023935454637425,quantum_sparse
435524,435524,1539,1539,5,5.021913098759276,quantum_sparse
435524,435524,1666,1666,6,5.016823151931493,quantum_sparse
435524,435524,1568,1568,7,5.017328193074849,quantum_sparse
435524,435524,1440,1440,8,5.018842200688227,quantum_sparse
435524,435524,1542,1542,9,5.0197612376438006,quantum_sparse
435524,435524,1749,1749,10,5.0235502484209205,quantum_sparse
241836,241836,1614,1614,1,5.024819943923087,quantum_sparse
241836,241836,1716,1716,2,5.024819943923087,quantum_sparse
241836,241836,1580,1580,3,5.02421163371227,quantum_sparse
241836,241836,1535,1535,4,5.023935454637425,quantum_sparse
241836,241836,1539,1539,5,5.021913098759276,quantum_sparse
241836,241836,1666,1666,6,5.016823151931493,quantum_sparse
241836,241836,1568,1568,7,5.017328193074849,quantum_sparse
241836,241836,1440,1440,8,5.018842200688227,quantum_sparse
241836,241836,1542,1542,9,5.0197612376438006,quantum_sparse
241836,241836,1749,1749,10,5.0235502484209205,quantum_sparse
335371,335371,1634,1634,1,5.0,classical_active
335371,335371,1580,1580,2,5.0,classical_active
335371,335371,1535,1535,3,5.0,classical_active
335371,335371,1716,1716,4,5.0,classical_active
335371,335371,1568,1568,5,5.0,classical_active
335371,335371,1323,1323,6,5.0,classical_active
335371,335371,1666,1666,7,5.0,classical_active
335371,335371,1283,1283,8,5.0,classical_active
335371,335371,1539,1539,9,5.0,classical_active
335371,335371,1388,1388,10,5.0,classical_active
341661,341661,1614,1614,1,5.024819943923087,quantum_sparse
341661,341661,1716,1716,2,5.024819943923087,quantum_sparse
341661,341661,1580,1580,3,5.02421163371227,quantum_sparse
341661,341661,1535,1535,4,5.023935454637425,quantum_sparse
341661,341661,1539,1539,5,5.021913098759276,quantum_sparse
341661,341661,1666,1666,6,5.016823151931493,quantum_sparse
341661,341661,1568,1568,7,5.017328193074849,quantum_sparse
341661,341661,1440,1440,8,5.018842200688227,quantum_sparse
341661,341661,1542,1542,9,5.0197612376438006,quantum_sparse
341661,341661,1749,1749,10,5.0235502484209205,quantum_sparse
223725,223725,1614,1614,1,5.024819943923087,quantum_sparse
223725,223725,1716,1716,2,5.024819943923087,quantum_sparse
223725,223725,1580,1580,3,5.02421163371227,quantum_sparse
223725,223725,1535,1535,4,5.023935454637425,quantum_sparse
223725,223725,1539,1539,5,5.021913098759276,quantum_sparse
223725,223725,1666,1666,6,5.016823151931493,quantum_sparse
223725,223725,1568,1568,7,5.017328193074849,quantum_sparse
223725,223725,1440,1440,8,5.018842200688227,quantum_sparse
223725,223725,1542,1542,9,5.0197612376438006,quantum_sparse
223725,223725,1749,1749,10,5.0235502484209205,quantum_sparse
57872,57872,1614,1614,1,5.024819943923087,quantum_sparse
57872,57872,1716,1716,2,5.024819943923087,quantum_sparse
57872,57872,1580,1580,3,5.02421163371227,quantum_sparse
57872,57872,1535,1535,4,5.023935454637425,quantum_sparse
57872,57872,1539,1539,5,5.021913098759276,quantum_sparse
57872,57872,1666,1666,6,5.016823151931493,quantum_sparse
57872,57872,1568,1568,7,5.017328193074849,quantum_sparse
57872,57872,1440,1440,8,5.018842200688227,quantum_sparse
57872,57872,1542,1542,9,5.0197612376438006,quantum_sparse
57872,57872,1749,1749,10,5.0235502484209205,quantum_sparse
124515,124515,1614,1614,1,5.024819943923087,quantum_sparse
124515,124515,1716,1716,2,5.024819943923087,quantum_sparse
124515,124515,1580,1580,3,5.02421163371227,quantum_sparse
124515,124515,1535,1535,4,5.023935454637425,quantum_sparse
124515,124515,1539,1539,5,5.021913098759276,quantum_sparse
124515,124515,1666,1666,6,5.016823151931493,quantum_sparse
124515,124515,1568,1568,7,5.017328193074849,quantum_sparse
124515,124515,1440,1440,8,5.018842200688227,quantum_sparse
124515,124515,1542,1542,9,5.0197612376438006,quantum_sparse
124515,124515,1749,1749,10,5.0235502484209205,quantum_sparse
69586,69586,1614,1614,1,5.024819943923087,quantum_sparse
69586,69586,1716,1716,2,5.024819943923087,quantum_sparse
69586,69586,1580,1580,3,5.02421163371227,quantum_sparse
69586,69586,1535,1535,4,5.023935454637425,quantum_sparse
69586,69586,1539,1539,5,5.021913098759276,quantum_sparse
69586,69586,1666,1666,6,5.016823151931493,quantum_sparse
69586,69586,1568,1568,7,5.017328193074849,quantum_sparse
69586,69586,1440,1440,8,5.018842200688227,quantum_sparse
69586,69586,1542,1542,9,5.0197612376438006,quantum_sparse
69586,69586,1749,1749,10,5.0235502484209205,quantum_sparse
18770,18770,1614,1614,1,5.024819943923087,quantum_sparse
18770,18770,1716,1716,2,5.024819943923087,quantum_sparse
18770,18770,1580,1580,3,5.02421163371227,quantum_sparse
18770,18770,1535,1535,4,5.023935454637425,quantum_sparse
18770,18770,1539,1539,5,5.021913098759276,quantum_sparse
18770,18770,1666,1666,6,5.016823151931493,quantum_sparse
18770,18770,1568,1568,7,5.017328193074849,quantum_sparse
18770,18770,1440,1440,8,5.018842200688227,quantum_sparse
18770,18770,1542,1542,9,5.0197612376438006,quantum_sparse
18770,18770,1749,1749,10,5.0235502484209205,quantum_sparse
292135,292135,1614,1614,1,5.024819943923087,quantum_sparse
292135,292135,1716,1716,2,5.024819943923087,quantum_sparse
292135,292135,1580,1580,3,5.02421163371227,quantum_sparse
292135,292135,1535,1535,4,5.023935454637425,quantum_sparse
292135,292135,1539,1539,5,5.021913098759276,quantum_sparse
292135,292135,1666,1666,6,5.016823151931493,quantum_sparse
292135,292135,1568,1568,7,5.017328193074849,quantum_sparse
292135,292135,1440,1440,8,5.018842200688227,quantum_sparse
292135,292135,1542,1542,9,5.0197612376438006,quantum_sparse
292135,292135,1749,1749,10,5.0235502484209205,quantum_sparse
260822,260822,1614,1614,1,5.024819943923087,quantum_sparse
260822,260822,1716,1716,2,5.024819943923087,quantum_sparse
260822,260822,1580,1580,3,5.02421163371227,quantum_sparse
260822,260822,1535,1535,4,5.023935454637425,quantum_sparse
260822,260822,1539,1539,5,5.021913098759276,quantum_sparse
260822,260822,1666,1666,6,5.016823151931493,quantum_sparse
260822,260822,1568,1568,7,5.017328193074849,quantum_sparse
260822,260822,1440,1440,8,5.018842200688227,quantum_sparse
260822,260822,1542,1542,9,5.0197612376438006,quantum_sparse
260822,260822,1749,1749,10,5.0235502484209205,quantum_sparse
235588,235588,1614,1614,1,5.024819943923087,quantum_sparse
235588,235588,1716,1716,2,5.024819943923087,quantum_sparse
235588,235588,1580,1580,3,5.02421163371227,quantum_sparse
235588,235588,1535,1535,4,5.023935454637425,quantum_sparse
235588,235588,1539,1539,5,5.021913098759276,quantum_sparse
235588,235588,1666,1666,6,5.016823151931493,quantum_sparse
235588,235588,1568,1568,7,5.017328193074849,quantum_sparse
235588,235588,1440,1440,8,5.018842200688227,quantum_sparse
235588,235588,1542,1542,9,5.0197612376438006,quantum_sparse
235588,235588,1749,1749,10,5.0235502484209205,quantum_sparse
286241,286241,1614,1614,1,5.024819943923087,quantum_sparse
286241,286241,1716,1716,2,5.024819943923087,quantum_sparse
286241,286241,1580,1580,3,5.02421163371227,quantum_sparse
286241,286241,1535,1535,4,5.023935454637425,quantum_sparse
286241,286241,1539,1539,5,5.021913098759276,quantum_sparse
286241,286241,1666,1666,6,5.016823151931493,quantum_sparse
286241,286241,1568,1568,7,5.017328193074849,quantum_sparse
286241,286241,1440,1440,8,5.018842200688227,quantum_sparse
286241,286241,1542,1542,9,5.0197612376438006,quantum_sparse
286241,286241,1749,1749,10,5.0235502484209205,quantum_sparse
510821,510821,1614,1614,1,5.024819943923087,quantum_sparse
510821,510821,1716,1716,2,5.024819943923087,quantum_sparse
510821,510821,1580,1580,3,5.02421163371227,quantum_sparse
510821,510821,1535,1535,4,5.023935454637425,quantum_sparse
510821,510821,1539,1539,5,5.021913098759276,quantum_sparse
510821,510821,1666,1666,6,5.016823151931493,quantum_sparse
510821,510821,1568,1568,7,5.017328193074849,quantum_sparse
510821,510821,1440,1440,8,5.018842200688227,quantum_sparse
510821,510821,1542,1542,9,5.0197612376438006,quantum_sparse
510821,510821,1749,1749,10,5.0235502484209205,quantum_sparse
140669,140669,1614,1614,1,5.024819943923087,quantum_sparse
140669,140669,1716,1716,2,5.024819943923087,quantum_sparse
140669,140669,1580,1580,3,5.02421163371227,quantum_sparse
140669,140669,1535,1535,4,5.023935454637425,quantum_sparse
140669,140669,1539,1539,5,5.021913098759276,quantum_sparse
140669,140669,1666,1666,6,5.016823151931493,quantum_sparse
140669,140669,1568,1568,7,5.017328193074849,quantum_sparse
140669,140669,1440,1440,8,5.018842200688227,quantum_sparse
140669,140669,1542,1542,9,5.0197612376438006,quantum_sparse
140669,140669,1749,1749,10,5.0235502484209205,quantum_sparse
360154,360154,1614,1614,1,5.024819943923087,quantum_sparse
360154,360154,1716,1716,2,5.024819943923087,quantum_sparse
360154,360154,1580,1580,3,5.02421163371227,quantum_sparse
360154,360154,1535,1535,4,5.023935454637425,quantum_sparse
360154,360154,1539,1539,5,5.021913098759276,quantum_sparse
360154,360154,1666,1666,6,5.016823151931493,quantum_sparse
360154,360154,1568,1568,7,5.017328193074849,quantum_sparse
360154,360154,1440,1440,8,5.018842200688227,quantum_sparse
360154,360154,1542,1542,9,5.0197612376438006,quantum_sparse
360154,360154,1749,1749,10,5.0235502484209205,quantum_sparse
242286,242286,1614,1614,1,5.024819943923087,quantum_sparse
242286,242286,1716,1716,2,5.024819943923087,quantum_sparse
242286,242286,1580,1580,3,5.02421163371227,quantum_sparse
242286,242286,1535,1535,4,5.023935454637425,quantum_sparse
242286,242286,1539,1539,5,5.021913098759276,quantum_sparse
242286,242286,1666,1666,6,5.016823151931493,quantum_sparse
242286,242286,1568,1568,7,5.017328193074849,quantum_sparse
242286,242286,1440,1440,8,5.018842200688227,quantum_sparse
242286,242286,1542,1542,9,5.0197612376438006,quantum_sparse
242286,242286,1749,1749,10,5.0235502484209205,quantum_sparse
340437,340437,1614,1614,1,5.024819943923087,quantum_sparse
340437,340437,1716,1716,2,5.024819943923087,quantum_sparse
340437,340437,1580,1580,3,5.02421163371227,quantum_sparse
340437,340437,1535,1535,4,5.023935454637425,quantum_sparse
340437,340437,1539,1539,5,5.021913098759276,quantum_sparse
340437,340437,1666,1666,6,5.016823151931493,quantum_sparse
340437,340437,1568,1568,7,5.017328193074849,quantum_sparse
340437,340437,1440,1440,8,5.018842200688227,quantum_sparse
340437,340437,1542,1542,9,5.0197612376438006,quantum_sparse
340437,340437,1749,1749,10,5.0235502484209205,quantum_sparse
398516,398516,1614,1614,1,5.024819943923087,quantum_sparse
398516,398516,1716,1716,2,5.024819943923087,quantum_sparse
398516,398516,1580,1580,3,5.02421163371227,quantum_sparse
398516,398516,1535,1535,4,5.023935454637425,quantum_sparse
398516,398516,1539,1539,5,5.021913098759276,quantum_sparse
398516,398516,1666,1666,6,5.016823151931493,quantum_sparse
398516,398516,1568,1568,7,5.017328193074849,quantum_sparse
398516,398516,1440,1440,8,5.018842200688227,quantum_sparse
398516,398516,1542,1542,9,5.0197612376438006,quantum_sparse
398516,398516,1749,1749,10,5.0235502484209205,quantum_sparse
514292,514292,1614,1614,1,5.024819943923087,quantum_sparse
514292,514292,1716,1716,2,5.024819943923087,quantum_sparse
514292,514292,1580,1580,3,5.02421163371227,quantum_sparse
514292,514292,1535,1535,4,5.023935454637425,quantum_sparse
514292,514292,1539,1539,5,5.021913098759276,quantum_sparse
514292,514292,1666,1666,6,5.016823151931493,quantum_sparse
514292,514292,1568,1568,7,5.017328193074849,quantum_sparse
514292,514292,1440,1440,8,5.018842200688227,quantum_sparse
514292,514292,1542,1542,9,5.0197612376438006,quantum_sparse
514292,514292,1749,1749,10,5.0235502484209205,quantum_sparse
406497,406497,1614,1614,1,5.024819943923087,quantum_sparse
406497,406497,1716,1716,2,5.024819943923087,quantum_sparse
406497,406497,1580,1580,3,5.02421163371227,quantum_sparse
406497,406497,1535,1535,4,5.023935454637425,quantum_sparse
406497,406497,1539,1539,5,5.021913098759276,quantum_sparse
406497,406497,1666,1666,6,5.016823151931493,quantum_sparse
406497,406497,1568,1568,7,5.017328193074849,quantum_sparse
406497,406497,1440,1440,8,5.018842200688227,quantum_sparse
406497,406497,1542,1542,9,5.0197612376438006,quantum_sparse
406497,406497,1749,1749,10,5.0235502484209205,quantum_sparse
3725,3725,1614,1614,1,5.024819943923087,quantum_sparse
3725,3725,1716,1716,2,5.024819943923087,quantum_sparse
3725,3725,1580,1580,3,5.02421163371227,quantum_sparse
3725,3725,1535,1535,4,5.023935454637425,quantum_sparse
3725,3725,1539,1539,5,5.021913098759276,quantum_sparse
3725,3725,1666,1666,6,5.016823151931493,quantum_sparse
3725,3725,1568,1568,7,5.017328193074849,quantum_sparse
3725,3725,1440,1440,8,5.018842200688227,quantum_sparse
3725,3725,1542,1542,9,5.0197612376438006,quantum_sparse
3725,3725,1749,1749,10,5.0235502484209205,quantum_sparse
410407,410407,1614,1614,1,5.024819943923087,quantum_sparse
410407,410407,1716,1716,2,5.024819943923087,quantum_sparse
410407,410407,1580,1580,3,5.02421163371227,quantum_sparse
410407,410407,1535,1535,4,5.023935454637425,quantum_sparse
410407,410407,1539,1539,5,5.021913098759276,quantum_sparse
410407,410407,1666,1666,6,5.016823151931493,quantum_sparse
410407,410407,1568,1568,7,5.017328193074849,quantum_sparse
410407,410407,1440,1440,8,5.018842200688227,quantum_sparse
410407,410407,1542,1542,9,5.0197612376438006,quantum_sparse
410407,410407,1749,1749,10,5.0235502484209205,quantum_sparse
101184,101184,1614,1614,1,5.024819943923087,quantum_sparse
101184,101184,1716,1716,2,5.024819943923087,quantum_sparse
101184,101184,1580,1580,3,5.02421163371227,quantum_sparse
101184,101184,1535,1535,4,5.023935454637425,quantum_sparse
101184,101184,1539,1539,5,5.021913098759276,quantum_sparse
101184,101184,1666,1666,6,5.016823151931493,quantum_sparse
101184,101184,1568,1568,7,5.017328193074849,quantum_sparse
101184,101184,1440,1440,8,5.018842200688227,quantum_sparse
101184,101184,1542,1542,9,5.0197612376438006,quantum_sparse
101184,101184,1749,1749,10,5.0235502484209205,quantum_sparse
425446,425446,1614,1614,1,5.024819943923087,quantum_sparse
425446,425446,1716,1716,2,5.024819943923087,quantum_sparse
425446,425446,1580,1580,3,5.02421163371227,quantum_sparse
425446,425446,1535,1535,4,5.023935454637425,quantum_sparse
425446,425446,1539,1539,5,5.021913098759276,quantum_sparse
425446,425446,1666,1666,6,5.016823151931493,quantum_sparse
425446,425446,1568,1568,7,5.017328193074849,quantum_sparse
425446,425446,1440,1440,8,5.018842200688227,quantum_sparse
425446,425446,1542,1542,9,5.0197612376438006,quantum_sparse
425446,425446,1749,1749,10,5.0235502484209205,quantum_sparse
69649,69649,1614,1614,1,5.024819943923087,quantum_sparse
69649,69649,1716,1716,2,5.024819943923087,quantum_sparse
69649,69649,1580,1580,3,5.02421163371227,quantum_sparse
69649,69649,1535,1535,4,5.023935454637425,quantum_sparse
69649,69649,1539,1539,5,5.021913098759276,quantum_sparse
69649,69649,1666,1666,6,5.016823151931493,quantum_sparse
69649,69649,1568,1568,7,5.017328193074849,quantum_sparse
69649,69649,1440,1440,8,5.018842200688227,quantum_sparse
69649,69649,1542,1542,9,5.0197612376438006,quantum_sparse
69649,69649,1749,1749,10,5.0235502484209205,quantum_sparse
327137,327137,1614,1614,1,5.024819943923087,quantum_sparse
327137,327137,1716,1716,2,5.024819943923087,quantum_sparse
327137,327137,1580,1580,3,5.02421163371227,quantum_sparse
327137,327137,1535,1535,4,5.023935454637425,quantum_sparse
327137,327137,1539,1539,5,5.021913098759276,quantum_sparse
327137,327137,1666,1666,6,5.016823151931493,quantum_sparse
327137,327137,1568,1568,7,5.017328193074849,quantum_sparse
327137,327137,1440,1440,8,5.018842200688227,quantum_sparse
327137,327137,1542,1542,9,5.0197612376438006,quantum_sparse
327137,327137,1749,1749,10,5.0235502484209205,quantum_sparse
348894,348894,1614,1614,1,5.024819943923087,quantum_sparse
348894,348894,1716,1716,2,5.024819943923087,quantum_sparse
348894,348894,1580,1580,3,5.02421163371227,quantum_sparse
348894,348894,1535,1535,4,5.023935454637425,quantum_sparse
348894,348894,1539,1539,5,5.021913098759276,quantum_sparse
348894,348894,1666,1666,6,5.016823151931493,quantum_sparse
348894,348894,1568,1568,7,5.017328193074849,quantum_sparse
348894,348894,1440,1440,8,5.018842200688227,quantum_sparse
348894,348894,1542,1542,9,5.0197612376438006,quantum_sparse
348894,348894,1749,1749,10,5.0235502484209205,quantum_sparse
121929,121929,1614,1614,1,5.024819943923087,quantum_sparse
121929,121929,1716,1716,2,5.024819943923087,quantum_sparse
121929,121929,1580,1580,3,5.02421163371227,quantum_sparse
121929,121929,1535,1535,4,5.023935454637425,quantum_sparse
121929,121929,1539,1539,5,5.021913098759276,quantum_sparse
121929,121929,1666,1666,6,5.016823151931493,quantum_sparse
121929,121929,1568,1568,7,5.017328193074849,quantum_sparse
121929,121929,1440,1440,8,5.018842200688227,quantum_sparse
121929,121929,1542,1542,9,5.0197612376438006,quantum_sparse
121929,121929,1749,1749,10,5.0235502484209205,quantum_sparse
147469,147469,1614,1614,1,5.024819943923087,quantum_sparse
147469,147469,1716,1716,2,5.024819943923087,quantum_sparse
147469,147469,1580,1580,3,5.02421163371227,quantum_sparse
147469,147469,1535,1535,4,5.023935454637425,quantum_sparse
147469,147469,1539,1539,5,5.021913098759276,quantum_sparse
147469,147469,1666,1666,6,5.016823151931493,quantum_sparse
147469,147469,1568,1568,7,5.017328193074849,quantum_sparse
147469,147469,1440,1440,8,5.018842200688227,quantum_sparse
147469,147469,1542,1542,9,5.0197612376438006,quantum_sparse
147469,147469,1749,1749,10,5.0235502484209205,quantum_sparse
457289,457289,1614,1614,1,5.024819943923087,quantum_sparse
457289,457289,1716,1716,2,5.024819943923087,quantum_sparse
457289,457289,1580,1580,3,5.02421163371227,quantum_sparse
457289,457289,1535,1535,4,5.023935454637425,quantum_sparse
457289,457289,1539,1539,5,5.021913098759276,quantum_sparse
457289,457289,1666,1666,6,5.016823151931493,quantum_sparse
457289,457289,1568,1568,7,5.017328193074849,quantum_sparse
457289,457289,1440,1440,8,5.018842200688227,quantum_sparse
457289,457289,1542,1542,9,5.0197612376438006,quantum_sparse
457289,457289,1749,1749,10,5.0235502484209205,quantum_sparse
199058,199058,1614,1614,1,5.024819943923087,quantum_sparse
199058,199058,1716,1716,2,5.024819943923087,quantum_sparse
199058,199058,1580,1580,3,5.02421163371227,quantum_sparse
199058,199058,1535,1535,4,5.023935454637425,quantum_sparse
199058,199058,1539,1539,5,5.021913098759276,quantum_sparse
199058,199058,1666,1666,6,5.016823151931493,quantum_sparse
199058,199058,1568,1568,7,5.017328193074849,quantum_sparse
199058,199058,1440,1440,8,5.018842200688227,quantum_sparse
199058,199058,1542,1542,9,5.0197612376438006,quantum_sparse
199058,199058,1749,1749,10,5.0235502484209205,quantum_sparse
429872,429872,1614,1614,1,5.024819943923087,quantum_sparse
429872,429872,1716,1716,2,5.024819943923087,quantum_sparse
429872,429872,1580,1580,3,5.02421163371227,quantum_sparse
429872,429872,1535,1535,4,5.023935454637425,quantum_sparse
429872,429872,1539,1539,5,5.021913098759276,quantum_sparse
429872,429872,1666,1666,6,5.016823151931493,quantum_sparse
429872,429872,1568,1568,7,5.017328193074849,quantum_sparse
429872,429872,1440,1440,8,5.018842200688227,quantum_sparse
429872,429872,1542,1542,9,5.0197612376438006,quantum_sparse
429872,429872,1749,1749,10,5.0235502484209205,quantum_sparse
410758,410758,1614,1614,1,5.024819943923087,quantum_sparse
410758,410758,1716,1716,2,5.024819943923087,quantum_sparse
410758,410758,1580,1580,3,5.02421163371227,quantum_sparse
410758,410758,1535,1535,4,5.023935454637425,quantum_sparse
410758,410758,1539,1539,5,5.021913098759276,quantum_sparse
410758,410758,1666,1666,6,5.016823151931493,quantum_sparse
410758,410758,1568,1568,7,5.017328193074849,quantum_sparse
410758,410758,1440,1440,8,5.018842200688227,quantum_sparse
410758,410758,1542,1542,9,5.0197612376438006,quantum_sparse
410758,410758,1749,1749,10,5.0235502484209205,quantum_sparse
222236,222236,1614,1614,1,5.024819943923087,quantum_sparse
222236,222236,1716,1716,2,5.024819943923087,quantum_sparse
222236,222236,1580,1580,3,5.02421163371227,quantum_sparse
222236,222236,1535,1535,4,5.023935454637425,quantum_sparse
222236,222236,1539,1539,5,5.021913098759276,quantum_sparse
222236,222236,1666,1666,6,5.016823151931493,quantum_sparse
222236,222236,1568,1568,7,5.017328193074849,quantum_sparse
222236,222236,1440,1440,8,5.018842200688227,quantum_sparse
222236,222236,1542,1542,9,5.0197612376438006,quantum_sparse
222236,222236,1749,1749,10,5.0235502484209205,quantum_sparse
425551,425551,1614,1614,1,5.024819943923087,quantum_sparse
425551,425551,1716,1716,2,5.024819943923087,quantum_sparse
425551,425551,1580,1580,3,5.02421163371227,quantum_sparse
425551,425551,1535,1535,4,5.023935454637425,quantum_sparse
425551,425551,1539,1539,5,5.021913098759276,quantum_sparse
425551,425551,1666,1666,6,5.016823151931493,quantum_sparse
425551,425551,1568,1568,7,5.017328193074849,quantum_sparse
425551,425551,1440,1440,8,5.018842200688227,quantum_sparse
425551,425551,1542,1542,9,5.0197612376438006,quantum_sparse
425551,425551,1749,1749,10,5.0235502484209205,quantum_sparse
393485,393485,1614,1614,1,5.024819943923087,quantum_sparse
393485,393485,1716,1716,2,5.024819943923087,quantum_sparse
393485,393485,1580,1580,3,5.02421163371227,quantum_sparse
393485,393485,1535,1535,4,5.023935454637425,quantum_sparse
393485,393485,1539,1539,5,5.021913098759276,quantum_sparse
393485,393485,1666,1666,6,5.016823151931493,quantum_sparse
393485,393485,1568,1568,7,5.017328193074849,quantum_sparse
393485,393485,1440,1440,8,5.018842200688227,quantum_sparse
393485,393485,1542,1542,9,5.0197612376438006,quantum_sparse
393485,393485,1749,1749,10,5.0235502484209205,quantum_sparse
160828,160828,1614,1614,1,5.024819943923087,quantum_sparse
160828,160828,1716,1716,2,5.024819943923087,quantum_sparse
160828,160828,1580,1580,3,5.02421163371227,quantum_sparse
160828,160828,1535,1535,4,5.023935454637425,quantum_sparse
160828,160828,1539,1539,5,5.021913098759276,quantum_sparse
160828,160828,1666,1666,6,5.016823151931493,quantum_sparse
160828,160828,1568,1568,7,5.017328193074849,quantum_sparse
160828,160828,1440,1440,8,5.018842200688227,quantum_sparse
160828,160828,1542,1542,9,5.0197612376438006,quantum_sparse
160828,160828,1749,1749,10,5.0235502484209205,quantum_sparse
49271,49271,1614,1614,1,5.024819943923087,quantum_sparse
49271,49271,1716,1716,2,5.024819943923087,quantum_sparse
49271,49271,1580,1580,3,5.02421163371227,quantum_sparse
49271,49271,1535,1535,4,5.023935454637425,quantum_sparse
49271,49271,1539,1539,5,5.021913098759276,quantum_sparse
49271,49271,1666,1666,6,5.016823151931493,quantum_sparse
49271,49271,1568,1568,7,5.017328193074849,quantum_sparse
49271,49271,1440,1440,8,5.018842200688227,quantum_sparse
49271,49271,1542,1542,9,5.0197612376438006,quantum_sparse
49271,49271,1749,1749,10,5.0235502484209205,quantum_sparse
358266,358266,1614,1614,1,5.024819943923087,quantum_sparse
358266,358266,1716,1716,2,5.024819943923087,quantum_sparse
358266,358266,1580,1580,3,5.02421163371227,quantum_sparse
358266,358266,1535,1535,4,5.023935454637425,quantum_sparse
358266,358266,1539,1539,5,5.021913098759276,quantum_sparse
358266,358266,1666,1666,6,5.016823151931493,quantum_sparse
358266,358266,1568,1568,7,5.017328193074849,quantum_sparse
358266,358266,1440,1440,8,5.018842200688227,quantum_sparse
358266,358266,1542,1542,9,5.0197612376438006,quantum_sparse
358266,358266,1749,1749,10,5.0235502484209205,quantum_sparse
324205,324205,1614,1614,1,5.024819943923087,quantum_sparse
324205,324205,1716,1716,2,5.024819943923087,quantum_sparse
324205,324205,1580,1580,3,5.02421163371227,quantum_sparse
324205,324205,1535,1535,4,5.023935454637425,quantum_sparse
324205,324205,1539,1539,5,5.021913098759276,quantum_sparse
324205,324205,1666,1666,6,5.016823151931493,quantum_sparse
324205,324205,1568,1568,7,5.017328193074849,quantum_sparse
324205,324205,1440,1440,8,5.018842200688227,quantum_sparse
324205,324205,1542,1542,9,5.0197612376438006,quantum_sparse
324205,324205,1749,1749,10,5.0235502484209205,quantum_sparse
425970,425970,1614,1614,1,5.024819943923087,quantum_sparse
425970,425970,1716,1716,2,5.024819943923087,quantum_sparse
425970,425970,1580,1580,3,5.02421163371227,quantum_sparse
425970,425970,1535,1535,4,5.023935454637425,quantum_sparse
425970,425970,1539,1539,5,5.021913098759276,quantum_sparse
425970,425970,1666,1666,6,5.016823151931493,quantum_sparse
425970,425970,1568,1568,7,5.017328193074849,quantum_sparse
425970,425970,1440,1440,8,5.018842200688227,quantum_sparse
425970,425970,1542,1542,9,5.0197612376438006,quantum_sparse
425970,425970,1749,1749,10,5.0235502484209205,quantum_sparse
81194,81194,1614,1614,1,5.024819943923087,quantum_sparse
81194,81194,1716,1716,2,5.024819943923087,quantum_sparse
81194,81194,1580,1580,3,5.02421163371227,quantum_sparse
81194,81194,1535,1535,4,5.023935454637425,quantum_sparse
81194,81194,1539,1539,5,5.021913098759276,quantum_sparse
81194,81194,1666,1666,6,5.016823151931493,quantum_sparse
81194,81194,1568,1568,7,5.017328193074849,quantum_sparse
81194,81194,1440,1440,8,5.018842200688227,quantum_sparse
81194,81194,1542,1542,9,5.0197612376438006,quantum_sparse
81194,81194,1749,1749,10,5.0235502484209205,quantum_sparse
223356,223356,1614,1614,1,5.024819943923087,quantum_sparse
223356,223356,1716,1716,2,5.024819943923087,quantum_sparse
223356,223356,1580,1580,3,5.02421163371227,quantum_sparse
223356,223356,1535,1535,4,5.023935454637425,quantum_sparse
223356,223356,1539,1539,5,5.021913098759276,quantum_sparse
223356,223356,1666,1666,6,5.016823151931493,quantum_sparse
223356,223356,1568,1568,7,5.017328193074849,quantum_sparse
223356,223356,1440,1440,8,5.018842200688227,quantum_sparse
223356,223356,1542,1542,9,5.0197612376438006,quantum_sparse
223356,223356,1749,1749,10,5.0235502484209205,quantum_sparse
480681,480681,1614,1614,1,5.024819943923087,quantum_sparse
480681,480681,1716,1716,2,5.024819943923087,quantum_sparse
480681,480681,1580,1580,3,5.02421163371227,quantum_sparse
480681,480681,1535,1535,4,5.023935454637425,quantum_sparse
480681,480681,1539,1539,5,5.021913098759276,quantum_sparse
480681,480681,1666,1666,6,5.016823151931493,quantum_sparse
480681,480681,1568,1568,7,5.017328193074849,quantum_sparse
480681,480681,1440,1440,8,5.018842200688227,quantum_sparse
480681,480681,1542,1542,9,5.0197612376438006,quantum_sparse
480681,480681,1749,1749,10,5.0235502484209205,quantum_sparse
343872,343872,1614,1614,1,5.024819943923087,quantum_sparse
343872,343872,1716,1716,2,5.024819943923087,quantum_sparse
343872,343872,1580,1580,3,5.02421163371227,quantum_sparse
343872,343872,1535,1535,4,5.023935454637425,quantum_sparse
343872,343872,1539,1539,5,5.021913098759276,quantum_sparse
343872,343872,1666,1666,6,5.016823151931493,quantum_sparse
343872,343872,1568,1568,7,5.017328193074849,quantum_sparse
343872,343872,1440,1440,8,5.018842200688227,quantum_sparse
343872,343872,1542,1542,9,5.0197612376438006,quantum_sparse
343872,343872,1749,1749,10,5.0235502484209205,quantum_sparse
290986,290986,1614,1614,1,5.024819943923087,quantum_sparse
290986,290986,1716,1716,2,5.024819943923087,quantum_sparse
290986,290986,1580,1580,3,5.02421163371227,quantum_sparse
290986,290986,1535,1535,4,5.023935454637425,quantum_sparse
290986,290986,1539,1539,5,5.021913098759276,quantum_sparse
290986,290986,1666,1666,6,5.016823151931493,quantum_sparse
290986,290986,1568,1568,7,5.017328193074849,quantum_sparse
290986,290986,1440,1440,8,5.018842200688227,quantum_sparse
290986,290986,1542,1542,9,5.0197612376438006,quantum_sparse
290986,290986,1749,1749,10,5.0235502484209205,quantum_sparse
115318,115318,1614,1614,1,5.024819943923087,quantum_sparse
115318,115318,1716,1716,2,5.024819943923087,quantum_sparse
115318,115318,1580,1580,3,5.02421163371227,quantum_sparse
115318,115318,1535,1535,4,5.023935454637425,quantum_sparse
115318,115318,1539,1539,5,5.021913098759276,quantum_sparse
115318,115318,1666,1666,6,5.016823151931493,quantum_sparse
115318,115318,1568,1568,7,5.017328193074849,quantum_sparse
115318,115318,1440,1440,8,5.018842200688227,quantum_sparse
115318,115318,1542,1542,9,5.0197612376438006,quantum_sparse
115318,115318,1749,1749,10,5.0235502484209205,quantum_sparse
170126,170126,1614,1614,1,5.024819943923087,quantum_sparse
170126,170126,1716,1716,2,5.024819943923087,quantum_sparse
170126,170126,1580,1580,3,5.02421163371227,quantum_sparse
170126,170126,1535,1535,4,5.023935454637425,quantum_sparse
170126,170126,1539,1539,5,5.021913098759276,quantum_sparse
170126,170126,1666,1666,6,5.016823151931493,quantum_sparse
170126,170126,1568,1568,7,5.017328193074849,quantum_sparse
170126,170126,1440,1440,8,5.018842200688227,quantum_sparse
170126,170126,1542,1542,9,5.0197612376438006,quantum_sparse
170126,170126,1749,1749,10,5.0235502484209205,quantum_sparse
245201,245201,1614,1614,1,5.024819943923087,quantum_sparse
245201,245201,1716,1716,2,5.024819943923087,quantum_sparse
245201,245201,1580,1580,3,5.02421163371227,quantum_sparse
245201,245201,1535,1535,4,5.023935454637425,quantum_sparse
245201,245201,1539,1539,5,5.021913098759276,quantum_sparse
245201,245201,1666,1666,6,5.016823151931493,quantum_sparse
245201,245201,1568,1568,7,5.017328193074849,quantum_sparse
245201,245201,1440,1440,8,5.018842200688227,quantum_sparse
245201,245201,1542,1542,9,5.0197612376438006,quantum_sparse
245201,245201,1749,1749,10,5.0235502484209205,quantum_sparse
351638,351638,1614,1614,1,5.024819943923087,quantum_sparse
351638,351638,1716,1716,2,5.024819943923087,quantum_sparse
351638,351638,1580,1580,3,5.02421163371227,quantum_sparse
351638,351638,1535,1535,4,5.023935454637425,quantum_sparse
351638,351638,1539,1539,5,5.021913098759276,quantum_sparse
351638,351638,1666,1666,6,5.016823151931493,quantum_sparse
351638,351638,1568,1568,7,5.017328193074849,quantum_sparse
351638,351638,1440,1440,8,5.018842200688227,quantum_sparse
351638,351638,1542,1542,9,5.0197612376438006,quantum_sparse
351638,351638,1749,1749,10,5.0235502484209205,quantum_sparse
64819,64819,1614,1614,1,5.024819943923087,quantum_sparse
64819,64819,1716,1716,2,5.024819943923087,quantum_sparse
64819,64819,1580,1580,3,5.02421163371227,quantum_sparse
64819,64819,1535,1535,4,5.023935454637425,quantum_sparse
64819,64819,1539,1539,5,5.021913098759276,quantum_sparse
64819,64819,1666,1666,6,5.016823151931493,quantum_sparse
64819,64819,1568,1568,7,5.017328193074849,quantum_sparse
64819,64819,1440,1440,8,5.018842200688227,quantum_sparse
64819,64819,1542,1542,9,5.0197612376438006,quantum_sparse
64819,64819,1749,1749,10,5.0235502484209205,quantum_sparse
239045,239045,1614,1614,1,5.024819943923087,quantum_sparse
239045,239045,1716,1716,2,5.024819943923087,quantum_sparse
239045,239045,1580,1580,3,5.02421163371227,quantum_sparse
239045,239045,1535,1535,4,5.023935454637425,quantum_sparse
239045,239045,1539,1539,5,5.021913098759276,quantum_sparse
239045,239045,1666,1666,6,5.016823151931493,quantum_sparse
239045,239045,1568,1568,7,5.017328193074849,quantum_sparse
239045,239045,1440,1440,8,5.018842200688227,quantum_sparse
239045,239045,1542,1542,9,5.0197612376438006,quantum_sparse
239045,239045,1749,1749,10,5.0235502484209205,quantum_sparse
96263,96263,1614,1614,1,5.024819943923087,quantum_sparse
96263,96263,1716,1716,2,5.024819943923087,quantum_sparse
96263,96263,1580,1580,3,5.02421163371227,quantum_sparse
96263,96263,1535,1535,4,5.023935454637425,quantum_sparse
96263,96263,1539,1539,5,5.021913098759276,quantum_sparse
96263,96263,1666,1666,6,5.016823151931493,quantum_sparse
96263,96263,1568,1568,7,5.017328193074849,quantum_sparse
96263,96263,1440,1440,8,5.018842200688227,quantum_sparse
96263,96263,1542,1542,9,5.0197612376438006,quantum_sparse
96263,96263,1749,1749,10,5.0235502484209205,quantum_sparse
406913,406913,1614,1614,1,5.024819943923087,quantum_sparse
406913,406913,1716,1716,2,5.024819943923087,quantum_sparse
406913,406913,1580,1580,3,5.02421163371227,quantum_sparse
406913,406913,1535,1535,4,5.023935454637425,quantum_sparse
406913,406913,1539,1539,5,5.021913098759276,quantum_sparse
406913,406913,1666,1666,6,5.016823151931493,quantum_sparse
406913,406913,1440,1440,7,5.018842200688227,quantum_sparse
406913,406913,1542,1542,8,5.0197612376438006,quantum_sparse
406913,406913,1749,1749,9,5.0235502484209205,quantum_sparse
406913,406913,1606,1606,10,5.022972823477892,quantum_sparse
242055,242055,1614,1614,1,5.024819943923087,quantum_sparse
242055,242055,1716,1716,2,5.024819943923087,quantum_sparse
242055,242055,1580,1580,3,5.02421163371227,quantum_sparse
242055,242055,1535,1535,4,5.023935454637425,quantum_sparse
242055,242055,1539,1539,5,5.021913098759276,quantum_sparse
242055,242055,1666,1666,6,5.016823151931493,quantum_sparse
242055,242055,1568,1568,7,5.017328193074849,quantum_sparse
242055,242055,1440,1440,8,5.018842200688227,quantum_sparse
242055,242055,1542,1542,9,5.0197612376438006,quantum_sparse
242055,242055,1749,1749,10,5.0235502484209205,quantum_sparse
38514,38514,1614,1614,1,5.024819943923087,quantum_sparse
38514,38514,1716,1716,2,5.024819943923087,quantum_sparse
38514,38514,1580,1580,3,5.02421163371227,quantum_sparse
38514,38514,1535,1535,4,5.023935454637425,quantum_sparse
38514,38514,1539,1539,5,5.021913098759276,quantum_sparse
38514,38514,1666,1666,6,5.016823151931493,quantum_sparse
38514,38514,1568,1568,7,5.017328193074849,quantum_sparse
38514,38514,1440,1440,8,5.018842200688227,quantum_sparse
38514,38514,1542,1542,9,5.0197612376438006,quantum_sparse
38514,38514,1749,1749,10,5.0235502484209205,quantum_sparse
190084,190084,1614,1614,1,5.024819943923087,quantum_sparse
190084,190084,1716,1716,2,5.024819943923087,quantum_sparse
190084,190084,1580,1580,3,5.02421163371227,quantum_sparse
190084,190084,1535,1535,4,5.023935454637425,quantum_sparse
190084,190084,1539,1539,5,5.021913098759276,quantum_sparse
190084,190084,1666,1666,6,5.016823151931493,quantum_sparse
190084,190084,1568,1568,7,5.017328193074849,quantum_sparse
190084,190084,1440,1440,8,5.018842200688227,quantum_sparse
190084,190084,1542,1542,9,5.0197612376438006,quantum_sparse
190084,190084,1749,1749,10,5.0235502484209205,quantum_sparse
462279,462279,1614,1614,1,5.024819943923087,quantum_sparse
462279,462279,1716,1716,2,5.024819943923087,quantum_sparse
462279,462279,1580,1580,3,5.02421163371227,quantum_sparse
462279,462279,1535,1535,4,5.023935454637425,quantum_sparse
462279,462279,1539,1539,5,5.021913098759276,quantum_sparse
462279,462279,1666,1666,6,5.016823151931493,quantum_sparse
462279,462279,1568,1568,7,5.017328193074849,quantum_sparse
462279,462279,1440,1440,8,5.018842200688227,quantum_sparse
462279,462279,1542,1542,9,5.0197612376438006,quantum_sparse
462279,462279,1749,1749,10,5.0235502484209205,quantum_sparse
168255,168255,1614,1614,1,5.024819943923087,quantum_sparse
168255,168255,1716,1716,2,5.024819943923087,quantum_sparse
168255,168255,1580,1580,3,5.02421163371227,quantum_sparse
168255,168255,1535,1535,4,5.023935454637425,quantum_sparse
168255,168255,1539,1539,5,5.021913098759276,quantum_sparse
168255,168255,1666,1666,6,5.016823151931493,quantum_sparse
168255,168255,1568,1568,7,5.017328193074849,quantum_sparse
168255,168255,1440,1440,8,5.018842200688227,quantum_sparse
168255,168255,1542,1542,9,5.0197612376438006,quantum_sparse
168255,168255,1749,1749,10,5.0235502484209205,quantum_sparse
210397,210397,1614,1614,1,5.024819943923087,quantum_sparse
210397,210397,1716,1716,2,5.024819943923087,quantum_sparse
210397,210397,1580,1580,3,5.02421163371227,quantum_sparse
210397,210397,1535,1535,4,5.023935454637425,quantum_sparse
210397,210397,1539,1539,5,5.021913098759276,quantum_sparse
210397,210397,1666,1666,6,5.016823151931493,quantum_sparse
210397,210397,1568,1568,7,5.017328193074849,quantum_sparse
210397,210397,1440,1440,8,5.018842200688227,quantum_sparse
210397,210397,1542,1542,9,5.0197612376438006,quantum_sparse
210397,210397,1749,1749,10,5.0235502484209205,quantum_sparse
495507,495507,1614,1614,1,5.024819943923087,quantum_sparse
495507,495507,1716,1716,2,5.024819943923087,quantum_sparse
495507,495507,1580,1580,3,5.02421163371227,quantum_sparse
495507,495507,1535,1535,4,5.023935454637425,quantum_sparse
495507,495507,1539,1539,5,5.021913098759276,quantum_sparse
495507,495507,1666,1666,6,5.016823151931493,quantum_sparse
495507,495507,1568,1568,7,5.017328193074849,quantum_sparse
495507,495507,1440,1440,8,5.018842200688227,quantum_sparse
495507,495507,1542,1542,9,5.0197612376438006,quantum_sparse
495507,495507,1749,1749,10,5.0235502484209205,quantum_sparse
188244,188244,1614,1614,1,5.024819943923087,quantum_sparse
188244,188244,1716,1716,2,5.024819943923087,quantum_sparse
188244,188244,1580,1580,3,5.02421163371227,quantum_sparse
188244,188244,1535,1535,4,5.023935454637425,quantum_sparse
188244,188244,1539,1539,5,5.021913098759276,quantum_sparse
188244,188244,1666,1666,6,5.016823151931493,quantum_sparse
188244,188244,1568,1568,7,5.017328193074849,quantum_sparse
188244,188244,1440,1440,8,5.018842200688227,quantum_sparse
188244,188244,1542,1542,9,5.0197612376438006,quantum_sparse
188244,188244,1749,1749,10,5.0235502484209205,quantum_sparse
382687,382687,1614,1614,1,5.024819943923087,quantum_sparse
382687,382687,1716,1716,2,5.024819943923087,quantum_sparse
382687,382687,1580,1580,3,5.02421163371227,quantum_sparse
382687,382687,1535,1535,4,5.023935454637425,quantum_sparse
382687,382687,1539,1539,5,5.021913098759276,quantum_sparse
382687,382687,1666,1666,6,5.016823151931493,quantum_sparse
382687,382687,1568,1568,7,5.017328193074849,quantum_sparse
382687,382687,1440,1440,8,5.018842200688227,quantum_sparse
382687,382687,1542,1542,9,5.0197612376438006,quantum_sparse
382687,382687,1749,1749,10,5.0235502484209205,quantum_sparse
471533,471533,1614,1614,1,5.024819943923087,quantum_sparse
471533,471533,1716,1716,2,5.024819943923087,quantum_sparse
471533,471533,1580,1580,3,5.02421163371227,quantum_sparse
471533,471533,1535,1535,4,5.023935454637425,quantum_sparse
471533,471533,1539,1539,5,5.021913098759276,quantum_sparse
471533,471533,1666,1666,6,5.016823151931493,quantum_sparse
471533,471533,1568,1568,7,5.017328193074849,quantum_sparse
471533,471533,1440,1440,8,5.018842200688227,quantum_sparse
471533,471533,1542,1542,9,5.0197612376438006,quantum_sparse
471533,471533,1749,1749,10,5.0235502484209205,quantum_sparse
350317,350317,1614,1614,1,5.024819943923087,quantum_sparse
350317,350317,1716,1716,2,5.024819943923087,quantum_sparse
350317,350317,1580,1580,3,5.02421163371227,quantum_sparse
350317,350317,1535,1535,4,5.023935454637425,quantum_sparse
350317,350317,1539,1539,5,5.021913098759276,quantum_sparse
350317,350317,1666,1666,6,5.016823151931493,quantum_sparse
350317,350317,1568,1568,7,5.017328193074849,quantum_sparse
350317,350317,1440,1440,8,5.018842200688227,quantum_sparse
350317,350317,1542,1542,9,5.0197612376438006,quantum_sparse
350317,350317,1749,1749,10,5.0235502484209205,quantum_sparse
381985,381985,1614,1614,1,5.024819943923087,quantum_sparse
381985,381985,1716,1716,2,5.024819943923087,quantum_sparse
381985,381985,1580,1580,3,5.02421163371227,quantum_sparse
381985,381985,1535,1535,4,5.023935454637425,quantum_sparse
381985,381985,1539,1539,5,5.021913098759276,quantum_sparse
381985,381985,1666,1666,6,5.016823151931493,quantum_sparse
381985,381985,1568,1568,7,5.017328193074849,quantum_sparse
381985,381985,1440,1440,8,5.018842200688227,quantum_sparse
381985,381985,1542,1542,9,5.0197612376438006,quantum_sparse
381985,381985,1749,1749,10,5.0235502484209205,quantum_sparse
77756,77756,1614,1614,1,5.024819943923087,quantum_sparse
77756,77756,1716,1716,2,5.024819943923087,quantum_sparse
77756,77756,1580,1580,3,5.02421163371227,quantum_sparse
77756,77756,1535,1535,4,5.023935454637425,quantum_sparse
77756,77756,1539,1539,5,5.021913098759276,quantum_sparse
77756,77756,1666,1666,6,5.016823151931493,quantum_sparse
77756,77756,1568,1568,7,5.017328193074849,quantum_sparse
77756,77756,1440,1440,8,5.018842200688227,quantum_sparse
77756,77756,1542,1542,9,5.0197612376438006,quantum_sparse
77756,77756,1749,1749,10,5.0235502484209205,quantum_sparse
282515,282515,1614,1614,1,5.024819943923087,quantum_sparse
282515,282515,1716,1716,2,5.024819943923087,quantum_sparse
282515,282515,1580,1580,3,5.02421163371227,quantum_sparse
282515,282515,1535,1535,4,5.023935454637425,quantum_sparse
282515,282515,1539,1539,5,5.021913098759276,quantum_sparse
282515,282515,1666,1666,6,5.016823151931493,quantum_sparse
282515,282515,1568,1568,7,5.017328193074849,quantum_sparse
282515,282515,1440,1440,8,5.018842200688227,quantum_sparse
282515,282515,1542,1542,9,5.0197612376438006,quantum_sparse
282515,282515,1749,1749,10,5.0235502484209205,quantum_sparse
22019,22019,1614,1614,1,5.024819943923087,quantum_sparse
22019,22019,1716,1716,2,5.024819943923087,quantum_sparse
22019,22019,1580,1580,3,5.02421163371227,quantum_sparse
22019,22019,1535,1535,4,5.023935454637425,quantum_sparse
22019,22019,1539,1539,5,5.021913098759276,quantum_sparse
22019,22019,1666,1666,6,5.016823151931493,quantum_sparse
22019,22019,1568,1568,7,5.017328193074849,quantum_sparse
22019,22019,1440,1440,8,5.018842200688227,quantum_sparse
22019,22019,1542,1542,9,5.0197612376438006,quantum_sparse
22019,22019,1749,1749,10,5.0235502484209205,quantum_sparse
257754,257754,1614,1614,1,5.024819943923087,quantum_sparse
257754,257754,1716,1716,2,5.024819943923087,quantum_sparse
257754,257754,1580,1580,3,5.02421163371227,quantum_sparse
257754,257754,1535,1535,4,5.023935454637425,quantum_sparse
257754,257754,1539,1539,5,5.021913098759276,quantum_sparse
257754,257754,1666,1666,6,5.016823151931493,quantum_sparse
257754,257754,1568,1568,7,5.017328193074849,quantum_sparse
257754,257754,1440,1440,8,5.018842200688227,quantum_sparse
257754,257754,1542,1542,9,5.0197612376438006,quantum_sparse
257754,257754,1749,1749,10,5.0235502484209205,quantum_sparse
241102,241102,1614,1614,1,5.024819943923087,quantum_sparse
241102,241102,1716,1716,2,5.024819943923087,quantum_sparse
241102,241102,1580,1580,3,5.02421163371227,quantum_sparse
241102,241102,1535,1535,4,5.023935454637425,quantum_sparse
241102,241102,1539,1539,5,5.021913098759276,quantum_sparse
241102,241102,1666,1666,6,5.016823151931493,quantum_sparse
241102,241102,1568,1568,7,5.017328193074849,quantum_sparse
241102,241102,1440,1440,8,5.018842200688227,quantum_sparse
241102,241102,1542,1542,9,5.0197612376438006,quantum_sparse
241102,241102,1749,1749,10,5.0235502484209205,quantum_sparse
186865,186865,1614,1614,1,5.024819943923087,quantum_sparse
186865,186865,1716,1716,2,5.024819943923087,quantum_sparse
186865,186865,1580,1580,3,5.02421163371227,quantum_sparse
186865,186865,1535,1535,4,5.023935454637425,quantum_sparse
186865,186865,1539,1539,5,5.021913098759276,quantum_sparse
186865,186865,1666,1666,6,5.016823151931493,quantum_sparse
186865,186865,1568,1568,7,5.017328193074849,quantum_sparse
186865,186865,1440,1440,8,5.018842200688227,quantum_sparse
186865,186865,1542,1542,9,5.0197612376438006,quantum_sparse
186865,186865,1749,1749,10,5.0235502484209205,quantum_sparse
99119,99119,1614,1614,1,5.024819943923087,quantum_sparse
99119,99119,1716,1716,2,5.024819943923087,quantum_sparse
99119,99119,1580,1580,3,5.02421163371227,quantum_sparse
99119,99119,1535,1535,4,5.023935454637425,quantum_sparse
99119,99119,1539,1539,5,5.021913098759276,quantum_sparse
99119,99119,1666,1666,6,5.016823151931493,quantum_sparse
99119,99119,1568,1568,7,5.017328193074849,quantum_sparse
99119,99119,1440,1440,8,5.018842200688227,quantum_sparse
99119,99119,1542,1542,9,5.0197612376438006,quantum_sparse
99119,99119,1749,1749,10,5.0235502484209205,quantum_sparse
391141,391141,1614,1614,1,5.024819943923087,quantum_sparse
391141,391141,1716,1716,2,5.024819943923087,quantum_sparse
391141,391141,1580,1580,3,5.02421163371227,quantum_sparse
391141,391141,1535,1535,4,5.023935454637425,quantum_sparse
391141,391141,1539,1539,5,5.021913098759276,quantum_sparse
391141,391141,1666,1666,6,5.016823151931493,quantum_sparse
391141,391141,1568,1568,7,5.017328193074849,quantum_sparse
391141,391141,1440,1440,8,5.018842200688227,quantum_sparse
391141,391141,1542,1542,9,5.0197612376438006,quantum_sparse
391141,391141,1749,1749,10,5.0235502484209205,quantum_sparse
399305,399305,1614,1614,1,5.024819943923087,quantum_sparse
399305,399305,1716,1716,2,5.024819943923087,quantum_sparse
399305,399305,1580,1580,3,5.02421163371227,quantum_sparse
399305,399305,1535,1535,4,5.023935454637425,quantum_sparse
399305,399305,1539,1539,5,5.021913098759276,quantum_sparse
399305,399305,1666,1666,6,5.016823151931493,quantum_sparse
399305,399305,1568,1568,7,5.017328193074849,quantum_sparse
399305,399305,1440,1440,8,5.018842200688227,quantum_sparse
399305,399305,1542,1542,9,5.0197612376438006,quantum_sparse
399305,399305,1749,1749,10,5.0235502484209205,quantum_sparse
348171,348171,1614,1614,1,5.024819943923087,quantum_sparse
348171,348171,1716,1716,2,5.024819943923087,quantum_sparse
348171,348171,1580,1580,3,5.02421163371227,quantum_sparse
348171,348171,1535,1535,4,5.023935454637425,quantum_sparse
348171,348171,1539,1539,5,5.021913098759276,quantum_sparse
348171,348171,1666,1666,6,5.016823151931493,quantum_sparse
348171,348171,1568,1568,7,5.017328193074849,quantum_sparse
348171,348171,1440,1440,8,5.018842200688227,quantum_sparse
348171,348171,1542,1542,9,5.0197612376438006,quantum_sparse
348171,348171,1749,1749,10,5.0235502484209205,quantum_sparse
456850,456850,1614,1614,1,5.024819943923087,quantum_sparse
456850,456850,1716,1716,2,5.024819943923087,quantum_sparse
456850,456850,1580,1580,3,5.02421163371227,quantum_sparse
456850,456850,1535,1535,4,5.023935454637425,quantum_sparse
456850,456850,1539,1539,5,5.021913098759276,quantum_sparse
456850,456850,1666,1666,6,5.016823151931493,quantum_sparse
456850,456850,1568,1568,7,5.017328193074849,quantum_sparse
456850,456850,1440,1440,8,5.018842200688227,quantum_sparse
456850,456850,1542,1542,9,5.0197612376438006,quantum_sparse
456850,456850,1749,1749,10,5.0235502484209205,quantum_sparse
228192,228192,1614,1614,1,5.024819943923087,quantum_sparse
228192,228192,1716,1716,2,5.024819943923087,quantum_sparse
228192,228192,1580,1580,3,5.02421163371227,quantum_sparse
228192,228192,1535,1535,4,5.023935454637425,quantum_sparse
228192,228192,1539,1539,5,5.021913098759276,quantum_sparse
228192,228192,1666,1666,6,5.016823151931493,quantum_sparse
228192,228192,1568,1568,7,5.017328193074849,quantum_sparse
228192,228192,1440,1440,8,5.018842200688227,quantum_sparse
228192,228192,1542,1542,9,5.0197612376438006,quantum_sparse
228192,228192,1749,1749,10,5.0235502484209205,quantum_sparse
497915,497915,1614,1614,1,5.024819943923087,quantum_sparse
497915,497915,1716,1716,2,5.024819943923087,quantum_sparse
497915,497915,1580,1580,3,5.02421163371227,quantum_sparse
497915,497915,1535,1535,4,5.023935454637425,quantum_sparse
497915,497915,1539,1539,5,5.021913098759276,quantum_sparse
497915,497915,1666,1666,6,5.016823151931493,quantum_sparse
497915,497915,1568,1568,7,5.017328193074849,quantum_sparse
497915,497915,1440,1440,8,5.018842200688227,quantum_sparse
497915,497915,1542,1542,9,5.0197612376438006,quantum_sparse
497915,497915,1749,1749,10,5.0235502484209205,quantum_sparse
34290,34290,1614,1614,1,5.024819943923087,quantum_sparse
34290,34290,1716,1716,2,5.024819943923087,quantum_sparse
34290,34290,1580,1580,3,5.02421163371227,quantum_sparse
34290,34290,1535,1535,4,5.023935454637425,quantum_sparse
34290,34290,1539,1539,5,5.021913098759276,quantum_sparse
34290,34290,1666,1666,6,5.016823151931493,quantum_sparse
34290,34290,1568,1568,7,5.017328193074849,quantum_sparse
34290,34290,1440,1440,8,5.018842200688227,quantum_sparse
34290,34290,1542,1542,9,5.0197612376438006,quantum_sparse
34290,34290,1749,1749,10,5.0235502484209205,quantum_sparse
182734,182734,1614,1614,1,5.024819943923087,quantum_sparse
182734,182734,1716,1716,2,5.024819943923087,quantum_sparse
182734,182734,1580,1580,3,5.02421163371227,quantum_sparse
182734,182734,1535,1535,4,5.023935454637425,quantum_sparse
182734,182734,1539,1539,5,5.021913098759276,quantum_sparse
182734,182734,1666,1666,6,5.016823151931493,quantum_sparse
182734,182734,1568,1568,7,5.017328193074849,quantum_sparse
182734,182734,1440,1440,8,5.018842200688227,quantum_sparse
182734,182734,1542,1542,9,5.0197612376438006,quantum_sparse
182734,182734,1749,1749,10,5.0235502484209205,quantum_sparse
359642,359642,1614,1614,1,5.024819943923087,quantum_sparse
359642,359642,1716,1716,2,5.024819943923087,quantum_sparse
359642,359642,1580,1580,3,5.02421163371227,quantum_sparse
359642,359642,1535,1535,4,5.023935454637425,quantum_sparse
359642,359642,1539,1539,5,5.021913098759276,quantum_sparse
359642,359642,1666,1666,6,5.016823151931493,quantum_sparse
359642,359642,1568,1568,7,5.017328193074849,quantum_sparse
359642,359642,1440,1440,8,5.018842200688227,quantum_sparse
359642,359642,1542,1542,9,5.0197612376438006,quantum_sparse
359642,359642,1749,1749,10,5.0235502484209205,quantum_sparse
390350,390350,1614,1614,1,5.024819943923087,quantum_sparse
390350,390350,1716,1716,2,5.024819943923087,quantum_sparse
390350,390350,1580,1580,3,5.02421163371227,quantum_sparse
390350,390350,1535,1535,4,5.023935454637425,quantum_sparse
390350,390350,1539,1539,5,5.021913098759276,quantum_sparse
390350,390350,1666,1666,6,5.016823151931493,quantum_sparse
390350,390350,1568,1568,7,5.017328193074849,quantum_sparse
390350,390350,1440,1440,8,5.018842200688227,quantum_sparse
390350,390350,1542,1542,9,5.0197612376438006,quantum_sparse
390350,390350,1749,1749,10,5.0235502484209205,quantum_sparse
84161,84161,1614,1614,1,5.024819943923087,quantum_sparse
84161,84161,1716,1716,2,5.024819943923087,quantum_sparse
84161,84161,1580,1580,3,5.02421163371227,quantum_sparse
84161,84161,1535,1535,4,5.023935454637425,quantum_sparse
84161,84161,1539,1539,5,5.021913098759276,quantum_sparse
84161,84161,1666,1666,6,5.016823151931493,quantum_sparse
84161,84161,1568,1568,7,5.017328193074849,quantum_sparse
84161,84161,1440,1440,8,5.018842200688227,quantum_sparse
84161,84161,1542,1542,9,5.0197612376438006,quantum_sparse
84161,84161,1749,1749,10,5.0235502484209205,quantum_sparse
326167,326167,1614,1614,1,5.024819943923087,quantum_sparse
326167,326167,1716,1716,2,5.024819943923087,quantum_sparse
326167,326167,1580,1580,3,5.02421163371227,quantum_sparse
326167,326167,1535,1535,4,5.023935454637425,quantum_sparse
326167,326167,1539,1539,5,5.021913098759276,quantum_sparse
326167,326167,1666,1666,6,5.016823151931493,quantum_sparse
326167,326167,1568,1568,7,5.017328193074849,quantum_sparse
326167,326167,1440,1440,8,5.018842200688227,quantum_sparse
326167,326167,1542,1542,9,5.0197612376438006,quantum_sparse
326167,326167,1749,1749,10,5.0235502484209205,quantum_sparse
141390,141390,1614,1614,1,5.024819943923087,quantum_sparse
141390,141390,1716,1716,2,5.024819943923087,quantum_sparse
141390,141390,1580,1580,3,5.02421163371227,quantum_sparse
141390,141390,1535,1535,4,5.023935454637425,quantum_sparse
141390,141390,1539,1539,5,5.021913098759276,quantum_sparse
141390,141390,1666,1666,6,5.016823151931493,quantum_sparse
141390,141390,1568,1568,7,5.017328193074849,quantum_sparse
141390,141390,1440,1440,8,5.018842200688227,quantum_sparse
141390,141390,1542,1542,9,5.0197612376438006,quantum_sparse
141390,141390,1749,1749,10,5.0235502484209205,quantum_sparse
425109,425109,1614,1614,1,5.024819943923087,quantum_sparse
425109,425109,1716,1716,2,5.024819943923087,quantum_sparse
425109,425109,1580,1580,3,5.02421163371227,quantum_sparse
425109,425109,1535,1535,4,5.023935454637425,quantum_sparse
425109,425109,1539,1539,5,5.021913098759276,quantum_sparse
425109,425109,1666,1666,6,5.016823151931493,quantum_sparse
425109,425109,1568,1568,7,5.017328193074849,quantum_sparse
425109,425109,1440,1440,8,5.018842200688227,quantum_sparse
425109,425109,1542,1542,9,5.0197612376438006,quantum_sparse
425109,425109,1749,1749,10,5.0235502484209205,quantum_sparse
440586,440586,1614,1614,1,5.024819943923087,quantum_sparse
440586,440586,1716,1716,2,5.024819943923087,quantum_sparse
440586,440586,1580,1580,3,5.02421163371227,quantum_sparse
440586,440586,1535,1535,4,5.023935454637425,quantum_sparse
440586,440586,1539,1539,5,5.021913098759276,quantum_sparse
440586,440586,1666,1666,6,5.016823151931493,quantum_sparse
440586,440586,1568,1568,7,5.017328193074849,quantum_sparse
440586,440586,1440,1440,8,5.018842200688227,quantum_sparse
440586,440586,1542,1542,9,5.0197612376438006,quantum_sparse
440586,440586,1749,1749,10,5.0235502484209205,quantum_sparse
32182,32182,1614,1614,1,5.024819943923087,quantum_sparse
32182,32182,1716,1716,2,5.024819943923087,quantum_sparse
32182,32182,1580,1580,3,5.02421163371227,quantum_sparse
32182,32182,1535,1535,4,5.023935454637425,quantum_sparse
32182,32182,1539,1539,5,5.021913098759276,quantum_sparse
32182,32182,1666,1666,6,5.016823151931493,quantum_sparse
32182,32182,1568,1568,7,5.017328193074849,quantum_sparse
32182,32182,1440,1440,8,5.018842200688227,quantum_sparse
32182,32182,1542,1542,9,5.0197612376438006,quantum_sparse
32182,32182,1749,1749,10,5.0235502484209205,quantum_sparse
454827,454827,1614,1614,1,5.024819943923087,quantum_sparse
454827,454827,1716,1716,2,5.024819943923087,quantum_sparse
454827,454827,1580,1580,3,5.02421163371227,quantum_sparse
454827,454827,1535,1535,4,5.023935454637425,quantum_sparse
454827,454827,1539,1539,5,5.021913098759276,quantum_sparse
454827,454827,1666,1666,6,5.016823151931493,quantum_sparse
454827,454827,1568,1568,7,5.017328193074849,quantum_sparse
454827,454827,1440,1440,8,5.018842200688227,quantum_sparse
454827,454827,1542,1542,9,5.0197612376438006,quantum_sparse
454827,454827,1749,1749,10,5.0235502484209205,quantum_sparse
287383,287383,1614,1614,1,5.024819943923087,quantum_sparse
287383,287383,1716,1716,2,5.024819943923087,quantum_sparse
287383,287383,1580,1580,3,5.02421163371227,quantum_sparse
287383,287383,1535,1535,4,5.023935454637425,quantum_sparse
287383,287383,1539,1539,5,5.021913098759276,quantum_sparse
287383,287383,1666,1666,6,5.016823151931493,quantum_sparse
287383,287383,1568,1568,7,5.017328193074849,quantum_sparse
287383,287383,1440,1440,8,5.018842200688227,quantum_sparse
287383,287383,1542,1542,9,5.0197612376438006,quantum_sparse
287383,287383,1749,1749,10,5.0235502484209205,quantum_sparse
47243,47243,1614,1614,1,5.024819943923087,quantum_sparse
47243,47243,1716,1716,2,5.024819943923087,quantum_sparse
47243,47243,1580,1580,3,5.02421163371227,quantum_sparse
47243,47243,1535,1535,4,5.023935454637425,quantum_sparse
47243,47243,1539,1539,5,5.021913098759276,quantum_sparse
47243,47243,1666,1666,6,5.016823151931493,quantum_sparse
47243,47243,1568,1568,7,5.017328193074849,quantum_sparse
47243,47243,1440,1440,8,5.018842200688227,quantum_sparse
47243,47243,1542,1542,9,5.0197612376438006,quantum_sparse
47243,47243,1749,1749,10,5.0235502484209205,quantum_sparse
115895,115895,1614,1614,1,5.024819943923087,quantum_sparse
115895,115895,1716,1716,2,5.024819943923087,quantum_sparse
115895,115895,1580,1580,3,5.02421163371227,quantum_sparse
115895,115895,1535,1535,4,5.023935454637425,quantum_sparse
115895,115895,1539,1539,5,5.021913098759276,quantum_sparse
115895,115895,1666,1666,6,5.016823151931493,quantum_sparse
115895,115895,1568,1568,7,5.017328193074849,quantum_sparse
115895,115895,1440,1440,8,5.018842200688227,quantum_sparse
115895,115895,1542,1542,9,5.0197612376438006,quantum_sparse
115895,115895,1749,1749,10,5.0235502484209205,quantum_sparse
232131,232131,1614,1614,1,5.024819943923087,quantum_sparse
232131,232131,1716,1716,2,5.024819943923087,quantum_sparse
232131,232131,1580,1580,3,5.02421163371227,quantum_sparse
232131,232131,1535,1535,4,5.023935454637425,quantum_sparse
232131,232131,1539,1539,5,5.021913098759276,quantum_sparse
232131,232131,1666,1666,6,5.016823151931493,quantum_sparse
232131,232131,1568,1568,7,5.017328193074849,quantum_sparse
232131,232131,1440,1440,8,5.018842200688227,quantum_sparse
232131,232131,1542,1542,9,5.0197612376438006,quantum_sparse
232131,232131,1749,1749,10,5.0235502484209205,quantum_sparse
227382,227382,1614,1614,1,5.024819943923087,quantum_sparse
227382,227382,1716,1716,2,5.024819943923087,quantum_sparse
227382,227382,1580,1580,3,5.02421163371227,quantum_sparse
227382,227382,1535,1535,4,5.023935454637425,quantum_sparse
227382,227382,1539,1539,5,5.021913098759276,quantum_sparse
227382,227382,1666,1666,6,5.016823151931493,quantum_sparse
227382,227382,1568,1568,7,5.017328193074849,quantum_sparse
227382,227382,1440,1440,8,5.018842200688227,quantum_sparse
227382,227382,1542,1542,9,5.0197612376438006,quantum_sparse
227382,227382,1749,1749,10,5.0235502484209205,quantum_sparse
282636,282636,1614,1614,1,5.024819943923087,quantum_sparse
282636,282636,1716,1716,2,5.024819943923087,quantum_sparse
282636,282636,1580,1580,3,5.02421163371227,quantum_sparse
282636,282636,1535,1535,4,5.023935454637425,quantum_sparse
282636,282636,1539,1539,5,5.021913098759276,quantum_sparse
282636,282636,1666,1666,6,5.016823151931493,quantum_sparse
282636,282636,1568,1568,7,5.017328193074849,quantum_sparse
282636,282636,1440,1440,8,5.018842200688227,quantum_sparse
282636,282636,1542,1542,9,5.0197612376438006,quantum_sparse
282636,282636,1749,1749,10,5.0235502484209205,quantum_sparse
422539,422539,1614,1614,1,5.024819943923087,quantum_sparse
422539,422539,1716,1716,2,5.024819943923087,quantum_sparse
422539,422539,1580,1580,3,5.02421163371227,quantum_sparse
422539,422539,1535,1535,4,5.023935454637425,quantum_sparse
422539,422539,1539,1539,5,5.021913098759276,quantum_sparse
422539,422539,1666,1666,6,5.016823151931493,quantum_sparse
422539,422539,1568,1568,7,5.017328193074849,quantum_sparse
422539,422539,1440,1440,8,5.018842200688227,quantum_sparse
422539,422539,1542,1542,9,5.0197612376438006,quantum_sparse
422539,422539,1749,1749,10,5.0235502484209205,quantum_sparse
207258,207258,1614,1614,1,5.024819943923087,quantum_sparse
207258,207258,1716,1716,2,5.024819943923087,quantum_sparse
207258,207258,1580,1580,3,5.02421163371227,quantum_sparse
207258,207258,1535,1535,4,5.023935454637425,quantum_sparse
207258,207258,1539,1539,5,5.021913098759276,quantum_sparse
207258,207258,1666,1666,6,5.016823151931493,quantum_sparse
207258,207258,1568,1568,7,5.017328193074849,quantum_sparse
207258,207258,1440,1440,8,5.018842200688227,quantum_sparse
207258,207258,1542,1542,9,5.0197612376438006,quantum_sparse
207258,207258,1749,1749,10,5.0235502484209205,quantum_sparse
332302,332302,1614,1614,1,5.024819943923087,quantum_sparse
332302,332302,1716,1716,2,5.024819943923087,quantum_sparse
332302,332302,1580,1580,3,5.02421163371227,quantum_sparse
332302,332302,1535,1535,4,5.023935454637425,quantum_sparse
332302,332302,1539,1539,5,5.021913098759276,quantum_sparse
332302,332302,1666,1666,6,5.016823151931493,quantum_sparse
332302,332302,1568,1568,7,5.017328193074849,quantum_sparse
332302,332302,1440,1440,8,5.018842200688227,quantum_sparse
332302,332302,1542,1542,9,5.0197612376438006,quantum_sparse
332302,332302,1749,1749,10,5.0235502484209205,quantum_sparse
401835,401835,1614,1614,1,5.024819943923087,quantum_sparse
401835,401835,1716,1716,2,5.024819943923087,quantum_sparse
401835,401835,1580,1580,3,5.02421163371227,quantum_sparse
401835,401835,1535,1535,4,5.023935454637425,quantum_sparse
401835,401835,1539,1539,5,5.021913098759276,quantum_sparse
401835,401835,1666,1666,6,5.016823151931493,quantum_sparse
401835,401835,1568,1568,7,5.017328193074849,quantum_sparse
401835,401835,1440,1440,8,5.018842200688227,quantum_sparse
401835,401835,1542,1542,9,5.0197612376438006,quantum_sparse
401835,401835,1749,1749,10,5.0235502484209205,quantum_sparse
475841,475841,1614,1614,1,5.024819943923087,quantum_sparse
475841,475841,1716,1716,2,5.024819943923087,quantum_sparse
475841,475841,1580,1580,3,5.02421163371227,quantum_sparse
475841,475841,1535,1535,4,5.023935454637425,quantum_sparse
475841,475841,1539,1539,5,5.021913098759276,quantum_sparse
475841,475841,1666,1666,6,5.016823151931493,quantum_sparse
475841,475841,1568,1568,7,5.017328193074849,quantum_sparse
475841,475841,1440,1440,8,5.018842200688227,quantum_sparse
475841,475841,1542,1542,9,5.0197612376438006,quantum_sparse
475841,475841,1749,1749,10,5.0235502484209205,quantum_sparse
92962,92962,1614,1614,1,5.024819943923087,quantum_sparse
92962,92962,1716,1716,2,5.024819943923087,quantum_sparse
92962,92962,1580,1580,3,5.02421163371227,quantum_sparse
92962,92962,1535,1535,4,5.023935454637425,quantum_sparse
92962,92962,1539,1539,5,5.021913098759276,quantum_sparse
92962,92962,1666,1666,6,5.016823151931493,quantum_sparse
92962,92962,1568,1568,7,5.017328193074849,quantum_sparse
92962,92962,1440,1440,8,5.018842200688227,quantum_sparse
92962,92962,1542,1542,9,5.0197612376438006,quantum_sparse
92962,92962,1749,1749,10,5.0235502484209205,quantum_sparse
191180,191180,1614,1614,1,5.024819943923087,quantum_sparse
191180,191180,1716,1716,2,5.024819943923087,quantum_sparse
191180,191180,1580,1580,3,5.02421163371227,quantum_sparse
191180,191180,1535,1535,4,5.023935454637425,quantum_sparse
191180,191180,1539,1539,5,5.021913098759276,quantum_sparse
191180,191180,1666,1666,6,5.016823151931493,quantum_sparse
191180,191180,1568,1568,7,5.017328193074849,quantum_sparse
191180,191180,1440,1440,8,5.018842200688227,quantum_sparse
191180,191180,1542,1542,9,5.0197612376438006,quantum_sparse
191180,191180,1749,1749,10,5.0235502484209205,quantum_sparse
259898,259898,1614,1614,1,5.024819943923087,quantum_sparse
259898,259898,1716,1716,2,5.024819943923087,quantum_sparse
259898,259898,1580,1580,3,5.02421163371227,quantum_sparse
259898,259898,1535,1535,4,5.023935454637425,quantum_sparse
259898,259898,1539,1539,5,5.021913098759276,quantum_sparse
259898,259898,1666,1666,6,5.016823151931493,quantum_sparse
259898,259898,1568,1568,7,5.017328193074849,quantum_sparse
259898,259898,1440,1440,8,5.018842200688227,quantum_sparse
259898,259898,1542,1542,9,5.0197612376438006,quantum_sparse
259898,259898,1749,1749,10,5.0235502484209205,quantum_sparse
232362,232362,1614,1614,1,5.024819943923087,quantum_sparse
232362,232362,1716,1716,2,5.024819943923087,quantum_sparse
232362,232362,1580,1580,3,5.02421163371227,quantum_sparse
232362,232362,1535,1535,4,5.023935454637425,quantum_sparse
232362,232362,1539,1539,5,5.021913098759276,quantum_sparse
232362,232362,1666,1666,6,5.016823151931493,quantum_sparse
232362,232362,1568,1568,7,5.017328193074849,quantum_sparse
232362,232362,1440,1440,8,5.018842200688227,quantum_sparse
232362,232362,1542,1542,9,5.0197612376438006,quantum_sparse
232362,232362,1749,1749,10,5.0235502484209205,quantum_sparse
431895,431895,1614,1614,1,5.024819943923087,quantum_sparse
431895,431895,1716,1716,2,5.024819943923087,quantum_sparse
431895,431895,1580,1580,3,5.02421163371227,quantum_sparse
431895,431895,1535,1535,4,5.023935454637425,quantum_sparse
431895,431895,1539,1539,5,5.021913098759276,quantum_sparse
431895,431895,1666,1666,6,5.016823151931493,quantum_sparse
431895,431895,1568,1568,7,5.017328193074849,quantum_sparse
431895,431895,1440,1440,8,5.018842200688227,quantum_sparse
431895,431895,1542,1542,9,5.0197612376438006,quantum_sparse
431895,431895,1749,1749,10,5.0235502484209205,quantum_sparse
64210,64210,1614,1614,1,5.024819943923087,quantum_sparse
64210,64210,1716,1716,2,5.024819943923087,quantum_sparse
64210,64210,1580,1580,3,5.02421163371227,quantum_sparse
64210,64210,1535,1535,4,5.023935454637425,quantum_sparse
64210,64210,1539,1539,5,5.021913098759276,quantum_sparse
64210,64210,1666,1666,6,5.016823151931493,quantum_sparse
64210,64210,1568,1568,7,5.017328193074849,quantum_sparse
64210,64210,1440,1440,8,5.018842200688227,quantum_sparse
64210,64210,1542,1542,9,5.0197612376438006,quantum_sparse
64210,64210,1749,1749,10,5.0235502484209205,quantum_sparse
266706,266706,1634,1634,1,5.0,classical_active
266706,266706,1580,1580,2,5.0,classical_active
266706,266706,1535,1535,3,5.0,classical_active
266706,266706,1716,1716,4,5.0,classical_active
266706,266706,1568,1568,5,5.0,classical_active
266706,266706,1323,1323,6,5.0,classical_active
266706,266706,1666,1666,7,5.0,classical_active
266706,266706,1283,1283,8,5.0,classical_active
266706,266706,1539,1539,9,5.0,classical_active
266706,266706,1388,1388,10,5.0,classical_active
404329,404329,1614,1614,1,5.024819943923087,quantum_sparse
404329,404329,1716,1716,2,5.024819943923087,quantum_sparse
404329,404329,1580,1580,3,5.02421163371227,quantum_sparse
404329,404329,1535,1535,4,5.023935454637425,quantum_sparse
404329,404329,1539,1539,5,5.021913098759276,quantum_sparse
404329,404329,1666,1666,6,5.016823151931493,quantum_sparse
404329,404329,1568,1568,7,5.017328193074849,quantum_sparse
404329,404329,1440,1440,8,5.018842200688227,quantum_sparse
404329,404329,1542,1542,9,5.0197612376438006,quantum_sparse
404329,404329,1749,1749,10,5.0235502484209205,quantum_sparse
369166,369166,1614,1614,1,5.024819943923087,quantum_sparse
369166,369166,1716,1716,2,5.024819943923087,quantum_sparse
369166,369166,1580,1580,3,5.02421163371227,quantum_sparse
369166,369166,1535,1535,4,5.023935454637425,quantum_sparse
369166,369166,1539,1539,5,5.021913098759276,quantum_sparse
369166,369166,1666,1666,6,5.016823151931493,quantum_sparse
369166,369166,1568,1568,7,5.017328193074849,quantum_sparse
369166,369166,1440,1440,8,5.018842200688227,quantum_sparse
369166,369166,1542,1542,9,5.0197612376438006,quantum_sparse
369166,369166,1749,1749,10,5.0235502484209205,quantum_sparse
392763,392763,1614,1614,1,5.024819943923087,quantum_sparse
392763,392763,1716,1716,2,5.024819943923087,quantum_sparse
392763,392763,1580,1580,3,5.02421163371227,quantum_sparse
392763,392763,1535,1535,4,5.023935454637425,quantum_sparse
392763,392763,1539,1539,5,5.021913098759276,quantum_sparse
392763,392763,1666,1666,6,5.016823151931493,quantum_sparse
392763,392763,1568,1568,7,5.017328193074849,quantum_sparse
392763,392763,1440,1440,8,5.018842200688227,quantum_sparse
392763,392763,1542,1542,9,5.0197612376438006,quantum_sparse
392763,392763,1749,1749,10,5.0235502484209205,quantum_sparse
379001,379001,1614,1614,1,5.024819943923087,quantum_sparse
379001,379001,1716,1716,2,5.024819943923087,quantum_sparse
379001,379001,1580,1580,3,5.02421163371227,quantum_sparse
379001,379001,1535,1535,4,5.023935454637425,quantum_sparse
379001,379001,1539,1539,5,5.021913098759276,quantum_sparse
379001,379001,1666,1666,6,5.016823151931493,quantum_sparse
379001,379001,1568,1568,7,5.017328193074849,quantum_sparse
379001,379001,1440,1440,8,5.018842200688227,quantum_sparse
379001,379001,1542,1542,9,5.0197612376438006,quantum_sparse
379001,379001,1749,1749,10,5.0235502484209205,quantum_sparse
501872,501872,1614,1614,1,5.024819943923087,quantum_sparse
501872,501872,1716,1716,2,5.024819943923087,quantum_sparse
501872,501872,1580,1580,3,5.02421163371227,quantum_sparse
501872,501872,1535,1535,4,5.023935454637425,quantum_sparse
501872,501872,1539,1539,5,5.021913098759276,quantum_sparse
501872,501872,1666,1666,6,5.016823151931493,quantum_sparse
501872,501872,1568,1568,7,5.017328193074849,quantum_sparse
501872,501872,1440,1440,8,5.018842200688227,quantum_sparse
501872,501872,1542,1542,9,5.0197612376438006,quantum_sparse
501872,501872,1749,1749,10,5.0235502484209205,quantum_sparse
273988,273988,1614,1614,1,5.024819943923087,quantum_sparse
273988,273988,1716,1716,2,5.024819943923087,quantum_sparse
273988,273988,1580,1580,3,5.02421163371227,quantum_sparse
273988,273988,1535,1535,4,5.023935454637425,quantum_sparse
273988,273988,1539,1539,5,5.021913098759276,quantum_sparse
273988,273988,1666,1666,6,5.016823151931493,quantum_sparse
273988,273988,1568,1568,7,5.017328193074849,quantum_sparse
273988,273988,1440,1440,8,5.018842200688227,quantum_sparse
273988,273988,1542,1542,9,5.0197612376438006,quantum_sparse
273988,273988,1749,1749,10,5.0235502484209205,quantum_sparse
48303,48303,1614,1614,1,5.024819943923087,quantum_sparse
48303,48303,1716,1716,2,5.024819943923087,quantum_sparse
48303,48303,1580,1580,3,5.02421163371227,quantum_sparse
48303,48303,1535,1535,4,5.023935454637425,quantum_sparse
48303,48303,1539,1539,5,5.021913098759276,quantum_sparse
48303,48303,1666,1666,6,5.016823151931493,quantum_sparse
48303,48303,1568,1568,7,5.017328193074849,quantum_sparse
48303,48303,1440,1440,8,5.018842200688227,quantum_sparse
48303,48303,1542,1542,9,5.0197612376438006,quantum_sparse
48303,48303,1749,1749,10,5.0235502484209205,quantum_sparse
103103,103103,1614,1614,1,5.024819943923087,quantum_sparse
103103,103103,1716,1716,2,5.024819943923087,quantum_sparse
103103,103103,1580,1580,3,5.02421163371227,quantum_sparse
103103,103103,1535,1535,4,5.023935454637425,quantum_sparse
103103,103103,1539,1539,5,5.021913098759276,quantum_sparse
103103,103103,1666,1666,6,5.016823151931493,quantum_sparse
103103,103103,1568,1568,7,5.017328193074849,quantum_sparse
103103,103103,1440,1440,8,5.018842200688227,quantum_sparse
103103,103103,1542,1542,9,5.0197612376438006,quantum_sparse
103103,103103,1749,1749,10,5.0235502484209205,quantum_sparse
359192,359192,1614,1614,1,5.024819943923087,quantum_sparse
359192,359192,1716,1716,2,5.024819943923087,quantum_sparse
359192,359192,1580,1580,3,5.02421163371227,quantum_sparse
359192,359192,1535,1535,4,5.023935454637425,quantum_sparse
359192,359192,1539,1539,5,5.021913098759276,quantum_sparse
359192,359192,1666,1666,6,5.016823151931493,quantum_sparse
359192,359192,1568,1568,7,5.017328193074849,quantum_sparse
359192,359192,1440,1440,8,5.018842200688227,quantum_sparse
359192,359192,1542,1542,9,5.0197612376438006,quantum_sparse
359192,359192,1749,1749,10,5.0235502484209205,quantum_sparse
44218,44218,1614,1614,1,5.024819943923087,quantum_sparse
44218,44218,1716,1716,2,5.024819943923087,quantum_sparse
44218,44218,1580,1580,3,5.02421163371227,quantum_sparse
44218,44218,1535,1535,4,5.023935454637425,quantum_sparse
44218,44218,1539,1539,5,5.021913098759276,quantum_sparse
44218,44218,1666,1666,6,5.016823151931493,quantum_sparse
44218,44218,1568,1568,7,5.017328193074849,quantum_sparse
44218,44218,1440,1440,8,5.018842200688227,quantum_sparse
44218,44218,1542,1542,9,5.0197612376438006,quantum_sparse
44218,44218,1749,1749,10,5.0235502484209205,quantum_sparse
441975,441975,1614,1614,1,5.024819943923087,quantum_sparse
441975,441975,1716,1716,2,5.024819943923087,quantum_sparse
441975,441975,1580,1580,3,5.02421163371227,quantum_sparse
441975,441975,1535,1535,4,5.023935454637425,quantum_sparse
441975,441975,1539,1539,5,5.021913098759276,quantum_sparse
441975,441975,1666,1666,6,5.016823151931493,quantum_sparse
441975,441975,1568,1568,7,5.017328193074849,quantum_sparse
441975,441975,1440,1440,8,5.018842200688227,quantum_sparse
441975,441975,1542,1542,9,5.0197612376438006,quantum_sparse
441975,441975,1749,1749,10,5.0235502484209205,quantum_sparse
222752,222752,1614,1614,1,5.024819943923087,quantum_sparse
222752,222752,1716,1716,2,5.024819943923087,quantum_sparse
222752,222752,1580,1580,3,5.02421163371227,quantum_sparse
222752,222752,1535,1535,4,5.023935454637425,quantum_sparse
222752,222752,1539,1539,5,5.021913098759276,quantum_sparse
222752,222752,1666,1666,6,5.016823151931493,quantum_sparse
222752,222752,1568,1568,7,5.017328193074849,quantum_sparse
222752,222752,1440,1440,8,5.018842200688227,quantum_sparse
222752,222752,1542,1542,9,5.0197612376438006,quantum_sparse
222752,222752,1749,1749,10,5.0235502484209205,quantum_sparse
225534,225534,1614,1614,1,5.024819943923087,quantum_sparse
225534,225534,1716,1716,2,5.024819943923087,quantum_sparse
225534,225534,1580,1580,3,5.02421163371227,quantum_sparse
225534,225534,1535,1535,4,5.023935454637425,quantum_sparse
225534,225534,1539,1539,5,5.021913098759276,quantum_sparse
225534,225534,1666,1666,6,5.016823151931493,quantum_sparse
225534,225534,1568,1568,7,5.017328193074849,quantum_sparse
225534,225534,1440,1440,8,5.018842200688227,quantum_sparse
225534,225534,1542,1542,9,5.0197612376438006,quantum_sparse
225534,225534,1749,1749,10,5.0235502484209205,quantum_sparse
338471,338471,1614,1614,1,5.024819943923087,quantum_sparse
338471,338471,1716,1716,2,5.024819943923087,quantum_sparse
338471,338471,1580,1580,3,5.02421163371227,quantum_sparse
338471,338471,1535,1535,4,5.023935454637425,quantum_sparse
338471,338471,1539,1539,5,5.021913098759276,quantum_sparse
338471,338471,1666,1666,6,5.016823151931493,quantum_sparse
338471,338471,1568,1568,7,5.017328193074849,quantum_sparse
338471,338471,1440,1440,8,5.018842200688227,quantum_sparse
338471,338471,1542,1542,9,5.0197612376438006,quantum_sparse
338471,338471,1749,1749,10,5.0235502484209205,quantum_sparse
398872,398872,1614,1614,1,5.024819943923087,quantum_sparse
398872,398872,1716,1716,2,5.024819943923087,quantum_sparse
398872,398872,1580,1580,3,5.02421163371227,quantum_sparse
398872,398872,1535,1535,4,5.023935454637425,quantum_sparse
398872,398872,1539,1539,5,5.021913098759276,quantum_sparse
398872,398872,1666,1666,6,5.016823151931493,quantum_sparse
398872,398872,1568,1568,7,5.017328193074849,quantum_sparse
398872,398872,1440,1440,8,5.018842200688227,quantum_sparse
398872,398872,1542,1542,9,5.0197612376438006,quantum_sparse
398872,398872,1749,1749,10,5.0235502484209205,quantum_sparse
46026,46026,1614,1614,1,5.024819943923087,quantum_sparse
46026,46026,1716,1716,2,5.024819943923087,quantum_sparse
46026,46026,1580,1580,3,5.02421163371227,quantum_sparse
46026,46026,1535,1535,4,5.023935454637425,quantum_sparse
46026,46026,1539,1539,5,5.021913098759276,quantum_sparse
46026,46026,1666,1666,6,5.016823151931493,quantum_sparse
46026,46026,1568,1568,7,5.017328193074849,quantum_sparse
46026,46026,1440,1440,8,5.018842200688227,quantum_sparse
46026,46026,1542,1542,9,5.0197612376438006,quantum_sparse
46026,46026,1749,1749,10,5.0235502484209205,quantum_sparse
