user_idx,user_id,movie_id,item_idx,rank,score,strategy
90592,90592,350048,350048,1,5.0226642608957714,quantum_sparse
90592,90592,509464,509464,2,5.0207004206523935,quantum_sparse
90592,90592,233766,233766,3,5.0207004206523935,quantum_sparse
90592,90592,688136,688136,4,5.0207004206523935,quantum_sparse
90592,90592,67362,67362,5,5.0207004206523935,quantum_sparse
90592,90592,536121,536121,6,5.0207004206523935,quantum_sparse
90592,90592,644984,644984,7,5.0207004206523935,quantum_sparse
90592,90592,651654,651654,8,5.0207004206523935,quantum_sparse
90592,90592,114200,114200,9,5.0207004206523935,quantum_sparse
90592,90592,617208,617208,10,5.0207004206523935,quantum_sparse
140356,140356,531604,531604,1,5.0,classical_active
140356,140356,100546,100546,2,5.0,classical_active
140356,140356,712065,712065,3,5.0,classical_active
140356,140356,437450,437450,4,5.0,classical_active
140356,140356,697041,697041,5,5.0,classical_active
140356,140356,693079,693079,6,5.0,classical_active
140356,140356,418016,418016,7,5.0,classical_active
140356,140356,233930,233930,8,5.0,classical_active
140356,140356,509866,509866,9,5.0,classical_active
140356,140356,511276,511276,10,5.0,classical_active
25021,25021,350048,350048,1,5.0226642608957714,quantum_sparse
25021,25021,509464,509464,2,5.0207004206523935,quantum_sparse
25021,25021,233766,233766,3,5.0207004206523935,quantum_sparse
25021,25021,688136,688136,4,5.0207004206523935,quantum_sparse
25021,25021,67362,67362,5,5.0207004206523935,quantum_sparse
25021,25021,536121,536121,6,5.0207004206523935,quantum_sparse
25021,25021,644984,644984,7,5.0207004206523935,quantum_sparse
25021,25021,651654,651654,8,5.0207004206523935,quantum_sparse
25021,25021,114200,114200,9,5.0207004206523935,quantum_sparse
25021,25021,617208,617208,10,5.0207004206523935,quantum_sparse
77916,77916,350048,350048,1,5.0226642608957714,quantum_sparse
77916,77916,509464,509464,2,5.0207004206523935,quantum_sparse
77916,77916,233766,233766,3,5.0207004206523935,quantum_sparse
77916,77916,688136,688136,4,5.0207004206523935,quantum_sparse
77916,77916,67362,67362,5,5.0207004206523935,quantum_sparse
77916,77916,536121,536121,6,5.0207004206523935,quantum_sparse
77916,77916,644984,644984,7,5.0207004206523935,quantum_sparse
77916,77916,651654,651654,8,5.0207004206523935,quantum_sparse
77916,77916,114200,114200,9,5.0207004206523935,quantum_sparse
77916,77916,617208,617208,10,5.0207004206523935,quantum_sparse
18799,18799,350048,350048,1,5.0226642608957714,quantum_sparse
18799,18799,509464,509464,2,5.0207004206523935,quantum_sparse
18799,18799,233766,233766,3,5.0207004206523935,quantum_sparse
18799,18799,688136,688136,4,5.0207004206523935,quantum_sparse
18799,18799,67362,67362,5,5.0207004206523935,quantum_sparse
18799,18799,536121,536121,6,5.0207004206523935,quantum_sparse
18799,18799,644984,644984,7,5.0207004206523935,quantum_sparse
18799,18799,651654,651654,8,5.0207004206523935,quantum_sparse
18799,18799,114200,114200,9,5.0207004206523935,quantum_sparse
18799,18799,617208,617208,10,5.0207004206523935,quantum_sparse
107631,107631,350048,350048,1,5.0226642608957714,quantum_sparse
107631,107631,509464,509464,2,5.0207004206523935,quantum_sparse
107631,107631,233766,233766,3,5.0207004206523935,quantum_sparse
107631,107631,688136,688136,4,5.0207004206523935,quantum_sparse
107631,107631,67362,67362,5,5.0207004206523935,quantum_sparse
107631,107631,536121,536121,6,5.0207004206523935,quantum_sparse
107631,107631,644984,644984,7,5.0207004206523935,quantum_sparse
107631,107631,651654,651654,8,5.0207004206523935,quantum_sparse
107631,107631,114200,114200,9,5.0207004206523935,quantum_sparse
107631,107631,617208,617208,10,5.0207004206523935,quantum_sparse
98307,98307,531604,531604,1,5.0,classical_active
98307,98307,100546,100546,2,5.0,classical_active
98307,98307,712065,712065,3,5.0,classical_active
98307,98307,437450,437450,4,5.0,classical_active
98307,98307,697041,697041,5,5.0,classical_active
98307,98307,693079,693079,6,5.0,classical_active
98307,98307,418016,418016,7,5.0,classical_active
98307,98307,233930,233930,8,5.0,classical_active
98307,98307,509866,509866,9,5.0,classical_active
98307,98307,511276,511276,10,5.0,classical_active
100577,100577,350048,350048,1,5.0226642608957714,quantum_sparse
100577,100577,509464,509464,2,5.0207004206523935,quantum_sparse
100577,100577,233766,233766,3,5.0207004206523935,quantum_sparse
100577,100577,688136,688136,4,5.0207004206523935,quantum_sparse
100577,100577,67362,67362,5,5.0207004206523935,quantum_sparse
100577,100577,536121,536121,6,5.0207004206523935,quantum_sparse
100577,100577,644984,644984,7,5.0207004206523935,quantum_sparse
100577,100577,651654,651654,8,5.0207004206523935,quantum_sparse
100577,100577,114200,114200,9,5.0207004206523935,quantum_sparse
100577,100577,617208,617208,10,5.0207004206523935,quantum_sparse
17925,17925,531604,531604,1,5.0,classical_active
17925,17925,100546,100546,2,5.0,classical_active
17925,17925,712065,712065,3,5.0,classical_active
17925,17925,437450,437450,4,5.0,classical_active
17925,17925,697041,697041,5,5.0,classical_active
17925,17925,693079,693079,6,5.0,classical_active
17925,17925,418016,418016,7,5.0,classical_active
17925,17925,233930,233930,8,5.0,classical_active
17925,17925,509866,509866,9,5.0,classical_active
17925,17925,511276,511276,10,5.0,classical_active
13930,13930,350048,350048,1,5.0226642608957714,quantum_sparse
13930,13930,509464,509464,2,5.0207004206523935,quantum_sparse
13930,13930,233766,233766,3,5.0207004206523935,quantum_sparse
13930,13930,688136,688136,4,5.0207004206523935,quantum_sparse
13930,13930,67362,67362,5,5.0207004206523935,quantum_sparse
13930,13930,536121,536121,6,5.0207004206523935,quantum_sparse
13930,13930,644984,644984,7,5.0207004206523935,quantum_sparse
13930,13930,651654,651654,8,5.0207004206523935,quantum_sparse
13930,13930,114200,114200,9,5.0207004206523935,quantum_sparse
13930,13930,617208,617208,10,5.0207004206523935,quantum_sparse
137402,137402,350048,350048,1,5.0226642608957714,quantum_sparse
137402,137402,509464,509464,2,5.0207004206523935,quantum_sparse
137402,137402,233766,233766,3,5.0207004206523935,quantum_sparse
137402,137402,688136,688136,4,5.0207004206523935,quantum_sparse
137402,137402,67362,67362,5,5.0207004206523935,quantum_sparse
137402,137402,536121,536121,6,5.0207004206523935,quantum_sparse
137402,137402,644984,644984,7,5.0207004206523935,quantum_sparse
137402,137402,651654,651654,8,5.0207004206523935,quantum_sparse
137402,137402,114200,114200,9,5.0207004206523935,quantum_sparse
137402,137402,617208,617208,10,5.0207004206523935,quantum_sparse
49591,49591,531604,531604,1,5.0,classical_active
49591,49591,100546,100546,2,5.0,classical_active
49591,49591,712065,712065,3,5.0,classical_active
49591,49591,437450,437450,4,5.0,classical_active
49591,49591,697041,697041,5,5.0,classical_active
49591,49591,693079,693079,6,5.0,classical_active
49591,49591,418016,418016,7,5.0,classical_active
49591,49591,233930,233930,8,5.0,classical_active
49591,49591,509866,509866,9,5.0,classical_active
49591,49591,511276,511276,10,5.0,classical_active
82854,82854,531604,531604,1,5.0,classical_active
82854,82854,100546,100546,2,5.0,classical_active
82854,82854,712065,712065,3,5.0,classical_active
82854,82854,437450,437450,4,5.0,classical_active
82854,82854,697041,697041,5,5.0,classical_active
82854,82854,693079,693079,6,5.0,classical_active
82854,82854,418016,418016,7,5.0,classical_active
82854,82854,233930,233930,8,5.0,classical_active
82854,82854,509866,509866,9,5.0,classical_active
82854,82854,511276,511276,10,5.0,classical_active
32421,32421,350048,350048,1,5.0226642608957714,quantum_sparse
32421,32421,509464,509464,2,5.0207004206523935,quantum_sparse
32421,32421,233766,233766,3,5.0207004206523935,quantum_sparse
32421,32421,688136,688136,4,5.0207004206523935,quantum_sparse
32421,32421,67362,67362,5,5.0207004206523935,quantum_sparse
32421,32421,536121,536121,6,5.0207004206523935,quantum_sparse
32421,32421,644984,644984,7,5.0207004206523935,quantum_sparse
32421,32421,651654,651654,8,5.0207004206523935,quantum_sparse
32421,32421,114200,114200,9,5.0207004206523935,quantum_sparse
32421,32421,617208,617208,10,5.0207004206523935,quantum_sparse
77343,77343,531604,531604,1,5.0,classical_active
77343,77343,100546,100546,2,5.0,classical_active
77343,77343,712065,712065,3,5.0,classical_active
77343,77343,437450,437450,4,5.0,classical_active
77343,77343,697041,697041,5,5.0,classical_active
77343,77343,693079,693079,6,5.0,classical_active
77343,77343,418016,418016,7,5.0,classical_active
77343,77343,233930,233930,8,5.0,classical_active
77343,77343,509866,509866,9,5.0,classical_active
77343,77343,511276,511276,10,5.0,classical_active
111568,111568,350048,350048,1,5.0226642608957714,quantum_sparse
111568,111568,509464,509464,2,5.0207004206523935,quantum_sparse
111568,111568,233766,233766,3,5.0207004206523935,quantum_sparse
111568,111568,688136,688136,4,5.0207004206523935,quantum_sparse
111568,111568,67362,67362,5,5.0207004206523935,quantum_sparse
111568,111568,536121,536121,6,5.0207004206523935,quantum_sparse
111568,111568,644984,644984,7,5.0207004206523935,quantum_sparse
111568,111568,651654,651654,8,5.0207004206523935,quantum_sparse
111568,111568,114200,114200,9,5.0207004206523935,quantum_sparse
111568,111568,617208,617208,10,5.0207004206523935,quantum_sparse
114354,114354,350048,350048,1,5.0226642608957714,quantum_sparse
114354,114354,509464,509464,2,5.0207004206523935,quantum_sparse
114354,114354,233766,233766,3,5.0207004206523935,quantum_sparse
114354,114354,688136,688136,4,5.0207004206523935,quantum_sparse
114354,114354,67362,67362,5,5.0207004206523935,quantum_sparse
114354,114354,536121,536121,6,5.0207004206523935,quantum_sparse
114354,114354,644984,644984,7,5.0207004206523935,quantum_sparse
114354,114354,651654,651654,8,5.0207004206523935,quantum_sparse
114354,114354,114200,114200,9,5.0207004206523935,quantum_sparse
114354,114354,617208,617208,10,5.0207004206523935,quantum_sparse
89266,89266,531604,531604,1,5.0,classical_active
89266,89266,100546,100546,2,5.0,classical_active
89266,89266,712065,712065,3,5.0,classical_active
89266,89266,437450,437450,4,5.0,classical_active
89266,89266,697041,697041,5,5.0,classical_active
89266,89266,693079,693079,6,5.0,classical_active
89266,89266,418016,418016,7,5.0,classical_active
89266,89266,233930,233930,8,5.0,classical_active
89266,89266,509866,509866,9,5.0,classical_active
89266,89266,511276,511276,10,5.0,classical_active
141080,141080,350048,350048,1,5.0226642608957714,quantum_sparse
141080,141080,509464,509464,2,5.0207004206523935,quantum_sparse
141080,141080,233766,233766,3,5.0207004206523935,quantum_sparse
141080,141080,688136,688136,4,5.0207004206523935,quantum_sparse
141080,141080,67362,67362,5,5.0207004206523935,quantum_sparse
141080,141080,536121,536121,6,5.0207004206523935,quantum_sparse
141080,141080,644984,644984,7,5.0207004206523935,quantum_sparse
141080,141080,651654,651654,8,5.0207004206523935,quantum_sparse
141080,141080,114200,114200,9,5.0207004206523935,quantum_sparse
141080,141080,617208,617208,10,5.0207004206523935,quantum_sparse
35730,35730,350048,350048,1,5.0226642608957714,quantum_sparse
35730,35730,509464,509464,2,5.0207004206523935,quantum_sparse
35730,35730,233766,233766,3,5.0207004206523935,quantum_sparse
35730,35730,688136,688136,4,5.0207004206523935,quantum_sparse
35730,35730,67362,67362,5,5.0207004206523935,quantum_sparse
35730,35730,536121,536121,6,5.0207004206523935,quantum_sparse
35730,35730,644984,644984,7,5.0207004206523935,quantum_sparse
35730,35730,651654,651654,8,5.0207004206523935,quantum_sparse
35730,35730,114200,114200,9,5.0207004206523935,quantum_sparse
35730,35730,617208,617208,10,5.0207004206523935,quantum_sparse
87662,87662,350048,350048,1,5.0226642608957714,quantum_sparse
87662,87662,509464,509464,2,5.0207004206523935,quantum_sparse
87662,87662,233766,233766,3,5.0207004206523935,quantum_sparse
87662,87662,688136,688136,4,5.0207004206523935,quantum_sparse
87662,87662,67362,67362,5,5.0207004206523935,quantum_sparse
87662,87662,536121,536121,6,5.0207004206523935,quantum_sparse
87662,87662,644984,644984,7,5.0207004206523935,quantum_sparse
87662,87662,651654,651654,8,5.0207004206523935,quantum_sparse
87662,87662,114200,114200,9,5.0207004206523935,quantum_sparse
87662,87662,617208,617208,10,5.0207004206523935,quantum_sparse
87031,87031,350048,350048,1,5.0226642608957714,quantum_sparse
87031,87031,509464,509464,2,5.0207004206523935,quantum_sparse
87031,87031,233766,233766,3,5.0207004206523935,quantum_sparse
87031,87031,688136,688136,4,5.0207004206523935,quantum_sparse
87031,87031,67362,67362,5,5.0207004206523935,quantum_sparse
87031,87031,536121,536121,6,5.0207004206523935,quantum_sparse
87031,87031,644984,644984,7,5.0207004206523935,quantum_sparse
87031,87031,651654,651654,8,5.0207004206523935,quantum_sparse
87031,87031,114200,114200,9,5.0207004206523935,quantum_sparse
87031,87031,617208,617208,10,5.0207004206523935,quantum_sparse
140293,140293,350048,350048,1,5.0226642608957714,quantum_sparse
140293,140293,509464,509464,2,5.0207004206523935,quantum_sparse
140293,140293,233766,233766,3,5.0207004206523935,quantum_sparse
140293,140293,688136,688136,4,5.0207004206523935,quantum_sparse
140293,140293,67362,67362,5,5.0207004206523935,quantum_sparse
140293,140293,536121,536121,6,5.0207004206523935,quantum_sparse
140293,140293,644984,644984,7,5.0207004206523935,quantum_sparse
140293,140293,651654,651654,8,5.0207004206523935,quantum_sparse
140293,140293,114200,114200,9,5.0207004206523935,quantum_sparse
140293,140293,617208,617208,10,5.0207004206523935,quantum_sparse
14694,14694,531604,531604,1,5.0,classical_active
14694,14694,100546,100546,2,5.0,classical_active
14694,14694,712065,712065,3,5.0,classical_active
14694,14694,437450,437450,4,5.0,classical_active
14694,14694,697041,697041,5,5.0,classical_active
14694,14694,693079,693079,6,5.0,classical_active
14694,14694,418016,418016,7,5.0,classical_active
14694,14694,233930,233930,8,5.0,classical_active
14694,14694,509866,509866,9,5.0,classical_active
14694,14694,511276,511276,10,5.0,classical_active
166347,166347,531604,531604,1,5.0,classical_active
166347,166347,100546,100546,2,5.0,classical_active
166347,166347,712065,712065,3,5.0,classical_active
166347,166347,437450,437450,4,5.0,classical_active
166347,166347,697041,697041,5,5.0,classical_active
166347,166347,693079,693079,6,5.0,classical_active
166347,166347,418016,418016,7,5.0,classical_active
166347,166347,233930,233930,8,5.0,classical_active
166347,166347,509866,509866,9,5.0,classical_active
166347,166347,511276,511276,10,5.0,classical_active
54001,54001,350048,350048,1,5.0226642608957714,quantum_sparse
54001,54001,509464,509464,2,5.0207004206523935,quantum_sparse
54001,54001,233766,233766,3,5.0207004206523935,quantum_sparse
54001,54001,688136,688136,4,5.0207004206523935,quantum_sparse
54001,54001,67362,67362,5,5.0207004206523935,quantum_sparse
54001,54001,536121,536121,6,5.0207004206523935,quantum_sparse
54001,54001,644984,644984,7,5.0207004206523935,quantum_sparse
54001,54001,651654,651654,8,5.0207004206523935,quantum_sparse
54001,54001,114200,114200,9,5.0207004206523935,quantum_sparse
54001,54001,617208,617208,10,5.0207004206523935,quantum_sparse
143176,143176,350048,350048,1,5.0226642608957714,quantum_sparse
143176,143176,509464,509464,2,5.0207004206523935,quantum_sparse
143176,143176,233766,233766,3,5.0207004206523935,quantum_sparse
143176,143176,688136,688136,4,5.0207004206523935,quantum_sparse
143176,143176,67362,67362,5,5.0207004206523935,quantum_sparse
143176,143176,536121,536121,6,5.0207004206523935,quantum_sparse
143176,143176,644984,644984,7,5.0207004206523935,quantum_sparse
143176,143176,651654,651654,8,5.0207004206523935,quantum_sparse
143176,143176,114200,114200,9,5.0207004206523935,quantum_sparse
143176,143176,617208,617208,10,5.0207004206523935,quantum_sparse
172206,172206,531604,531604,1,5.0,classical_active
172206,172206,100546,100546,2,5.0,classical_active
172206,172206,712065,712065,3,5.0,classical_active
172206,172206,437450,437450,4,5.0,classical_active
172206,172206,697041,697041,5,5.0,classical_active
172206,172206,693079,693079,6,5.0,classical_active
172206,172206,418016,418016,7,5.0,classical_active
172206,172206,233930,233930,8,5.0,classical_active
172206,172206,509866,509866,9,5.0,classical_active
172206,172206,511276,511276,10,5.0,classical_active
101744,101744,350048,350048,1,5.0226642608957714,quantum_sparse
101744,101744,509464,509464,2,5.0207004206523935,quantum_sparse
101744,101744,233766,233766,3,5.0207004206523935,quantum_sparse
101744,101744,688136,688136,4,5.0207004206523935,quantum_sparse
101744,101744,67362,67362,5,5.0207004206523935,quantum_sparse
101744,101744,536121,536121,6,5.0207004206523935,quantum_sparse
101744,101744,644984,644984,7,5.0207004206523935,quantum_sparse
101744,101744,651654,651654,8,5.0207004206523935,quantum_sparse
101744,101744,114200,114200,9,5.0207004206523935,quantum_sparse
101744,101744,617208,617208,10,5.0207004206523935,quantum_sparse
87454,87454,350048,350048,1,5.0226642608957714,quantum_sparse
87454,87454,509464,509464,2,5.0207004206523935,quantum_sparse
87454,87454,233766,233766,3,5.0207004206523935,quantum_sparse
87454,87454,688136,688136,4,5.0207004206523935,quantum_sparse
87454,87454,67362,67362,5,5.0207004206523935,quantum_sparse
87454,87454,536121,536121,6,5.0207004206523935,quantum_sparse
87454,87454,644984,644984,7,5.0207004206523935,quantum_sparse
87454,87454,651654,651654,8,5.0207004206523935,quantum_sparse
87454,87454,114200,114200,9,5.0207004206523935,quantum_sparse
87454,87454,617208,617208,10,5.0207004206523935,quantum_sparse
25038,25038,350048,350048,1,5.0226642608957714,quantum_sparse
25038,25038,509464,509464,2,5.0207004206523935,quantum_sparse
25038,25038,233766,233766,3,5.0207004206523935,quantum_sparse
25038,25038,688136,688136,4,5.0207004206523935,quantum_sparse
25038,25038,67362,67362,5,5.0207004206523935,quantum_sparse
25038,25038,536121,536121,6,5.0207004206523935,quantum_sparse
25038,25038,644984,644984,7,5.0207004206523935,quantum_sparse
25038,25038,651654,651654,8,5.0207004206523935,quantum_sparse
25038,25038,114200,114200,9,5.0207004206523935,quantum_sparse
25038,25038,617208,617208,10,5.0207004206523935,quantum_sparse
98645,98645,531604,531604,1,5.0,classical_active
98645,98645,100546,100546,2,5.0,classical_active
98645,98645,712065,712065,3,5.0,classical_active
98645,98645,437450,437450,4,5.0,classical_active
98645,98645,697041,697041,5,5.0,classical_active
98645,98645,693079,693079,6,5.0,classical_active
98645,98645,418016,418016,7,5.0,classical_active
98645,98645,233930,233930,8,5.0,classical_active
98645,98645,509866,509866,9,5.0,classical_active
98645,98645,511276,511276,10,5.0,classical_active
8543,8543,350048,350048,1,5.0226642608957714,quantum_sparse
8543,8543,509464,509464,2,5.0207004206523935,quantum_sparse
8543,8543,233766,233766,3,5.0207004206523935,quantum_sparse
8543,8543,688136,688136,4,5.0207004206523935,quantum_sparse
8543,8543,67362,67362,5,5.0207004206523935,quantum_sparse
8543,8543,536121,536121,6,5.0207004206523935,quantum_sparse
8543,8543,644984,644984,7,5.0207004206523935,quantum_sparse
8543,8543,651654,651654,8,5.0207004206523935,quantum_sparse
8543,8543,114200,114200,9,5.0207004206523935,quantum_sparse
8543,8543,617208,617208,10,5.0207004206523935,quantum_sparse
54462,54462,350048,350048,1,5.0226642608957714,quantum_sparse
54462,54462,509464,509464,2,5.0207004206523935,quantum_sparse
54462,54462,233766,233766,3,5.0207004206523935,quantum_sparse
54462,54462,688136,688136,4,5.0207004206523935,quantum_sparse
54462,54462,67362,67362,5,5.0207004206523935,quantum_sparse
54462,54462,536121,536121,6,5.0207004206523935,quantum_sparse
54462,54462,644984,644984,7,5.0207004206523935,quantum_sparse
54462,54462,651654,651654,8,5.0207004206523935,quantum_sparse
54462,54462,114200,114200,9,5.0207004206523935,quantum_sparse
54462,54462,617208,617208,10,5.0207004206523935,quantum_sparse
43531,43531,531604,531604,1,5.0,classical_active
43531,43531,100546,100546,2,5.0,classical_active
43531,43531,712065,712065,3,5.0,classical_active
43531,43531,437450,437450,4,5.0,classical_active
43531,43531,697041,697041,5,5.0,classical_active
43531,43531,693079,693079,6,5.0,classical_active
43531,43531,418016,418016,7,5.0,classical_active
43531,43531,233930,233930,8,5.0,classical_active
43531,43531,509866,509866,9,5.0,classical_active
43531,43531,511276,511276,10,5.0,classical_active
96316,96316,350048,350048,1,5.0226642608957714,quantum_sparse
96316,96316,509464,509464,2,5.0207004206523935,quantum_sparse
96316,96316,233766,233766,3,5.0207004206523935,quantum_sparse
96316,96316,688136,688136,4,5.0207004206523935,quantum_sparse
96316,96316,67362,67362,5,5.0207004206523935,quantum_sparse
96316,96316,536121,536121,6,5.0207004206523935,quantum_sparse
96316,96316,644984,644984,7,5.0207004206523935,quantum_sparse
96316,96316,651654,651654,8,5.0207004206523935,quantum_sparse
96316,96316,114200,114200,9,5.0207004206523935,quantum_sparse
96316,96316,617208,617208,10,5.0207004206523935,quantum_sparse
186125,186125,350048,350048,1,5.0226642608957714,quantum_sparse
186125,186125,509464,509464,2,5.0207004206523935,quantum_sparse
186125,186125,233766,233766,3,5.0207004206523935,quantum_sparse
186125,186125,688136,688136,4,5.0207004206523935,quantum_sparse
186125,186125,67362,67362,5,5.0207004206523935,quantum_sparse
186125,186125,536121,536121,6,5.0207004206523935,quantum_sparse
186125,186125,644984,644984,7,5.0207004206523935,quantum_sparse
186125,186125,651654,651654,8,5.0207004206523935,quantum_sparse
186125,186125,114200,114200,9,5.0207004206523935,quantum_sparse
186125,186125,617208,617208,10,5.0207004206523935,quantum_sparse
152150,152150,350048,350048,1,5.0226642608957714,quantum_sparse
152150,152150,509464,509464,2,5.0207004206523935,quantum_sparse
152150,152150,233766,233766,3,5.0207004206523935,quantum_sparse
152150,152150,688136,688136,4,5.0207004206523935,quantum_sparse
152150,152150,67362,67362,5,5.0207004206523935,quantum_sparse
152150,152150,536121,536121,6,5.0207004206523935,quantum_sparse
152150,152150,644984,644984,7,5.0207004206523935,quantum_sparse
152150,152150,651654,651654,8,5.0207004206523935,quantum_sparse
152150,152150,114200,114200,9,5.0207004206523935,quantum_sparse
152150,152150,617208,617208,10,5.0207004206523935,quantum_sparse
168354,168354,531604,531604,1,5.0,classical_active
168354,168354,100546,100546,2,5.0,classical_active
168354,168354,712065,712065,3,5.0,classical_active
168354,168354,437450,437450,4,5.0,classical_active
168354,168354,697041,697041,5,5.0,classical_active
168354,168354,693079,693079,6,5.0,classical_active
168354,168354,418016,418016,7,5.0,classical_active
168354,168354,233930,233930,8,5.0,classical_active
168354,168354,509866,509866,9,5.0,classical_active
168354,168354,511276,511276,10,5.0,classical_active
49519,49519,350048,350048,1,5.0226642608957714,quantum_sparse
49519,49519,509464,509464,2,5.0207004206523935,quantum_sparse
49519,49519,233766,233766,3,5.0207004206523935,quantum_sparse
49519,49519,688136,688136,4,5.0207004206523935,quantum_sparse
49519,49519,67362,67362,5,5.0207004206523935,quantum_sparse
49519,49519,536121,536121,6,5.0207004206523935,quantum_sparse
49519,49519,644984,644984,7,5.0207004206523935,quantum_sparse
49519,49519,651654,651654,8,5.0207004206523935,quantum_sparse
49519,49519,114200,114200,9,5.0207004206523935,quantum_sparse
49519,49519,617208,617208,10,5.0207004206523935,quantum_sparse
136131,136131,350048,350048,1,5.0226642608957714,quantum_sparse
136131,136131,509464,509464,2,5.0207004206523935,quantum_sparse
136131,136131,233766,233766,3,5.0207004206523935,quantum_sparse
136131,136131,688136,688136,4,5.0207004206523935,quantum_sparse
136131,136131,67362,67362,5,5.0207004206523935,quantum_sparse
136131,136131,536121,536121,6,5.0207004206523935,quantum_sparse
136131,136131,644984,644984,7,5.0207004206523935,quantum_sparse
136131,136131,651654,651654,8,5.0207004206523935,quantum_sparse
136131,136131,114200,114200,9,5.0207004206523935,quantum_sparse
136131,136131,617208,617208,10,5.0207004206523935,quantum_sparse
132900,132900,350048,350048,1,5.0226642608957714,quantum_sparse
132900,132900,509464,509464,2,5.0207004206523935,quantum_sparse
132900,132900,233766,233766,3,5.0207004206523935,quantum_sparse
132900,132900,688136,688136,4,5.0207004206523935,quantum_sparse
132900,132900,67362,67362,5,5.0207004206523935,quantum_sparse
132900,132900,536121,536121,6,5.0207004206523935,quantum_sparse
132900,132900,644984,644984,7,5.0207004206523935,quantum_sparse
132900,132900,651654,651654,8,5.0207004206523935,quantum_sparse
132900,132900,114200,114200,9,5.0207004206523935,quantum_sparse
132900,132900,617208,617208,10,5.0207004206523935,quantum_sparse
47354,47354,350048,350048,1,5.0226642608957714,quantum_sparse
47354,47354,509464,509464,2,5.0207004206523935,quantum_sparse
47354,47354,233766,233766,3,5.0207004206523935,quantum_sparse
47354,47354,688136,688136,4,5.0207004206523935,quantum_sparse
47354,47354,67362,67362,5,5.0207004206523935,quantum_sparse
47354,47354,536121,536121,6,5.0207004206523935,quantum_sparse
47354,47354,644984,644984,7,5.0207004206523935,quantum_sparse
47354,47354,651654,651654,8,5.0207004206523935,quantum_sparse
47354,47354,114200,114200,9,5.0207004206523935,quantum_sparse
47354,47354,617208,617208,10,5.0207004206523935,quantum_sparse
47002,47002,531604,531604,1,5.0,classical_active
47002,47002,100546,100546,2,5.0,classical_active
47002,47002,712065,712065,3,5.0,classical_active
47002,47002,437450,437450,4,5.0,classical_active
47002,47002,697041,697041,5,5.0,classical_active
47002,47002,693079,693079,6,5.0,classical_active
47002,47002,418016,418016,7,5.0,classical_active
47002,47002,233930,233930,8,5.0,classical_active
47002,47002,509866,509866,9,5.0,classical_active
47002,47002,511276,511276,10,5.0,classical_active
9677,9677,350048,350048,1,5.0226642608957714,quantum_sparse
9677,9677,509464,509464,2,5.0207004206523935,quantum_sparse
9677,9677,233766,233766,3,5.0207004206523935,quantum_sparse
9677,9677,688136,688136,4,5.0207004206523935,quantum_sparse
9677,9677,67362,67362,5,5.0207004206523935,quantum_sparse
9677,9677,536121,536121,6,5.0207004206523935,quantum_sparse
9677,9677,644984,644984,7,5.0207004206523935,quantum_sparse
9677,9677,651654,651654,8,5.0207004206523935,quantum_sparse
9677,9677,114200,114200,9,5.0207004206523935,quantum_sparse
9677,9677,617208,617208,10,5.0207004206523935,quantum_sparse
82395,82395,531604,531604,1,5.0,classical_active
82395,82395,100546,100546,2,5.0,classical_active
82395,82395,712065,712065,3,5.0,classical_active
82395,82395,437450,437450,4,5.0,classical_active
82395,82395,697041,697041,5,5.0,classical_active
82395,82395,693079,693079,6,5.0,classical_active
82395,82395,418016,418016,7,5.0,classical_active
82395,82395,233930,233930,8,5.0,classical_active
82395,82395,509866,509866,9,5.0,classical_active
82395,82395,511276,511276,10,5.0,classical_active
32758,32758,350048,350048,1,5.0226642608957714,quantum_sparse
32758,32758,509464,509464,2,5.0207004206523935,quantum_sparse
32758,32758,233766,233766,3,5.0207004206523935,quantum_sparse
32758,32758,688136,688136,4,5.0207004206523935,quantum_sparse
32758,32758,67362,67362,5,5.0207004206523935,quantum_sparse
32758,32758,536121,536121,6,5.0207004206523935,quantum_sparse
32758,32758,644984,644984,7,5.0207004206523935,quantum_sparse
32758,32758,651654,651654,8,5.0207004206523935,quantum_sparse
32758,32758,114200,114200,9,5.0207004206523935,quantum_sparse
32758,32758,617208,617208,10,5.0207004206523935,quantum_sparse
111280,111280,350048,350048,1,5.0226642608957714,quantum_sparse
111280,111280,509464,509464,2,5.0207004206523935,quantum_sparse
111280,111280,233766,233766,3,5.0207004206523935,quantum_sparse
111280,111280,688136,688136,4,5.0207004206523935,quantum_sparse
111280,111280,67362,67362,5,5.0207004206523935,quantum_sparse
111280,111280,536121,536121,6,5.0207004206523935,quantum_sparse
111280,111280,644984,644984,7,5.0207004206523935,quantum_sparse
111280,111280,651654,651654,8,5.0207004206523935,quantum_sparse
111280,111280,114200,114200,9,5.0207004206523935,quantum_sparse
111280,111280,617208,617208,10,5.0207004206523935,quantum_sparse
58709,58709,531604,531604,1,5.0,classical_active
58709,58709,100546,100546,2,5.0,classical_active
58709,58709,712065,712065,3,5.0,classical_active
58709,58709,437450,437450,4,5.0,classical_active
58709,58709,697041,697041,5,5.0,classical_active
58709,58709,693079,693079,6,5.0,classical_active
58709,58709,418016,418016,7,5.0,classical_active
58709,58709,233930,233930,8,5.0,classical_active
58709,58709,509866,509866,9,5.0,classical_active
58709,58709,511276,511276,10,5.0,classical_active
30609,30609,531604,531604,1,5.0,classical_active
30609,30609,100546,100546,2,5.0,classical_active
30609,30609,712065,712065,3,5.0,classical_active
30609,30609,437450,437450,4,5.0,classical_active
30609,30609,697041,697041,5,5.0,classical_active
30609,30609,693079,693079,6,5.0,classical_active
30609,30609,418016,418016,7,5.0,classical_active
30609,30609,233930,233930,8,5.0,classical_active
30609,30609,509866,509866,9,5.0,classical_active
30609,30609,511276,511276,10,5.0,classical_active
39363,39363,350048,350048,1,5.0226642608957714,quantum_sparse
39363,39363,509464,509464,2,5.0207004206523935,quantum_sparse
39363,39363,233766,233766,3,5.0207004206523935,quantum_sparse
39363,39363,688136,688136,4,5.0207004206523935,quantum_sparse
39363,39363,67362,67362,5,5.0207004206523935,quantum_sparse
39363,39363,536121,536121,6,5.0207004206523935,quantum_sparse
39363,39363,644984,644984,7,5.0207004206523935,quantum_sparse
39363,39363,651654,651654,8,5.0207004206523935,quantum_sparse
39363,39363,114200,114200,9,5.0207004206523935,quantum_sparse
39363,39363,617208,617208,10,5.0207004206523935,quantum_sparse
112612,112612,350048,350048,1,5.0226642608957714,quantum_sparse
112612,112612,509464,509464,2,5.0207004206523935,quantum_sparse
112612,112612,233766,233766,3,5.0207004206523935,quantum_sparse
112612,112612,688136,688136,4,5.0207004206523935,quantum_sparse
112612,112612,67362,67362,5,5.0207004206523935,quantum_sparse
112612,112612,536121,536121,6,5.0207004206523935,quantum_sparse
112612,112612,644984,644984,7,5.0207004206523935,quantum_sparse
112612,112612,651654,651654,8,5.0207004206523935,quantum_sparse
112612,112612,114200,114200,9,5.0207004206523935,quantum_sparse
112612,112612,617208,617208,10,5.0207004206523935,quantum_sparse
146237,146237,350048,350048,1,5.0226642608957714,quantum_sparse
146237,146237,509464,509464,2,5.0207004206523935,quantum_sparse
146237,146237,233766,233766,3,5.0207004206523935,quantum_sparse
146237,146237,688136,688136,4,5.0207004206523935,quantum_sparse
146237,146237,67362,67362,5,5.0207004206523935,quantum_sparse
146237,146237,536121,536121,6,5.0207004206523935,quantum_sparse
146237,146237,644984,644984,7,5.0207004206523935,quantum_sparse
146237,146237,651654,651654,8,5.0207004206523935,quantum_sparse
146237,146237,114200,114200,9,5.0207004206523935,quantum_sparse
146237,146237,617208,617208,10,5.0207004206523935,quantum_sparse
53375,53375,350048,350048,1,5.0226642608957714,quantum_sparse
53375,53375,509464,509464,2,5.0207004206523935,quantum_sparse
53375,53375,233766,233766,3,5.0207004206523935,quantum_sparse
53375,53375,688136,688136,4,5.0207004206523935,quantum_sparse
53375,53375,67362,67362,5,5.0207004206523935,quantum_sparse
53375,53375,536121,536121,6,5.0207004206523935,quantum_sparse
53375,53375,644984,644984,7,5.0207004206523935,quantum_sparse
53375,53375,651654,651654,8,5.0207004206523935,quantum_sparse
53375,53375,114200,114200,9,5.0207004206523935,quantum_sparse
53375,53375,617208,617208,10,5.0207004206523935,quantum_sparse
143227,143227,350048,350048,1,5.0226642608957714,quantum_sparse
143227,143227,509464,509464,2,5.0207004206523935,quantum_sparse
143227,143227,233766,233766,3,5.0207004206523935,quantum_sparse
143227,143227,688136,688136,4,5.0207004206523935,quantum_sparse
143227,143227,67362,67362,5,5.0207004206523935,quantum_sparse
143227,143227,536121,536121,6,5.0207004206523935,quantum_sparse
143227,143227,644984,644984,7,5.0207004206523935,quantum_sparse
143227,143227,651654,651654,8,5.0207004206523935,quantum_sparse
143227,143227,114200,114200,9,5.0207004206523935,quantum_sparse
143227,143227,617208,617208,10,5.0207004206523935,quantum_sparse
78375,78375,350048,350048,1,5.0226642608957714,quantum_sparse
78375,78375,509464,509464,2,5.0207004206523935,quantum_sparse
78375,78375,233766,233766,3,5.0207004206523935,quantum_sparse
78375,78375,688136,688136,4,5.0207004206523935,quantum_sparse
78375,78375,67362,67362,5,5.0207004206523935,quantum_sparse
78375,78375,536121,536121,6,5.0207004206523935,quantum_sparse
78375,78375,644984,644984,7,5.0207004206523935,quantum_sparse
78375,78375,651654,651654,8,5.0207004206523935,quantum_sparse
78375,78375,114200,114200,9,5.0207004206523935,quantum_sparse
78375,78375,617208,617208,10,5.0207004206523935,quantum_sparse
44324,44324,531604,531604,1,5.0,classical_active
44324,44324,100546,100546,2,5.0,classical_active
44324,44324,712065,712065,3,5.0,classical_active
44324,44324,437450,437450,4,5.0,classical_active
44324,44324,697041,697041,5,5.0,classical_active
44324,44324,693079,693079,6,5.0,classical_active
44324,44324,418016,418016,7,5.0,classical_active
44324,44324,233930,233930,8,5.0,classical_active
44324,44324,509866,509866,9,5.0,classical_active
44324,44324,511276,511276,10,5.0,classical_active
155215,155215,350048,350048,1,5.0226642608957714,quantum_sparse
155215,155215,509464,509464,2,5.0207004206523935,quantum_sparse
155215,155215,233766,233766,3,5.0207004206523935,quantum_sparse
155215,155215,688136,688136,4,5.0207004206523935,quantum_sparse
155215,155215,67362,67362,5,5.0207004206523935,quantum_sparse
155215,155215,536121,536121,6,5.0207004206523935,quantum_sparse
155215,155215,644984,644984,7,5.0207004206523935,quantum_sparse
155215,155215,651654,651654,8,5.0207004206523935,quantum_sparse
155215,155215,114200,114200,9,5.0207004206523935,quantum_sparse
155215,155215,617208,617208,10,5.0207004206523935,quantum_sparse
167796,167796,350048,350048,1,5.0226642608957714,quantum_sparse
167796,167796,509464,509464,2,5.0207004206523935,quantum_sparse
167796,167796,233766,233766,3,5.0207004206523935,quantum_sparse
167796,167796,688136,688136,4,5.0207004206523935,quantum_sparse
167796,167796,67362,67362,5,5.0207004206523935,quantum_sparse
167796,167796,536121,536121,6,5.0207004206523935,quantum_sparse
167796,167796,644984,644984,7,5.0207004206523935,quantum_sparse
167796,167796,651654,651654,8,5.0207004206523935,quantum_sparse
167796,167796,114200,114200,9,5.0207004206523935,quantum_sparse
167796,167796,617208,617208,10,5.0207004206523935,quantum_sparse
124915,124915,350048,350048,1,5.0226642608957714,quantum_sparse
124915,124915,509464,509464,2,5.0207004206523935,quantum_sparse
124915,124915,233766,233766,3,5.0207004206523935,quantum_sparse
124915,124915,688136,688136,4,5.0207004206523935,quantum_sparse
124915,124915,67362,67362,5,5.0207004206523935,quantum_sparse
124915,124915,536121,536121,6,5.0207004206523935,quantum_sparse
124915,124915,644984,644984,7,5.0207004206523935,quantum_sparse
124915,124915,651654,651654,8,5.0207004206523935,quantum_sparse
124915,124915,114200,114200,9,5.0207004206523935,quantum_sparse
124915,124915,617208,617208,10,5.0207004206523935,quantum_sparse
165266,165266,531604,531604,1,5.0,classical_active
165266,165266,100546,100546,2,5.0,classical_active
165266,165266,712065,712065,3,5.0,classical_active
165266,165266,437450,437450,4,5.0,classical_active
165266,165266,697041,697041,5,5.0,classical_active
165266,165266,693079,693079,6,5.0,classical_active
165266,165266,418016,418016,7,5.0,classical_active
165266,165266,233930,233930,8,5.0,classical_active
165266,165266,509866,509866,9,5.0,classical_active
165266,165266,511276,511276,10,5.0,classical_active
34788,34788,531604,531604,1,5.0,classical_active
34788,34788,100546,100546,2,5.0,classical_active
34788,34788,712065,712065,3,5.0,classical_active
34788,34788,437450,437450,4,5.0,classical_active
34788,34788,697041,697041,5,5.0,classical_active
34788,34788,693079,693079,6,5.0,classical_active
34788,34788,418016,418016,7,5.0,classical_active
34788,34788,233930,233930,8,5.0,classical_active
34788,34788,509866,509866,9,5.0,classical_active
34788,34788,511276,511276,10,5.0,classical_active
124159,124159,531604,531604,1,5.0,classical_active
124159,124159,100546,100546,2,5.0,classical_active
124159,124159,712065,712065,3,5.0,classical_active
124159,124159,437450,437450,4,5.0,classical_active
124159,124159,697041,697041,5,5.0,classical_active
124159,124159,693079,693079,6,5.0,classical_active
124159,124159,418016,418016,7,5.0,classical_active
124159,124159,233930,233930,8,5.0,classical_active
124159,124159,509866,509866,9,5.0,classical_active
124159,124159,511276,511276,10,5.0,classical_active
26745,26745,531604,531604,1,5.0,classical_active
26745,26745,100546,100546,2,5.0,classical_active
26745,26745,712065,712065,3,5.0,classical_active
26745,26745,437450,437450,4,5.0,classical_active
26745,26745,697041,697041,5,5.0,classical_active
26745,26745,693079,693079,6,5.0,classical_active
26745,26745,418016,418016,7,5.0,classical_active
26745,26745,233930,233930,8,5.0,classical_active
26745,26745,509866,509866,9,5.0,classical_active
26745,26745,511276,511276,10,5.0,classical_active
125152,125152,350048,350048,1,5.0226642608957714,quantum_sparse
125152,125152,509464,509464,2,5.0207004206523935,quantum_sparse
125152,125152,233766,233766,3,5.0207004206523935,quantum_sparse
125152,125152,688136,688136,4,5.0207004206523935,quantum_sparse
125152,125152,67362,67362,5,5.0207004206523935,quantum_sparse
125152,125152,536121,536121,6,5.0207004206523935,quantum_sparse
125152,125152,644984,644984,7,5.0207004206523935,quantum_sparse
125152,125152,651654,651654,8,5.0207004206523935,quantum_sparse
125152,125152,114200,114200,9,5.0207004206523935,quantum_sparse
125152,125152,617208,617208,10,5.0207004206523935,quantum_sparse
136202,136202,350048,350048,1,5.0226642608957714,quantum_sparse
136202,136202,509464,509464,2,5.0207004206523935,quantum_sparse
136202,136202,233766,233766,3,5.0207004206523935,quantum_sparse
136202,136202,688136,688136,4,5.0207004206523935,quantum_sparse
136202,136202,67362,67362,5,5.0207004206523935,quantum_sparse
136202,136202,536121,536121,6,5.0207004206523935,quantum_sparse
136202,136202,644984,644984,7,5.0207004206523935,quantum_sparse
136202,136202,651654,651654,8,5.0207004206523935,quantum_sparse
136202,136202,114200,114200,9,5.0207004206523935,quantum_sparse
136202,136202,617208,617208,10,5.0207004206523935,quantum_sparse
30962,30962,531604,531604,1,5.0,classical_active
30962,30962,100546,100546,2,5.0,classical_active
30962,30962,712065,712065,3,5.0,classical_active
30962,30962,437450,437450,4,5.0,classical_active
30962,30962,697041,697041,5,5.0,classical_active
30962,30962,693079,693079,6,5.0,classical_active
30962,30962,418016,418016,7,5.0,classical_active
30962,30962,233930,233930,8,5.0,classical_active
30962,30962,509866,509866,9,5.0,classical_active
30962,30962,511276,511276,10,5.0,classical_active
37133,37133,350048,350048,1,5.0226642608957714,quantum_sparse
37133,37133,509464,509464,2,5.0207004206523935,quantum_sparse
37133,37133,233766,233766,3,5.0207004206523935,quantum_sparse
37133,37133,688136,688136,4,5.0207004206523935,quantum_sparse
37133,37133,67362,67362,5,5.0207004206523935,quantum_sparse
37133,37133,536121,536121,6,5.0207004206523935,quantum_sparse
37133,37133,644984,644984,7,5.0207004206523935,quantum_sparse
37133,37133,651654,651654,8,5.0207004206523935,quantum_sparse
37133,37133,114200,114200,9,5.0207004206523935,quantum_sparse
37133,37133,617208,617208,10,5.0207004206523935,quantum_sparse
99820,99820,350048,350048,1,5.0226642608957714,quantum_sparse
99820,99820,509464,509464,2,5.0207004206523935,quantum_sparse
99820,99820,233766,233766,3,5.0207004206523935,quantum_sparse
99820,99820,688136,688136,4,5.0207004206523935,quantum_sparse
99820,99820,67362,67362,5,5.0207004206523935,quantum_sparse
99820,99820,536121,536121,6,5.0207004206523935,quantum_sparse
99820,99820,644984,644984,7,5.0207004206523935,quantum_sparse
99820,99820,651654,651654,8,5.0207004206523935,quantum_sparse
99820,99820,114200,114200,9,5.0207004206523935,quantum_sparse
99820,99820,617208,617208,10,5.0207004206523935,quantum_sparse
33198,33198,531604,531604,1,5.0,classical_active
33198,33198,100546,100546,2,5.0,classical_active
33198,33198,712065,712065,3,5.0,classical_active
33198,33198,437450,437450,4,5.0,classical_active
33198,33198,697041,697041,5,5.0,classical_active
33198,33198,693079,693079,6,5.0,classical_active
33198,33198,418016,418016,7,5.0,classical_active
33198,33198,233930,233930,8,5.0,classical_active
33198,33198,509866,509866,9,5.0,classical_active
33198,33198,511276,511276,10,5.0,classical_active
20026,20026,531604,531604,1,5.0,classical_active
20026,20026,100546,100546,2,5.0,classical_active
20026,20026,712065,712065,3,5.0,classical_active
20026,20026,437450,437450,4,5.0,classical_active
20026,20026,697041,697041,5,5.0,classical_active
20026,20026,693079,693079,6,5.0,classical_active
20026,20026,418016,418016,7,5.0,classical_active
20026,20026,233930,233930,8,5.0,classical_active
20026,20026,509866,509866,9,5.0,classical_active
20026,20026,511276,511276,10,5.0,classical_active
169460,169460,350048,350048,1,5.0226642608957714,quantum_sparse
169460,169460,509464,509464,2,5.0207004206523935,quantum_sparse
169460,169460,233766,233766,3,5.0207004206523935,quantum_sparse
169460,169460,688136,688136,4,5.0207004206523935,quantum_sparse
169460,169460,67362,67362,5,5.0207004206523935,quantum_sparse
169460,169460,536121,536121,6,5.0207004206523935,quantum_sparse
169460,169460,644984,644984,7,5.0207004206523935,quantum_sparse
169460,169460,651654,651654,8,5.0207004206523935,quantum_sparse
169460,169460,114200,114200,9,5.0207004206523935,quantum_sparse
169460,169460,617208,617208,10,5.0207004206523935,quantum_sparse
28607,28607,350048,350048,1,5.0226642608957714,quantum_sparse
28607,28607,509464,509464,2,5.0207004206523935,quantum_sparse
28607,28607,233766,233766,3,5.0207004206523935,quantum_sparse
28607,28607,688136,688136,4,5.0207004206523935,quantum_sparse
28607,28607,67362,67362,5,5.0207004206523935,quantum_sparse
28607,28607,536121,536121,6,5.0207004206523935,quantum_sparse
28607,28607,644984,644984,7,5.0207004206523935,quantum_sparse
28607,28607,651654,651654,8,5.0207004206523935,quantum_sparse
28607,28607,114200,114200,9,5.0207004206523935,quantum_sparse
28607,28607,617208,617208,10,5.0207004206523935,quantum_sparse
16457,16457,531604,531604,1,5.0,classical_active
16457,16457,100546,100546,2,5.0,classical_active
16457,16457,712065,712065,3,5.0,classical_active
16457,16457,437450,437450,4,5.0,classical_active
16457,16457,697041,697041,5,5.0,classical_active
16457,16457,693079,693079,6,5.0,classical_active
16457,16457,418016,418016,7,5.0,classical_active
16457,16457,233930,233930,8,5.0,classical_active
16457,16457,509866,509866,9,5.0,classical_active
16457,16457,511276,511276,10,5.0,classical_active
48141,48141,350048,350048,1,5.0226642608957714,quantum_sparse
48141,48141,509464,509464,2,5.0207004206523935,quantum_sparse
48141,48141,233766,233766,3,5.0207004206523935,quantum_sparse
48141,48141,688136,688136,4,5.0207004206523935,quantum_sparse
48141,48141,67362,67362,5,5.0207004206523935,quantum_sparse
48141,48141,536121,536121,6,5.0207004206523935,quantum_sparse
48141,48141,644984,644984,7,5.0207004206523935,quantum_sparse
48141,48141,651654,651654,8,5.0207004206523935,quantum_sparse
48141,48141,114200,114200,9,5.0207004206523935,quantum_sparse
48141,48141,617208,617208,10,5.0207004206523935,quantum_sparse
26867,26867,350048,350048,1,5.0226642608957714,quantum_sparse
26867,26867,509464,509464,2,5.0207004206523935,quantum_sparse
26867,26867,233766,233766,3,5.0207004206523935,quantum_sparse
26867,26867,688136,688136,4,5.0207004206523935,quantum_sparse
26867,26867,67362,67362,5,5.0207004206523935,quantum_sparse
26867,26867,536121,536121,6,5.0207004206523935,quantum_sparse
26867,26867,644984,644984,7,5.0207004206523935,quantum_sparse
26867,26867,651654,651654,8,5.0207004206523935,quantum_sparse
26867,26867,114200,114200,9,5.0207004206523935,quantum_sparse
26867,26867,617208,617208,10,5.0207004206523935,quantum_sparse
23420,23420,350048,350048,1,5.0226642608957714,quantum_sparse
23420,23420,509464,509464,2,5.0207004206523935,quantum_sparse
23420,23420,233766,233766,3,5.0207004206523935,quantum_sparse
23420,23420,688136,688136,4,5.0207004206523935,quantum_sparse
23420,23420,67362,67362,5,5.0207004206523935,quantum_sparse
23420,23420,536121,536121,6,5.0207004206523935,quantum_sparse
23420,23420,644984,644984,7,5.0207004206523935,quantum_sparse
23420,23420,651654,651654,8,5.0207004206523935,quantum_sparse
23420,23420,114200,114200,9,5.0207004206523935,quantum_sparse
23420,23420,617208,617208,10,5.0207004206523935,quantum_sparse
181793,181793,350048,350048,1,5.0226642608957714,quantum_sparse
181793,181793,509464,509464,2,5.0207004206523935,quantum_sparse
181793,181793,233766,233766,3,5.0207004206523935,quantum_sparse
181793,181793,688136,688136,4,5.0207004206523935,quantum_sparse
181793,181793,67362,67362,5,5.0207004206523935,quantum_sparse
181793,181793,536121,536121,6,5.0207004206523935,quantum_sparse
181793,181793,644984,644984,7,5.0207004206523935,quantum_sparse
181793,181793,651654,651654,8,5.0207004206523935,quantum_sparse
181793,181793,114200,114200,9,5.0207004206523935,quantum_sparse
181793,181793,617208,617208,10,5.0207004206523935,quantum_sparse
108785,108785,350048,350048,1,5.0226642608957714,quantum_sparse
108785,108785,509464,509464,2,5.0207004206523935,quantum_sparse
108785,108785,233766,233766,3,5.0207004206523935,quantum_sparse
108785,108785,688136,688136,4,5.0207004206523935,quantum_sparse
108785,108785,67362,67362,5,5.0207004206523935,quantum_sparse
108785,108785,536121,536121,6,5.0207004206523935,quantum_sparse
108785,108785,644984,644984,7,5.0207004206523935,quantum_sparse
108785,108785,651654,651654,8,5.0207004206523935,quantum_sparse
108785,108785,114200,114200,9,5.0207004206523935,quantum_sparse
108785,108785,617208,617208,10,5.0207004206523935,quantum_sparse
96405,96405,531604,531604,1,5.0,classical_active
96405,96405,100546,100546,2,5.0,classical_active
96405,96405,712065,712065,3,5.0,classical_active
96405,96405,437450,437450,4,5.0,classical_active
96405,96405,697041,697041,5,5.0,classical_active
96405,96405,693079,693079,6,5.0,classical_active
96405,96405,418016,418016,7,5.0,classical_active
96405,96405,233930,233930,8,5.0,classical_active
96405,96405,509866,509866,9,5.0,classical_active
96405,96405,511276,511276,10,5.0,classical_active
52175,52175,350048,350048,1,5.0226642608957714,quantum_sparse
52175,52175,509464,509464,2,5.0207004206523935,quantum_sparse
52175,52175,233766,233766,3,5.0207004206523935,quantum_sparse
52175,52175,688136,688136,4,5.0207004206523935,quantum_sparse
52175,52175,67362,67362,5,5.0207004206523935,quantum_sparse
52175,52175,536121,536121,6,5.0207004206523935,quantum_sparse
52175,52175,644984,644984,7,5.0207004206523935,quantum_sparse
52175,52175,651654,651654,8,5.0207004206523935,quantum_sparse
52175,52175,114200,114200,9,5.0207004206523935,quantum_sparse
52175,52175,617208,617208,10,5.0207004206523935,quantum_sparse
136326,136326,350048,350048,1,5.0226642608957714,quantum_sparse
136326,136326,509464,509464,2,5.0207004206523935,quantum_sparse
136326,136326,233766,233766,3,5.0207004206523935,quantum_sparse
136326,136326,688136,688136,4,5.0207004206523935,quantum_sparse
136326,136326,67362,67362,5,5.0207004206523935,quantum_sparse
136326,136326,536121,536121,6,5.0207004206523935,quantum_sparse
136326,136326,644984,644984,7,5.0207004206523935,quantum_sparse
136326,136326,651654,651654,8,5.0207004206523935,quantum_sparse
136326,136326,114200,114200,9,5.0207004206523935,quantum_sparse
136326,136326,617208,617208,10,5.0207004206523935,quantum_sparse
27459,27459,350048,350048,1,5.0226642608957714,quantum_sparse
27459,27459,509464,509464,2,5.0207004206523935,quantum_sparse
27459,27459,233766,233766,3,5.0207004206523935,quantum_sparse
27459,27459,688136,688136,4,5.0207004206523935,quantum_sparse
27459,27459,67362,67362,5,5.0207004206523935,quantum_sparse
27459,27459,536121,536121,6,5.0207004206523935,quantum_sparse
27459,27459,644984,644984,7,5.0207004206523935,quantum_sparse
27459,27459,651654,651654,8,5.0207004206523935,quantum_sparse
27459,27459,114200,114200,9,5.0207004206523935,quantum_sparse
27459,27459,617208,617208,10,5.0207004206523935,quantum_sparse
51006,51006,350048,350048,1,5.0226642608957714,quantum_sparse
51006,51006,509464,509464,2,5.0207004206523935,quantum_sparse
51006,51006,233766,233766,3,5.0207004206523935,quantum_sparse
51006,51006,688136,688136,4,5.0207004206523935,quantum_sparse
51006,51006,67362,67362,5,5.0207004206523935,quantum_sparse
51006,51006,536121,536121,6,5.0207004206523935,quantum_sparse
51006,51006,644984,644984,7,5.0207004206523935,quantum_sparse
51006,51006,651654,651654,8,5.0207004206523935,quantum_sparse
51006,51006,114200,114200,9,5.0207004206523935,quantum_sparse
51006,51006,617208,617208,10,5.0207004206523935,quantum_sparse
36859,36859,531604,531604,1,5.0,classical_active
36859,36859,100546,100546,2,5.0,classical_active
36859,36859,712065,712065,3,5.0,classical_active
36859,36859,437450,437450,4,5.0,classical_active
36859,36859,697041,697041,5,5.0,classical_active
36859,36859,693079,693079,6,5.0,classical_active
36859,36859,418016,418016,7,5.0,classical_active
36859,36859,233930,233930,8,5.0,classical_active
36859,36859,509866,509866,9,5.0,classical_active
36859,36859,511276,511276,10,5.0,classical_active
29870,29870,350048,350048,1,5.0226642608957714,quantum_sparse
29870,29870,509464,509464,2,5.0207004206523935,quantum_sparse
29870,29870,233766,233766,3,5.0207004206523935,quantum_sparse
29870,29870,688136,688136,4,5.0207004206523935,quantum_sparse
29870,29870,67362,67362,5,5.0207004206523935,quantum_sparse
29870,29870,536121,536121,6,5.0207004206523935,quantum_sparse
29870,29870,644984,644984,7,5.0207004206523935,quantum_sparse
29870,29870,651654,651654,8,5.0207004206523935,quantum_sparse
29870,29870,114200,114200,9,5.0207004206523935,quantum_sparse
29870,29870,617208,617208,10,5.0207004206523935,quantum_sparse
34904,34904,350048,350048,1,5.0226642608957714,quantum_sparse
34904,34904,509464,509464,2,5.0207004206523935,quantum_sparse
34904,34904,233766,233766,3,5.0207004206523935,quantum_sparse
34904,34904,688136,688136,4,5.0207004206523935,quantum_sparse
34904,34904,67362,67362,5,5.0207004206523935,quantum_sparse
34904,34904,536121,536121,6,5.0207004206523935,quantum_sparse
34904,34904,644984,644984,7,5.0207004206523935,quantum_sparse
34904,34904,651654,651654,8,5.0207004206523935,quantum_sparse
34904,34904,114200,114200,9,5.0207004206523935,quantum_sparse
34904,34904,617208,617208,10,5.0207004206523935,quantum_sparse
85255,85255,350048,350048,1,5.0226642608957714,quantum_sparse
85255,85255,509464,509464,2,5.0207004206523935,quantum_sparse
85255,85255,233766,233766,3,5.0207004206523935,quantum_sparse
85255,85255,688136,688136,4,5.0207004206523935,quantum_sparse
85255,85255,67362,67362,5,5.0207004206523935,quantum_sparse
85255,85255,536121,536121,6,5.0207004206523935,quantum_sparse
85255,85255,644984,644984,7,5.0207004206523935,quantum_sparse
85255,85255,651654,651654,8,5.0207004206523935,quantum_sparse
85255,85255,114200,114200,9,5.0207004206523935,quantum_sparse
85255,85255,617208,617208,10,5.0207004206523935,quantum_sparse
165314,165314,531604,531604,1,5.0,classical_active
165314,165314,100546,100546,2,5.0,classical_active
165314,165314,712065,712065,3,5.0,classical_active
165314,165314,437450,437450,4,5.0,classical_active
165314,165314,697041,697041,5,5.0,classical_active
165314,165314,693079,693079,6,5.0,classical_active
165314,165314,418016,418016,7,5.0,classical_active
165314,165314,233930,233930,8,5.0,classical_active
165314,165314,509866,509866,9,5.0,classical_active
165314,165314,511276,511276,10,5.0,classical_active
17555,17555,531604,531604,1,5.0,classical_active
17555,17555,100546,100546,2,5.0,classical_active
17555,17555,712065,712065,3,5.0,classical_active
17555,17555,437450,437450,4,5.0,classical_active
17555,17555,697041,697041,5,5.0,classical_active
17555,17555,693079,693079,6,5.0,classical_active
17555,17555,418016,418016,7,5.0,classical_active
17555,17555,233930,233930,8,5.0,classical_active
17555,17555,509866,509866,9,5.0,classical_active
17555,17555,511276,511276,10,5.0,classical_active
71858,71858,350048,350048,1,5.0226642608957714,quantum_sparse
71858,71858,509464,509464,2,5.0207004206523935,quantum_sparse
71858,71858,233766,233766,3,5.0207004206523935,quantum_sparse
71858,71858,688136,688136,4,5.0207004206523935,quantum_sparse
71858,71858,67362,67362,5,5.0207004206523935,quantum_sparse
71858,71858,536121,536121,6,5.0207004206523935,quantum_sparse
71858,71858,644984,644984,7,5.0207004206523935,quantum_sparse
71858,71858,651654,651654,8,5.0207004206523935,quantum_sparse
71858,71858,114200,114200,9,5.0207004206523935,quantum_sparse
71858,71858,617208,617208,10,5.0207004206523935,quantum_sparse
30844,30844,350048,350048,1,5.0226642608957714,quantum_sparse
30844,30844,509464,509464,2,5.0207004206523935,quantum_sparse
30844,30844,233766,233766,3,5.0207004206523935,quantum_sparse
30844,30844,688136,688136,4,5.0207004206523935,quantum_sparse
30844,30844,67362,67362,5,5.0207004206523935,quantum_sparse
30844,30844,536121,536121,6,5.0207004206523935,quantum_sparse
30844,30844,644984,644984,7,5.0207004206523935,quantum_sparse
30844,30844,651654,651654,8,5.0207004206523935,quantum_sparse
30844,30844,114200,114200,9,5.0207004206523935,quantum_sparse
30844,30844,617208,617208,10,5.0207004206523935,quantum_sparse
185462,185462,350048,350048,1,5.0226642608957714,quantum_sparse
185462,185462,509464,509464,2,5.0207004206523935,quantum_sparse
185462,185462,233766,233766,3,5.0207004206523935,quantum_sparse
185462,185462,688136,688136,4,5.0207004206523935,quantum_sparse
185462,185462,67362,67362,5,5.0207004206523935,quantum_sparse
185462,185462,536121,536121,6,5.0207004206523935,quantum_sparse
185462,185462,644984,644984,7,5.0207004206523935,quantum_sparse
185462,185462,651654,651654,8,5.0207004206523935,quantum_sparse
185462,185462,114200,114200,9,5.0207004206523935,quantum_sparse
185462,185462,617208,617208,10,5.0207004206523935,quantum_sparse
139816,139816,350048,350048,1,5.0226642608957714,quantum_sparse
139816,139816,509464,509464,2,5.0207004206523935,quantum_sparse
139816,139816,233766,233766,3,5.0207004206523935,quantum_sparse
139816,139816,688136,688136,4,5.0207004206523935,quantum_sparse
139816,139816,67362,67362,5,5.0207004206523935,quantum_sparse
139816,139816,536121,536121,6,5.0207004206523935,quantum_sparse
139816,139816,644984,644984,7,5.0207004206523935,quantum_sparse
139816,139816,651654,651654,8,5.0207004206523935,quantum_sparse
139816,139816,114200,114200,9,5.0207004206523935,quantum_sparse
139816,139816,617208,617208,10,5.0207004206523935,quantum_sparse
151082,151082,350048,350048,1,5.0226642608957714,quantum_sparse
151082,151082,509464,509464,2,5.0207004206523935,quantum_sparse
151082,151082,233766,233766,3,5.0207004206523935,quantum_sparse
151082,151082,688136,688136,4,5.0207004206523935,quantum_sparse
151082,151082,67362,67362,5,5.0207004206523935,quantum_sparse
151082,151082,536121,536121,6,5.0207004206523935,quantum_sparse
151082,151082,644984,644984,7,5.0207004206523935,quantum_sparse
151082,151082,651654,651654,8,5.0207004206523935,quantum_sparse
151082,151082,114200,114200,9,5.0207004206523935,quantum_sparse
151082,151082,617208,617208,10,5.0207004206523935,quantum_sparse
89329,89329,350048,350048,1,5.0226642608957714,quantum_sparse
89329,89329,509464,509464,2,5.0207004206523935,quantum_sparse
89329,89329,233766,233766,3,5.0207004206523935,quantum_sparse
89329,89329,688136,688136,4,5.0207004206523935,quantum_sparse
89329,89329,67362,67362,5,5.0207004206523935,quantum_sparse
89329,89329,536121,536121,6,5.0207004206523935,quantum_sparse
89329,89329,644984,644984,7,5.0207004206523935,quantum_sparse
89329,89329,651654,651654,8,5.0207004206523935,quantum_sparse
89329,89329,114200,114200,9,5.0207004206523935,quantum_sparse
89329,89329,617208,617208,10,5.0207004206523935,quantum_sparse
83537,83537,350048,350048,1,5.0226642608957714,quantum_sparse
83537,83537,509464,509464,2,5.0207004206523935,quantum_sparse
83537,83537,233766,233766,3,5.0207004206523935,quantum_sparse
83537,83537,688136,688136,4,5.0207004206523935,quantum_sparse
83537,83537,67362,67362,5,5.0207004206523935,quantum_sparse
83537,83537,536121,536121,6,5.0207004206523935,quantum_sparse
83537,83537,644984,644984,7,5.0207004206523935,quantum_sparse
83537,83537,651654,651654,8,5.0207004206523935,quantum_sparse
83537,83537,114200,114200,9,5.0207004206523935,quantum_sparse
83537,83537,617208,617208,10,5.0207004206523935,quantum_sparse
138792,138792,350048,350048,1,5.0226642608957714,quantum_sparse
138792,138792,509464,509464,2,5.0207004206523935,quantum_sparse
138792,138792,233766,233766,3,5.0207004206523935,quantum_sparse
138792,138792,688136,688136,4,5.0207004206523935,quantum_sparse
138792,138792,67362,67362,5,5.0207004206523935,quantum_sparse
138792,138792,536121,536121,6,5.0207004206523935,quantum_sparse
138792,138792,644984,644984,7,5.0207004206523935,quantum_sparse
138792,138792,651654,651654,8,5.0207004206523935,quantum_sparse
138792,138792,114200,114200,9,5.0207004206523935,quantum_sparse
138792,138792,617208,617208,10,5.0207004206523935,quantum_sparse
140315,140315,350048,350048,1,5.0226642608957714,quantum_sparse
140315,140315,509464,509464,2,5.0207004206523935,quantum_sparse
140315,140315,233766,233766,3,5.0207004206523935,quantum_sparse
140315,140315,688136,688136,4,5.0207004206523935,quantum_sparse
140315,140315,67362,67362,5,5.0207004206523935,quantum_sparse
140315,140315,536121,536121,6,5.0207004206523935,quantum_sparse
140315,140315,644984,644984,7,5.0207004206523935,quantum_sparse
140315,140315,651654,651654,8,5.0207004206523935,quantum_sparse
140315,140315,114200,114200,9,5.0207004206523935,quantum_sparse
140315,140315,617208,617208,10,5.0207004206523935,quantum_sparse
143308,143308,350048,350048,1,5.0226642608957714,quantum_sparse
143308,143308,509464,509464,2,5.0207004206523935,quantum_sparse
143308,143308,233766,233766,3,5.0207004206523935,quantum_sparse
143308,143308,688136,688136,4,5.0207004206523935,quantum_sparse
143308,143308,67362,67362,5,5.0207004206523935,quantum_sparse
143308,143308,536121,536121,6,5.0207004206523935,quantum_sparse
143308,143308,644984,644984,7,5.0207004206523935,quantum_sparse
143308,143308,651654,651654,8,5.0207004206523935,quantum_sparse
143308,143308,114200,114200,9,5.0207004206523935,quantum_sparse
143308,143308,617208,617208,10,5.0207004206523935,quantum_sparse
143511,143511,350048,350048,1,5.0226642608957714,quantum_sparse
143511,143511,509464,509464,2,5.0207004206523935,quantum_sparse
143511,143511,233766,233766,3,5.0207004206523935,quantum_sparse
143511,143511,688136,688136,4,5.0207004206523935,quantum_sparse
143511,143511,67362,67362,5,5.0207004206523935,quantum_sparse
143511,143511,536121,536121,6,5.0207004206523935,quantum_sparse
143511,143511,644984,644984,7,5.0207004206523935,quantum_sparse
143511,143511,651654,651654,8,5.0207004206523935,quantum_sparse
143511,143511,114200,114200,9,5.0207004206523935,quantum_sparse
143511,143511,617208,617208,10,5.0207004206523935,quantum_sparse
82910,82910,350048,350048,1,5.0226642608957714,quantum_sparse
82910,82910,509464,509464,2,5.0207004206523935,quantum_sparse
82910,82910,233766,233766,3,5.0207004206523935,quantum_sparse
82910,82910,688136,688136,4,5.0207004206523935,quantum_sparse
82910,82910,67362,67362,5,5.0207004206523935,quantum_sparse
82910,82910,536121,536121,6,5.0207004206523935,quantum_sparse
82910,82910,644984,644984,7,5.0207004206523935,quantum_sparse
82910,82910,651654,651654,8,5.0207004206523935,quantum_sparse
82910,82910,114200,114200,9,5.0207004206523935,quantum_sparse
82910,82910,617208,617208,10,5.0207004206523935,quantum_sparse
80822,80822,350048,350048,1,5.0226642608957714,quantum_sparse
80822,80822,509464,509464,2,5.0207004206523935,quantum_sparse
80822,80822,233766,233766,3,5.0207004206523935,quantum_sparse
80822,80822,688136,688136,4,5.0207004206523935,quantum_sparse
80822,80822,67362,67362,5,5.0207004206523935,quantum_sparse
80822,80822,536121,536121,6,5.0207004206523935,quantum_sparse
80822,80822,644984,644984,7,5.0207004206523935,quantum_sparse
80822,80822,651654,651654,8,5.0207004206523935,quantum_sparse
80822,80822,114200,114200,9,5.0207004206523935,quantum_sparse
80822,80822,617208,617208,10,5.0207004206523935,quantum_sparse
131053,131053,350048,350048,1,5.0226642608957714,quantum_sparse
131053,131053,509464,509464,2,5.0207004206523935,quantum_sparse
131053,131053,233766,233766,3,5.0207004206523935,quantum_sparse
131053,131053,688136,688136,4,5.0207004206523935,quantum_sparse
131053,131053,67362,67362,5,5.0207004206523935,quantum_sparse
131053,131053,536121,536121,6,5.0207004206523935,quantum_sparse
131053,131053,644984,644984,7,5.0207004206523935,quantum_sparse
131053,131053,651654,651654,8,5.0207004206523935,quantum_sparse
131053,131053,114200,114200,9,5.0207004206523935,quantum_sparse
131053,131053,617208,617208,10,5.0207004206523935,quantum_sparse
129025,129025,350048,350048,1,5.0226642608957714,quantum_sparse
129025,129025,509464,509464,2,5.0207004206523935,quantum_sparse
129025,129025,233766,233766,3,5.0207004206523935,quantum_sparse
129025,129025,688136,688136,4,5.0207004206523935,quantum_sparse
129025,129025,67362,67362,5,5.0207004206523935,quantum_sparse
129025,129025,536121,536121,6,5.0207004206523935,quantum_sparse
129025,129025,644984,644984,7,5.0207004206523935,quantum_sparse
129025,129025,651654,651654,8,5.0207004206523935,quantum_sparse
129025,129025,114200,114200,9,5.0207004206523935,quantum_sparse
129025,129025,617208,617208,10,5.0207004206523935,quantum_sparse
14118,14118,350048,350048,1,5.0226642608957714,quantum_sparse
14118,14118,509464,509464,2,5.0207004206523935,quantum_sparse
14118,14118,233766,233766,3,5.0207004206523935,quantum_sparse
14118,14118,688136,688136,4,5.0207004206523935,quantum_sparse
14118,14118,67362,67362,5,5.0207004206523935,quantum_sparse
14118,14118,536121,536121,6,5.0207004206523935,quantum_sparse
14118,14118,644984,644984,7,5.0207004206523935,quantum_sparse
14118,14118,651654,651654,8,5.0207004206523935,quantum_sparse
14118,14118,114200,114200,9,5.0207004206523935,quantum_sparse
14118,14118,617208,617208,10,5.0207004206523935,quantum_sparse
21070,21070,350048,350048,1,5.0226642608957714,quantum_sparse
21070,21070,509464,509464,2,5.0207004206523935,quantum_sparse
21070,21070,233766,233766,3,5.0207004206523935,quantum_sparse
21070,21070,688136,688136,4,5.0207004206523935,quantum_sparse
21070,21070,67362,67362,5,5.0207004206523935,quantum_sparse
21070,21070,536121,536121,6,5.0207004206523935,quantum_sparse
21070,21070,644984,644984,7,5.0207004206523935,quantum_sparse
21070,21070,651654,651654,8,5.0207004206523935,quantum_sparse
21070,21070,114200,114200,9,5.0207004206523935,quantum_sparse
21070,21070,617208,617208,10,5.0207004206523935,quantum_sparse
76875,76875,350048,350048,1,5.0226642608957714,quantum_sparse
76875,76875,509464,509464,2,5.0207004206523935,quantum_sparse
76875,76875,233766,233766,3,5.0207004206523935,quantum_sparse
76875,76875,688136,688136,4,5.0207004206523935,quantum_sparse
76875,76875,67362,67362,5,5.0207004206523935,quantum_sparse
76875,76875,536121,536121,6,5.0207004206523935,quantum_sparse
76875,76875,644984,644984,7,5.0207004206523935,quantum_sparse
76875,76875,651654,651654,8,5.0207004206523935,quantum_sparse
76875,76875,114200,114200,9,5.0207004206523935,quantum_sparse
76875,76875,617208,617208,10,5.0207004206523935,quantum_sparse
163890,163890,531604,531604,1,5.0,classical_active
163890,163890,100546,100546,2,5.0,classical_active
163890,163890,712065,712065,3,5.0,classical_active
163890,163890,437450,437450,4,5.0,classical_active
163890,163890,697041,697041,5,5.0,classical_active
163890,163890,693079,693079,6,5.0,classical_active
163890,163890,418016,418016,7,5.0,classical_active
163890,163890,233930,233930,8,5.0,classical_active
163890,163890,509866,509866,9,5.0,classical_active
163890,163890,511276,511276,10,5.0,classical_active
59755,59755,350048,350048,1,5.0226642608957714,quantum_sparse
59755,59755,509464,509464,2,5.0207004206523935,quantum_sparse
59755,59755,233766,233766,3,5.0207004206523935,quantum_sparse
59755,59755,688136,688136,4,5.0207004206523935,quantum_sparse
59755,59755,67362,67362,5,5.0207004206523935,quantum_sparse
59755,59755,536121,536121,6,5.0207004206523935,quantum_sparse
59755,59755,644984,644984,7,5.0207004206523935,quantum_sparse
59755,59755,651654,651654,8,5.0207004206523935,quantum_sparse
59755,59755,114200,114200,9,5.0207004206523935,quantum_sparse
59755,59755,617208,617208,10,5.0207004206523935,quantum_sparse
65060,65060,350048,350048,1,5.0226642608957714,quantum_sparse
65060,65060,509464,509464,2,5.0207004206523935,quantum_sparse
65060,65060,233766,233766,3,5.0207004206523935,quantum_sparse
65060,65060,688136,688136,4,5.0207004206523935,quantum_sparse
65060,65060,67362,67362,5,5.0207004206523935,quantum_sparse
65060,65060,536121,536121,6,5.0207004206523935,quantum_sparse
65060,65060,644984,644984,7,5.0207004206523935,quantum_sparse
65060,65060,651654,651654,8,5.0207004206523935,quantum_sparse
65060,65060,114200,114200,9,5.0207004206523935,quantum_sparse
65060,65060,617208,617208,10,5.0207004206523935,quantum_sparse
124986,124986,531604,531604,1,5.0,classical_active
124986,124986,100546,100546,2,5.0,classical_active
124986,124986,712065,712065,3,5.0,classical_active
124986,124986,437450,437450,4,5.0,classical_active
124986,124986,697041,697041,5,5.0,classical_active
124986,124986,693079,693079,6,5.0,classical_active
124986,124986,418016,418016,7,5.0,classical_active
124986,124986,233930,233930,8,5.0,classical_active
124986,124986,509866,509866,9,5.0,classical_active
124986,124986,511276,511276,10,5.0,classical_active
16875,16875,350048,350048,1,5.0226642608957714,quantum_sparse
16875,16875,509464,509464,2,5.0207004206523935,quantum_sparse
16875,16875,233766,233766,3,5.0207004206523935,quantum_sparse
16875,16875,688136,688136,4,5.0207004206523935,quantum_sparse
16875,16875,67362,67362,5,5.0207004206523935,quantum_sparse
16875,16875,536121,536121,6,5.0207004206523935,quantum_sparse
16875,16875,644984,644984,7,5.0207004206523935,quantum_sparse
16875,16875,651654,651654,8,5.0207004206523935,quantum_sparse
16875,16875,114200,114200,9,5.0207004206523935,quantum_sparse
16875,16875,617208,617208,10,5.0207004206523935,quantum_sparse
5304,5304,531604,531604,1,5.0,classical_active
5304,5304,100546,100546,2,5.0,classical_active
5304,5304,712065,712065,3,5.0,classical_active
5304,5304,437450,437450,4,5.0,classical_active
5304,5304,697041,697041,5,5.0,classical_active
5304,5304,693079,693079,6,5.0,classical_active
5304,5304,418016,418016,7,5.0,classical_active
5304,5304,233930,233930,8,5.0,classical_active
5304,5304,509866,509866,9,5.0,classical_active
5304,5304,511276,511276,10,5.0,classical_active
86062,86062,350048,350048,1,5.0226642608957714,quantum_sparse
86062,86062,509464,509464,2,5.0207004206523935,quantum_sparse
86062,86062,233766,233766,3,5.0207004206523935,quantum_sparse
86062,86062,688136,688136,4,5.0207004206523935,quantum_sparse
86062,86062,67362,67362,5,5.0207004206523935,quantum_sparse
86062,86062,536121,536121,6,5.0207004206523935,quantum_sparse
86062,86062,644984,644984,7,5.0207004206523935,quantum_sparse
86062,86062,651654,651654,8,5.0207004206523935,quantum_sparse
86062,86062,114200,114200,9,5.0207004206523935,quantum_sparse
86062,86062,617208,617208,10,5.0207004206523935,quantum_sparse
28725,28725,531604,531604,1,5.0,classical_active
28725,28725,100546,100546,2,5.0,classical_active
28725,28725,712065,712065,3,5.0,classical_active
28725,28725,437450,437450,4,5.0,classical_active
28725,28725,697041,697041,5,5.0,classical_active
28725,28725,693079,693079,6,5.0,classical_active
28725,28725,418016,418016,7,5.0,classical_active
28725,28725,233930,233930,8,5.0,classical_active
28725,28725,509866,509866,9,5.0,classical_active
28725,28725,511276,511276,10,5.0,classical_active
71400,71400,350048,350048,1,5.0226642608957714,quantum_sparse
71400,71400,509464,509464,2,5.0207004206523935,quantum_sparse
71400,71400,233766,233766,3,5.0207004206523935,quantum_sparse
71400,71400,688136,688136,4,5.0207004206523935,quantum_sparse
71400,71400,67362,67362,5,5.0207004206523935,quantum_sparse
71400,71400,536121,536121,6,5.0207004206523935,quantum_sparse
71400,71400,644984,644984,7,5.0207004206523935,quantum_sparse
71400,71400,651654,651654,8,5.0207004206523935,quantum_sparse
71400,71400,114200,114200,9,5.0207004206523935,quantum_sparse
71400,71400,617208,617208,10,5.0207004206523935,quantum_sparse
77941,77941,531604,531604,1,5.0,classical_active
77941,77941,100546,100546,2,5.0,classical_active
77941,77941,712065,712065,3,5.0,classical_active
77941,77941,437450,437450,4,5.0,classical_active
77941,77941,697041,697041,5,5.0,classical_active
77941,77941,693079,693079,6,5.0,classical_active
77941,77941,418016,418016,7,5.0,classical_active
77941,77941,233930,233930,8,5.0,classical_active
77941,77941,509866,509866,9,5.0,classical_active
77941,77941,511276,511276,10,5.0,classical_active
59044,59044,531604,531604,1,5.0,classical_active
59044,59044,100546,100546,2,5.0,classical_active
59044,59044,712065,712065,3,5.0,classical_active
59044,59044,437450,437450,4,5.0,classical_active
59044,59044,697041,697041,5,5.0,classical_active
59044,59044,693079,693079,6,5.0,classical_active
59044,59044,418016,418016,7,5.0,classical_active
59044,59044,233930,233930,8,5.0,classical_active
59044,59044,509866,509866,9,5.0,classical_active
59044,59044,511276,511276,10,5.0,classical_active
124469,124469,531604,531604,1,5.0,classical_active
124469,124469,100546,100546,2,5.0,classical_active
124469,124469,712065,712065,3,5.0,classical_active
124469,124469,437450,437450,4,5.0,classical_active
124469,124469,697041,697041,5,5.0,classical_active
124469,124469,693079,693079,6,5.0,classical_active
124469,124469,418016,418016,7,5.0,classical_active
124469,124469,233930,233930,8,5.0,classical_active
124469,124469,509866,509866,9,5.0,classical_active
124469,124469,511276,511276,10,5.0,classical_active
118200,118200,350048,350048,1,5.0226642608957714,quantum_sparse
118200,118200,509464,509464,2,5.0207004206523935,quantum_sparse
118200,118200,233766,233766,3,5.0207004206523935,quantum_sparse
118200,118200,688136,688136,4,5.0207004206523935,quantum_sparse
118200,118200,67362,67362,5,5.0207004206523935,quantum_sparse
118200,118200,536121,536121,6,5.0207004206523935,quantum_sparse
118200,118200,644984,644984,7,5.0207004206523935,quantum_sparse
118200,118200,651654,651654,8,5.0207004206523935,quantum_sparse
118200,118200,114200,114200,9,5.0207004206523935,quantum_sparse
118200,118200,617208,617208,10,5.0207004206523935,quantum_sparse
12942,12942,350048,350048,1,5.0226642608957714,quantum_sparse
12942,12942,509464,509464,2,5.0207004206523935,quantum_sparse
12942,12942,233766,233766,3,5.0207004206523935,quantum_sparse
12942,12942,688136,688136,4,5.0207004206523935,quantum_sparse
12942,12942,67362,67362,5,5.0207004206523935,quantum_sparse
12942,12942,536121,536121,6,5.0207004206523935,quantum_sparse
12942,12942,644984,644984,7,5.0207004206523935,quantum_sparse
12942,12942,651654,651654,8,5.0207004206523935,quantum_sparse
12942,12942,114200,114200,9,5.0207004206523935,quantum_sparse
12942,12942,617208,617208,10,5.0207004206523935,quantum_sparse
121993,121993,531604,531604,1,5.0,classical_active
121993,121993,100546,100546,2,5.0,classical_active
121993,121993,712065,712065,3,5.0,classical_active
121993,121993,437450,437450,4,5.0,classical_active
121993,121993,697041,697041,5,5.0,classical_active
121993,121993,693079,693079,6,5.0,classical_active
121993,121993,418016,418016,7,5.0,classical_active
121993,121993,233930,233930,8,5.0,classical_active
121993,121993,509866,509866,9,5.0,classical_active
121993,121993,511276,511276,10,5.0,classical_active
141403,141403,350048,350048,1,5.0226642608957714,quantum_sparse
141403,141403,509464,509464,2,5.0207004206523935,quantum_sparse
141403,141403,233766,233766,3,5.0207004206523935,quantum_sparse
141403,141403,688136,688136,4,5.0207004206523935,quantum_sparse
141403,141403,67362,67362,5,5.0207004206523935,quantum_sparse
141403,141403,536121,536121,6,5.0207004206523935,quantum_sparse
141403,141403,644984,644984,7,5.0207004206523935,quantum_sparse
141403,141403,651654,651654,8,5.0207004206523935,quantum_sparse
141403,141403,114200,114200,9,5.0207004206523935,quantum_sparse
141403,141403,617208,617208,10,5.0207004206523935,quantum_sparse
112992,112992,350048,350048,1,5.0226642608957714,quantum_sparse
112992,112992,509464,509464,2,5.0207004206523935,quantum_sparse
112992,112992,233766,233766,3,5.0207004206523935,quantum_sparse
112992,112992,688136,688136,4,5.0207004206523935,quantum_sparse
112992,112992,67362,67362,5,5.0207004206523935,quantum_sparse
112992,112992,536121,536121,6,5.0207004206523935,quantum_sparse
112992,112992,644984,644984,7,5.0207004206523935,quantum_sparse
112992,112992,651654,651654,8,5.0207004206523935,quantum_sparse
112992,112992,114200,114200,9,5.0207004206523935,quantum_sparse
112992,112992,617208,617208,10,5.0207004206523935,quantum_sparse
121065,121065,350048,350048,1,5.0226642608957714,quantum_sparse
121065,121065,509464,509464,2,5.0207004206523935,quantum_sparse
121065,121065,233766,233766,3,5.0207004206523935,quantum_sparse
121065,121065,688136,688136,4,5.0207004206523935,quantum_sparse
121065,121065,67362,67362,5,5.0207004206523935,quantum_sparse
121065,121065,536121,536121,6,5.0207004206523935,quantum_sparse
121065,121065,644984,644984,7,5.0207004206523935,quantum_sparse
121065,121065,651654,651654,8,5.0207004206523935,quantum_sparse
121065,121065,114200,114200,9,5.0207004206523935,quantum_sparse
121065,121065,617208,617208,10,5.0207004206523935,quantum_sparse
121607,121607,531604,531604,1,5.0,classical_active
121607,121607,100546,100546,2,5.0,classical_active
121607,121607,712065,712065,3,5.0,classical_active
121607,121607,437450,437450,4,5.0,classical_active
121607,121607,697041,697041,5,5.0,classical_active
121607,121607,693079,693079,6,5.0,classical_active
121607,121607,418016,418016,7,5.0,classical_active
121607,121607,233930,233930,8,5.0,classical_active
121607,121607,509866,509866,9,5.0,classical_active
121607,121607,511276,511276,10,5.0,classical_active
10140,10140,350048,350048,1,5.0226642608957714,quantum_sparse
10140,10140,509464,509464,2,5.0207004206523935,quantum_sparse
10140,10140,233766,233766,3,5.0207004206523935,quantum_sparse
10140,10140,688136,688136,4,5.0207004206523935,quantum_sparse
10140,10140,67362,67362,5,5.0207004206523935,quantum_sparse
10140,10140,536121,536121,6,5.0207004206523935,quantum_sparse
10140,10140,644984,644984,7,5.0207004206523935,quantum_sparse
10140,10140,651654,651654,8,5.0207004206523935,quantum_sparse
10140,10140,114200,114200,9,5.0207004206523935,quantum_sparse
10140,10140,617208,617208,10,5.0207004206523935,quantum_sparse
78881,78881,350048,350048,1,5.0226642608957714,quantum_sparse
78881,78881,509464,509464,2,5.0207004206523935,quantum_sparse
78881,78881,233766,233766,3,5.0207004206523935,quantum_sparse
78881,78881,688136,688136,4,5.0207004206523935,quantum_sparse
78881,78881,67362,67362,5,5.0207004206523935,quantum_sparse
78881,78881,536121,536121,6,5.0207004206523935,quantum_sparse
78881,78881,644984,644984,7,5.0207004206523935,quantum_sparse
78881,78881,651654,651654,8,5.0207004206523935,quantum_sparse
78881,78881,114200,114200,9,5.0207004206523935,quantum_sparse
78881,78881,617208,617208,10,5.0207004206523935,quantum_sparse
51352,51352,350048,350048,1,5.0226642608957714,quantum_sparse
51352,51352,509464,509464,2,5.0207004206523935,quantum_sparse
51352,51352,233766,233766,3,5.0207004206523935,quantum_sparse
51352,51352,688136,688136,4,5.0207004206523935,quantum_sparse
51352,51352,67362,67362,5,5.0207004206523935,quantum_sparse
51352,51352,536121,536121,6,5.0207004206523935,quantum_sparse
51352,51352,644984,644984,7,5.0207004206523935,quantum_sparse
51352,51352,651654,651654,8,5.0207004206523935,quantum_sparse
51352,51352,114200,114200,9,5.0207004206523935,quantum_sparse
51352,51352,617208,617208,10,5.0207004206523935,quantum_sparse
141130,141130,350048,350048,1,5.0226642608957714,quantum_sparse
141130,141130,509464,509464,2,5.0207004206523935,quantum_sparse
141130,141130,233766,233766,3,5.0207004206523935,quantum_sparse
141130,141130,688136,688136,4,5.0207004206523935,quantum_sparse
141130,141130,67362,67362,5,5.0207004206523935,quantum_sparse
141130,141130,536121,536121,6,5.0207004206523935,quantum_sparse
141130,141130,644984,644984,7,5.0207004206523935,quantum_sparse
141130,141130,651654,651654,8,5.0207004206523935,quantum_sparse
141130,141130,114200,114200,9,5.0207004206523935,quantum_sparse
141130,141130,617208,617208,10,5.0207004206523935,quantum_sparse
169044,169044,350048,350048,1,5.0226642608957714,quantum_sparse
169044,169044,509464,509464,2,5.0207004206523935,quantum_sparse
169044,169044,233766,233766,3,5.0207004206523935,quantum_sparse
169044,169044,688136,688136,4,5.0207004206523935,quantum_sparse
169044,169044,67362,67362,5,5.0207004206523935,quantum_sparse
169044,169044,536121,536121,6,5.0207004206523935,quantum_sparse
169044,169044,644984,644984,7,5.0207004206523935,quantum_sparse
169044,169044,651654,651654,8,5.0207004206523935,quantum_sparse
169044,169044,114200,114200,9,5.0207004206523935,quantum_sparse
169044,169044,617208,617208,10,5.0207004206523935,quantum_sparse
175702,175702,350048,350048,1,5.0226642608957714,quantum_sparse
175702,175702,509464,509464,2,5.0207004206523935,quantum_sparse
175702,175702,233766,233766,3,5.0207004206523935,quantum_sparse
175702,175702,688136,688136,4,5.0207004206523935,quantum_sparse
175702,175702,67362,67362,5,5.0207004206523935,quantum_sparse
175702,175702,536121,536121,6,5.0207004206523935,quantum_sparse
175702,175702,644984,644984,7,5.0207004206523935,quantum_sparse
175702,175702,651654,651654,8,5.0207004206523935,quantum_sparse
175702,175702,114200,114200,9,5.0207004206523935,quantum_sparse
175702,175702,617208,617208,10,5.0207004206523935,quantum_sparse
87757,87757,531604,531604,1,5.0,classical_active
87757,87757,100546,100546,2,5.0,classical_active
87757,87757,712065,712065,3,5.0,classical_active
87757,87757,437450,437450,4,5.0,classical_active
87757,87757,697041,697041,5,5.0,classical_active
87757,87757,693079,693079,6,5.0,classical_active
87757,87757,418016,418016,7,5.0,classical_active
87757,87757,233930,233930,8,5.0,classical_active
87757,87757,509866,509866,9,5.0,classical_active
87757,87757,511276,511276,10,5.0,classical_active
100038,100038,350048,350048,1,5.0226642608957714,quantum_sparse
100038,100038,509464,509464,2,5.0207004206523935,quantum_sparse
100038,100038,233766,233766,3,5.0207004206523935,quantum_sparse
100038,100038,688136,688136,4,5.0207004206523935,quantum_sparse
100038,100038,67362,67362,5,5.0207004206523935,quantum_sparse
100038,100038,536121,536121,6,5.0207004206523935,quantum_sparse
100038,100038,644984,644984,7,5.0207004206523935,quantum_sparse
100038,100038,651654,651654,8,5.0207004206523935,quantum_sparse
100038,100038,114200,114200,9,5.0207004206523935,quantum_sparse
100038,100038,617208,617208,10,5.0207004206523935,quantum_sparse
18616,18616,350048,350048,1,5.0226642608957714,quantum_sparse
18616,18616,509464,509464,2,5.0207004206523935,quantum_sparse
18616,18616,233766,233766,3,5.0207004206523935,quantum_sparse
18616,18616,688136,688136,4,5.0207004206523935,quantum_sparse
18616,18616,67362,67362,5,5.0207004206523935,quantum_sparse
18616,18616,536121,536121,6,5.0207004206523935,quantum_sparse
18616,18616,644984,644984,7,5.0207004206523935,quantum_sparse
18616,18616,651654,651654,8,5.0207004206523935,quantum_sparse
18616,18616,114200,114200,9,5.0207004206523935,quantum_sparse
18616,18616,617208,617208,10,5.0207004206523935,quantum_sparse
28961,28961,350048,350048,1,5.0226642608957714,quantum_sparse
28961,28961,509464,509464,2,5.0207004206523935,quantum_sparse
28961,28961,233766,233766,3,5.0207004206523935,quantum_sparse
28961,28961,688136,688136,4,5.0207004206523935,quantum_sparse
28961,28961,67362,67362,5,5.0207004206523935,quantum_sparse
28961,28961,536121,536121,6,5.0207004206523935,quantum_sparse
28961,28961,644984,644984,7,5.0207004206523935,quantum_sparse
28961,28961,651654,651654,8,5.0207004206523935,quantum_sparse
28961,28961,114200,114200,9,5.0207004206523935,quantum_sparse
28961,28961,617208,617208,10,5.0207004206523935,quantum_sparse
1951,1951,350048,350048,1,5.0226642608957714,quantum_sparse
1951,1951,509464,509464,2,5.0207004206523935,quantum_sparse
1951,1951,233766,233766,3,5.0207004206523935,quantum_sparse
1951,1951,688136,688136,4,5.0207004206523935,quantum_sparse
1951,1951,67362,67362,5,5.0207004206523935,quantum_sparse
1951,1951,536121,536121,6,5.0207004206523935,quantum_sparse
1951,1951,644984,644984,7,5.0207004206523935,quantum_sparse
1951,1951,651654,651654,8,5.0207004206523935,quantum_sparse
1951,1951,114200,114200,9,5.0207004206523935,quantum_sparse
1951,1951,617208,617208,10,5.0207004206523935,quantum_sparse
79143,79143,531604,531604,1,5.0,classical_active
79143,79143,100546,100546,2,5.0,classical_active
79143,79143,712065,712065,3,5.0,classical_active
79143,79143,437450,437450,4,5.0,classical_active
79143,79143,697041,697041,5,5.0,classical_active
79143,79143,693079,693079,6,5.0,classical_active
79143,79143,418016,418016,7,5.0,classical_active
79143,79143,233930,233930,8,5.0,classical_active
79143,79143,509866,509866,9,5.0,classical_active
79143,79143,511276,511276,10,5.0,classical_active
36620,36620,350048,350048,1,5.0226642608957714,quantum_sparse
36620,36620,509464,509464,2,5.0207004206523935,quantum_sparse
36620,36620,233766,233766,3,5.0207004206523935,quantum_sparse
36620,36620,688136,688136,4,5.0207004206523935,quantum_sparse
36620,36620,67362,67362,5,5.0207004206523935,quantum_sparse
36620,36620,536121,536121,6,5.0207004206523935,quantum_sparse
36620,36620,644984,644984,7,5.0207004206523935,quantum_sparse
36620,36620,651654,651654,8,5.0207004206523935,quantum_sparse
36620,36620,114200,114200,9,5.0207004206523935,quantum_sparse
36620,36620,617208,617208,10,5.0207004206523935,quantum_sparse
5264,5264,350048,350048,1,5.0226642608957714,quantum_sparse
5264,5264,509464,509464,2,5.0207004206523935,quantum_sparse
5264,5264,233766,233766,3,5.0207004206523935,quantum_sparse
5264,5264,688136,688136,4,5.0207004206523935,quantum_sparse
5264,5264,67362,67362,5,5.0207004206523935,quantum_sparse
5264,5264,536121,536121,6,5.0207004206523935,quantum_sparse
5264,5264,644984,644984,7,5.0207004206523935,quantum_sparse
5264,5264,651654,651654,8,5.0207004206523935,quantum_sparse
5264,5264,114200,114200,9,5.0207004206523935,quantum_sparse
5264,5264,617208,617208,10,5.0207004206523935,quantum_sparse
22859,22859,350048,350048,1,5.0226642608957714,quantum_sparse
22859,22859,509464,509464,2,5.0207004206523935,quantum_sparse
22859,22859,233766,233766,3,5.0207004206523935,quantum_sparse
22859,22859,688136,688136,4,5.0207004206523935,quantum_sparse
22859,22859,67362,67362,5,5.0207004206523935,quantum_sparse
22859,22859,536121,536121,6,5.0207004206523935,quantum_sparse
22859,22859,644984,644984,7,5.0207004206523935,quantum_sparse
22859,22859,651654,651654,8,5.0207004206523935,quantum_sparse
22859,22859,114200,114200,9,5.0207004206523935,quantum_sparse
22859,22859,617208,617208,10,5.0207004206523935,quantum_sparse
76497,76497,531604,531604,1,5.0,classical_active
76497,76497,100546,100546,2,5.0,classical_active
76497,76497,712065,712065,3,5.0,classical_active
76497,76497,437450,437450,4,5.0,classical_active
76497,76497,697041,697041,5,5.0,classical_active
76497,76497,693079,693079,6,5.0,classical_active
76497,76497,418016,418016,7,5.0,classical_active
76497,76497,233930,233930,8,5.0,classical_active
76497,76497,509866,509866,9,5.0,classical_active
76497,76497,511276,511276,10,5.0,classical_active
60435,60435,531604,531604,1,5.0,classical_active
60435,60435,100546,100546,2,5.0,classical_active
60435,60435,712065,712065,3,5.0,classical_active
60435,60435,437450,437450,4,5.0,classical_active
60435,60435,697041,697041,5,5.0,classical_active
60435,60435,693079,693079,6,5.0,classical_active
60435,60435,418016,418016,7,5.0,classical_active
60435,60435,233930,233930,8,5.0,classical_active
60435,60435,509866,509866,9,5.0,classical_active
60435,60435,511276,511276,10,5.0,classical_active
30073,30073,531604,531604,1,5.0,classical_active
30073,30073,100546,100546,2,5.0,classical_active
30073,30073,712065,712065,3,5.0,classical_active
30073,30073,437450,437450,4,5.0,classical_active
30073,30073,697041,697041,5,5.0,classical_active
30073,30073,693079,693079,6,5.0,classical_active
30073,30073,418016,418016,7,5.0,classical_active
30073,30073,233930,233930,8,5.0,classical_active
30073,30073,509866,509866,9,5.0,classical_active
30073,30073,511276,511276,10,5.0,classical_active
55355,55355,350048,350048,1,5.0226642608957714,quantum_sparse
55355,55355,509464,509464,2,5.0207004206523935,quantum_sparse
55355,55355,233766,233766,3,5.0207004206523935,quantum_sparse
55355,55355,688136,688136,4,5.0207004206523935,quantum_sparse
55355,55355,67362,67362,5,5.0207004206523935,quantum_sparse
55355,55355,536121,536121,6,5.0207004206523935,quantum_sparse
55355,55355,644984,644984,7,5.0207004206523935,quantum_sparse
55355,55355,651654,651654,8,5.0207004206523935,quantum_sparse
55355,55355,114200,114200,9,5.0207004206523935,quantum_sparse
55355,55355,617208,617208,10,5.0207004206523935,quantum_sparse
78660,78660,350048,350048,1,5.0226642608957714,quantum_sparse
78660,78660,509464,509464,2,5.0207004206523935,quantum_sparse
78660,78660,233766,233766,3,5.0207004206523935,quantum_sparse
78660,78660,688136,688136,4,5.0207004206523935,quantum_sparse
78660,78660,67362,67362,5,5.0207004206523935,quantum_sparse
78660,78660,536121,536121,6,5.0207004206523935,quantum_sparse
78660,78660,644984,644984,7,5.0207004206523935,quantum_sparse
78660,78660,651654,651654,8,5.0207004206523935,quantum_sparse
78660,78660,114200,114200,9,5.0207004206523935,quantum_sparse
78660,78660,617208,617208,10,5.0207004206523935,quantum_sparse
81503,81503,350048,350048,1,5.0226642608957714,quantum_sparse
81503,81503,509464,509464,2,5.0207004206523935,quantum_sparse
81503,81503,233766,233766,3,5.0207004206523935,quantum_sparse
81503,81503,688136,688136,4,5.0207004206523935,quantum_sparse
81503,81503,67362,67362,5,5.0207004206523935,quantum_sparse
81503,81503,536121,536121,6,5.0207004206523935,quantum_sparse
81503,81503,644984,644984,7,5.0207004206523935,quantum_sparse
81503,81503,651654,651654,8,5.0207004206523935,quantum_sparse
81503,81503,114200,114200,9,5.0207004206523935,quantum_sparse
81503,81503,617208,617208,10,5.0207004206523935,quantum_sparse
7045,7045,531604,531604,1,5.0,classical_active
7045,7045,100546,100546,2,5.0,classical_active
7045,7045,712065,712065,3,5.0,classical_active
7045,7045,437450,437450,4,5.0,classical_active
7045,7045,697041,697041,5,5.0,classical_active
7045,7045,693079,693079,6,5.0,classical_active
7045,7045,418016,418016,7,5.0,classical_active
7045,7045,233930,233930,8,5.0,classical_active
7045,7045,509866,509866,9,5.0,classical_active
7045,7045,511276,511276,10,5.0,classical_active
183984,183984,350048,350048,1,5.0226642608957714,quantum_sparse
183984,183984,509464,509464,2,5.0207004206523935,quantum_sparse
183984,183984,233766,233766,3,5.0207004206523935,quantum_sparse
183984,183984,688136,688136,4,5.0207004206523935,quantum_sparse
183984,183984,67362,67362,5,5.0207004206523935,quantum_sparse
183984,183984,536121,536121,6,5.0207004206523935,quantum_sparse
183984,183984,644984,644984,7,5.0207004206523935,quantum_sparse
183984,183984,651654,651654,8,5.0207004206523935,quantum_sparse
183984,183984,114200,114200,9,5.0207004206523935,quantum_sparse
183984,183984,617208,617208,10,5.0207004206523935,quantum_sparse
43489,43489,350048,350048,1,5.0226642608957714,quantum_sparse
43489,43489,509464,509464,2,5.0207004206523935,quantum_sparse
43489,43489,233766,233766,3,5.0207004206523935,quantum_sparse
43489,43489,688136,688136,4,5.0207004206523935,quantum_sparse
43489,43489,67362,67362,5,5.0207004206523935,quantum_sparse
43489,43489,536121,536121,6,5.0207004206523935,quantum_sparse
43489,43489,644984,644984,7,5.0207004206523935,quantum_sparse
43489,43489,651654,651654,8,5.0207004206523935,quantum_sparse
43489,43489,114200,114200,9,5.0207004206523935,quantum_sparse
43489,43489,617208,617208,10,5.0207004206523935,quantum_sparse
141074,141074,531604,531604,1,5.0,classical_active
141074,141074,100546,100546,2,5.0,classical_active
141074,141074,712065,712065,3,5.0,classical_active
141074,141074,437450,437450,4,5.0,classical_active
141074,141074,697041,697041,5,5.0,classical_active
141074,141074,693079,693079,6,5.0,classical_active
141074,141074,418016,418016,7,5.0,classical_active
141074,141074,233930,233930,8,5.0,classical_active
141074,141074,509866,509866,9,5.0,classical_active
141074,141074,511276,511276,10,5.0,classical_active
7958,7958,350048,350048,1,5.0226642608957714,quantum_sparse
7958,7958,509464,509464,2,5.0207004206523935,quantum_sparse
7958,7958,233766,233766,3,5.0207004206523935,quantum_sparse
7958,7958,688136,688136,4,5.0207004206523935,quantum_sparse
7958,7958,67362,67362,5,5.0207004206523935,quantum_sparse
7958,7958,536121,536121,6,5.0207004206523935,quantum_sparse
7958,7958,644984,644984,7,5.0207004206523935,quantum_sparse
7958,7958,651654,651654,8,5.0207004206523935,quantum_sparse
7958,7958,114200,114200,9,5.0207004206523935,quantum_sparse
7958,7958,617208,617208,10,5.0207004206523935,quantum_sparse
120623,120623,350048,350048,1,5.0226642608957714,quantum_sparse
120623,120623,509464,509464,2,5.0207004206523935,quantum_sparse
120623,120623,233766,233766,3,5.0207004206523935,quantum_sparse
120623,120623,688136,688136,4,5.0207004206523935,quantum_sparse
120623,120623,67362,67362,5,5.0207004206523935,quantum_sparse
120623,120623,536121,536121,6,5.0207004206523935,quantum_sparse
120623,120623,644984,644984,7,5.0207004206523935,quantum_sparse
120623,120623,651654,651654,8,5.0207004206523935,quantum_sparse
120623,120623,114200,114200,9,5.0207004206523935,quantum_sparse
120623,120623,617208,617208,10,5.0207004206523935,quantum_sparse
128108,128108,350048,350048,1,5.0226642608957714,quantum_sparse
128108,128108,509464,509464,2,5.0207004206523935,quantum_sparse
128108,128108,233766,233766,3,5.0207004206523935,quantum_sparse
128108,128108,688136,688136,4,5.0207004206523935,quantum_sparse
128108,128108,67362,67362,5,5.0207004206523935,quantum_sparse
128108,128108,536121,536121,6,5.0207004206523935,quantum_sparse
128108,128108,644984,644984,7,5.0207004206523935,quantum_sparse
128108,128108,651654,651654,8,5.0207004206523935,quantum_sparse
128108,128108,114200,114200,9,5.0207004206523935,quantum_sparse
128108,128108,617208,617208,10,5.0207004206523935,quantum_sparse
119102,119102,350048,350048,1,5.0226642608957714,quantum_sparse
119102,119102,509464,509464,2,5.0207004206523935,quantum_sparse
119102,119102,233766,233766,3,5.0207004206523935,quantum_sparse
119102,119102,688136,688136,4,5.0207004206523935,quantum_sparse
119102,119102,67362,67362,5,5.0207004206523935,quantum_sparse
119102,119102,536121,536121,6,5.0207004206523935,quantum_sparse
119102,119102,644984,644984,7,5.0207004206523935,quantum_sparse
119102,119102,651654,651654,8,5.0207004206523935,quantum_sparse
119102,119102,114200,114200,9,5.0207004206523935,quantum_sparse
119102,119102,617208,617208,10,5.0207004206523935,quantum_sparse
86769,86769,531604,531604,1,5.0,classical_active
86769,86769,100546,100546,2,5.0,classical_active
86769,86769,712065,712065,3,5.0,classical_active
86769,86769,437450,437450,4,5.0,classical_active
86769,86769,697041,697041,5,5.0,classical_active
86769,86769,693079,693079,6,5.0,classical_active
86769,86769,418016,418016,7,5.0,classical_active
86769,86769,233930,233930,8,5.0,classical_active
86769,86769,509866,509866,9,5.0,classical_active
86769,86769,511276,511276,10,5.0,classical_active
73602,73602,350048,350048,1,5.0226642608957714,quantum_sparse
73602,73602,509464,509464,2,5.0207004206523935,quantum_sparse
73602,73602,233766,233766,3,5.0207004206523935,quantum_sparse
73602,73602,688136,688136,4,5.0207004206523935,quantum_sparse
73602,73602,67362,67362,5,5.0207004206523935,quantum_sparse
73602,73602,536121,536121,6,5.0207004206523935,quantum_sparse
73602,73602,644984,644984,7,5.0207004206523935,quantum_sparse
73602,73602,651654,651654,8,5.0207004206523935,quantum_sparse
73602,73602,114200,114200,9,5.0207004206523935,quantum_sparse
73602,73602,617208,617208,10,5.0207004206523935,quantum_sparse
162786,162786,350048,350048,1,5.0226642608957714,quantum_sparse
162786,162786,509464,509464,2,5.0207004206523935,quantum_sparse
162786,162786,233766,233766,3,5.0207004206523935,quantum_sparse
162786,162786,688136,688136,4,5.0207004206523935,quantum_sparse
162786,162786,67362,67362,5,5.0207004206523935,quantum_sparse
162786,162786,536121,536121,6,5.0207004206523935,quantum_sparse
162786,162786,644984,644984,7,5.0207004206523935,quantum_sparse
162786,162786,651654,651654,8,5.0207004206523935,quantum_sparse
162786,162786,114200,114200,9,5.0207004206523935,quantum_sparse
162786,162786,617208,617208,10,5.0207004206523935,quantum_sparse
117832,117832,350048,350048,1,5.0226642608957714,quantum_sparse
117832,117832,509464,509464,2,5.0207004206523935,quantum_sparse
117832,117832,233766,233766,3,5.0207004206523935,quantum_sparse
117832,117832,688136,688136,4,5.0207004206523935,quantum_sparse
117832,117832,67362,67362,5,5.0207004206523935,quantum_sparse
117832,117832,536121,536121,6,5.0207004206523935,quantum_sparse
117832,117832,644984,644984,7,5.0207004206523935,quantum_sparse
117832,117832,651654,651654,8,5.0207004206523935,quantum_sparse
117832,117832,114200,114200,9,5.0207004206523935,quantum_sparse
117832,117832,617208,617208,10,5.0207004206523935,quantum_sparse
176669,176669,350048,350048,1,5.0226642608957714,quantum_sparse
176669,176669,509464,509464,2,5.0207004206523935,quantum_sparse
176669,176669,233766,233766,3,5.0207004206523935,quantum_sparse
176669,176669,688136,688136,4,5.0207004206523935,quantum_sparse
176669,176669,67362,67362,5,5.0207004206523935,quantum_sparse
176669,176669,536121,536121,6,5.0207004206523935,quantum_sparse
176669,176669,644984,644984,7,5.0207004206523935,quantum_sparse
176669,176669,651654,651654,8,5.0207004206523935,quantum_sparse
176669,176669,114200,114200,9,5.0207004206523935,quantum_sparse
176669,176669,617208,617208,10,5.0207004206523935,quantum_sparse
136247,136247,350048,350048,1,5.0226642608957714,quantum_sparse
136247,136247,509464,509464,2,5.0207004206523935,quantum_sparse
136247,136247,233766,233766,3,5.0207004206523935,quantum_sparse
136247,136247,688136,688136,4,5.0207004206523935,quantum_sparse
136247,136247,67362,67362,5,5.0207004206523935,quantum_sparse
136247,136247,536121,536121,6,5.0207004206523935,quantum_sparse
136247,136247,644984,644984,7,5.0207004206523935,quantum_sparse
136247,136247,651654,651654,8,5.0207004206523935,quantum_sparse
136247,136247,114200,114200,9,5.0207004206523935,quantum_sparse
136247,136247,617208,617208,10,5.0207004206523935,quantum_sparse
96983,96983,350048,350048,1,5.0226642608957714,quantum_sparse
96983,96983,509464,509464,2,5.0207004206523935,quantum_sparse
96983,96983,233766,233766,3,5.0207004206523935,quantum_sparse
96983,96983,688136,688136,4,5.0207004206523935,quantum_sparse
96983,96983,67362,67362,5,5.0207004206523935,quantum_sparse
96983,96983,536121,536121,6,5.0207004206523935,quantum_sparse
96983,96983,644984,644984,7,5.0207004206523935,quantum_sparse
96983,96983,651654,651654,8,5.0207004206523935,quantum_sparse
96983,96983,114200,114200,9,5.0207004206523935,quantum_sparse
96983,96983,617208,617208,10,5.0207004206523935,quantum_sparse
102738,102738,350048,350048,1,5.0226642608957714,quantum_sparse
102738,102738,509464,509464,2,5.0207004206523935,quantum_sparse
102738,102738,233766,233766,3,5.0207004206523935,quantum_sparse
102738,102738,688136,688136,4,5.0207004206523935,quantum_sparse
102738,102738,67362,67362,5,5.0207004206523935,quantum_sparse
102738,102738,536121,536121,6,5.0207004206523935,quantum_sparse
102738,102738,644984,644984,7,5.0207004206523935,quantum_sparse
102738,102738,651654,651654,8,5.0207004206523935,quantum_sparse
102738,102738,114200,114200,9,5.0207004206523935,quantum_sparse
102738,102738,617208,617208,10,5.0207004206523935,quantum_sparse
88035,88035,531604,531604,1,5.0,classical_active
88035,88035,100546,100546,2,5.0,classical_active
88035,88035,712065,712065,3,5.0,classical_active
88035,88035,437450,437450,4,5.0,classical_active
88035,88035,697041,697041,5,5.0,classical_active
88035,88035,693079,693079,6,5.0,classical_active
88035,88035,418016,418016,7,5.0,classical_active
88035,88035,233930,233930,8,5.0,classical_active
88035,88035,509866,509866,9,5.0,classical_active
88035,88035,511276,511276,10,5.0,classical_active
81524,81524,531604,531604,1,5.0,classical_active
81524,81524,100546,100546,2,5.0,classical_active
81524,81524,712065,712065,3,5.0,classical_active
81524,81524,437450,437450,4,5.0,classical_active
81524,81524,697041,697041,5,5.0,classical_active
81524,81524,693079,693079,6,5.0,classical_active
81524,81524,418016,418016,7,5.0,classical_active
81524,81524,233930,233930,8,5.0,classical_active
81524,81524,509866,509866,9,5.0,classical_active
81524,81524,511276,511276,10,5.0,classical_active
129022,129022,531604,531604,1,5.0,classical_active
129022,129022,100546,100546,2,5.0,classical_active
129022,129022,712065,712065,3,5.0,classical_active
129022,129022,437450,437450,4,5.0,classical_active
129022,129022,697041,697041,5,5.0,classical_active
129022,129022,693079,693079,6,5.0,classical_active
129022,129022,418016,418016,7,5.0,classical_active
129022,129022,233930,233930,8,5.0,classical_active
129022,129022,509866,509866,9,5.0,classical_active
129022,129022,511276,511276,10,5.0,classical_active
61102,61102,350048,350048,1,5.0226642608957714,quantum_sparse
61102,61102,509464,509464,2,5.0207004206523935,quantum_sparse
61102,61102,233766,233766,3,5.0207004206523935,quantum_sparse
61102,61102,688136,688136,4,5.0207004206523935,quantum_sparse
61102,61102,67362,67362,5,5.0207004206523935,quantum_sparse
61102,61102,536121,536121,6,5.0207004206523935,quantum_sparse
61102,61102,644984,644984,7,5.0207004206523935,quantum_sparse
61102,61102,651654,651654,8,5.0207004206523935,quantum_sparse
61102,61102,114200,114200,9,5.0207004206523935,quantum_sparse
61102,61102,617208,617208,10,5.0207004206523935,quantum_sparse
124392,124392,350048,350048,1,5.0226642608957714,quantum_sparse
124392,124392,509464,509464,2,5.0207004206523935,quantum_sparse
124392,124392,233766,233766,3,5.0207004206523935,quantum_sparse
124392,124392,688136,688136,4,5.0207004206523935,quantum_sparse
124392,124392,67362,67362,5,5.0207004206523935,quantum_sparse
124392,124392,536121,536121,6,5.0207004206523935,quantum_sparse
124392,124392,644984,644984,7,5.0207004206523935,quantum_sparse
124392,124392,651654,651654,8,5.0207004206523935,quantum_sparse
124392,124392,114200,114200,9,5.0207004206523935,quantum_sparse
124392,124392,617208,617208,10,5.0207004206523935,quantum_sparse
79208,79208,531604,531604,1,5.0,classical_active
79208,79208,100546,100546,2,5.0,classical_active
79208,79208,712065,712065,3,5.0,classical_active
79208,79208,437450,437450,4,5.0,classical_active
79208,79208,697041,697041,5,5.0,classical_active
79208,79208,693079,693079,6,5.0,classical_active
79208,79208,418016,418016,7,5.0,classical_active
79208,79208,233930,233930,8,5.0,classical_active
79208,79208,509866,509866,9,5.0,classical_active
79208,79208,511276,511276,10,5.0,classical_active
103143,103143,350048,350048,1,5.0226642608957714,quantum_sparse
103143,103143,509464,509464,2,5.0207004206523935,quantum_sparse
103143,103143,233766,233766,3,5.0207004206523935,quantum_sparse
103143,103143,688136,688136,4,5.0207004206523935,quantum_sparse
103143,103143,67362,67362,5,5.0207004206523935,quantum_sparse
103143,103143,536121,536121,6,5.0207004206523935,quantum_sparse
103143,103143,644984,644984,7,5.0207004206523935,quantum_sparse
103143,103143,651654,651654,8,5.0207004206523935,quantum_sparse
103143,103143,114200,114200,9,5.0207004206523935,quantum_sparse
103143,103143,617208,617208,10,5.0207004206523935,quantum_sparse
75955,75955,350048,350048,1,5.0226642608957714,quantum_sparse
75955,75955,509464,509464,2,5.0207004206523935,quantum_sparse
75955,75955,233766,233766,3,5.0207004206523935,quantum_sparse
75955,75955,688136,688136,4,5.0207004206523935,quantum_sparse
75955,75955,67362,67362,5,5.0207004206523935,quantum_sparse
75955,75955,536121,536121,6,5.0207004206523935,quantum_sparse
75955,75955,644984,644984,7,5.0207004206523935,quantum_sparse
75955,75955,651654,651654,8,5.0207004206523935,quantum_sparse
75955,75955,114200,114200,9,5.0207004206523935,quantum_sparse
75955,75955,617208,617208,10,5.0207004206523935,quantum_sparse
76882,76882,350048,350048,1,5.0226642608957714,quantum_sparse
76882,76882,509464,509464,2,5.0207004206523935,quantum_sparse
76882,76882,233766,233766,3,5.0207004206523935,quantum_sparse
76882,76882,688136,688136,4,5.0207004206523935,quantum_sparse
76882,76882,67362,67362,5,5.0207004206523935,quantum_sparse
76882,76882,536121,536121,6,5.0207004206523935,quantum_sparse
76882,76882,644984,644984,7,5.0207004206523935,quantum_sparse
76882,76882,651654,651654,8,5.0207004206523935,quantum_sparse
76882,76882,114200,114200,9,5.0207004206523935,quantum_sparse
76882,76882,617208,617208,10,5.0207004206523935,quantum_sparse
52489,52489,350048,350048,1,5.0226642608957714,quantum_sparse
52489,52489,509464,509464,2,5.0207004206523935,quantum_sparse
52489,52489,233766,233766,3,5.0207004206523935,quantum_sparse
52489,52489,688136,688136,4,5.0207004206523935,quantum_sparse
52489,52489,67362,67362,5,5.0207004206523935,quantum_sparse
52489,52489,536121,536121,6,5.0207004206523935,quantum_sparse
52489,52489,644984,644984,7,5.0207004206523935,quantum_sparse
52489,52489,651654,651654,8,5.0207004206523935,quantum_sparse
52489,52489,114200,114200,9,5.0207004206523935,quantum_sparse
52489,52489,617208,617208,10,5.0207004206523935,quantum_sparse
101504,101504,350048,350048,1,5.0226642608957714,quantum_sparse
101504,101504,509464,509464,2,5.0207004206523935,quantum_sparse
101504,101504,233766,233766,3,5.0207004206523935,quantum_sparse
101504,101504,688136,688136,4,5.0207004206523935,quantum_sparse
101504,101504,67362,67362,5,5.0207004206523935,quantum_sparse
101504,101504,536121,536121,6,5.0207004206523935,quantum_sparse
101504,101504,644984,644984,7,5.0207004206523935,quantum_sparse
101504,101504,651654,651654,8,5.0207004206523935,quantum_sparse
101504,101504,114200,114200,9,5.0207004206523935,quantum_sparse
101504,101504,617208,617208,10,5.0207004206523935,quantum_sparse
4613,4613,350048,350048,1,5.0226642608957714,quantum_sparse
4613,4613,509464,509464,2,5.0207004206523935,quantum_sparse
4613,4613,233766,233766,3,5.0207004206523935,quantum_sparse
4613,4613,688136,688136,4,5.0207004206523935,quantum_sparse
4613,4613,67362,67362,5,5.0207004206523935,quantum_sparse
4613,4613,536121,536121,6,5.0207004206523935,quantum_sparse
4613,4613,644984,644984,7,5.0207004206523935,quantum_sparse
4613,4613,651654,651654,8,5.0207004206523935,quantum_sparse
4613,4613,114200,114200,9,5.0207004206523935,quantum_sparse
4613,4613,617208,617208,10,5.0207004206523935,quantum_sparse
145079,145079,531604,531604,1,5.0,classical_active
145079,145079,100546,100546,2,5.0,classical_active
145079,145079,712065,712065,3,5.0,classical_active
145079,145079,437450,437450,4,5.0,classical_active
145079,145079,697041,697041,5,5.0,classical_active
145079,145079,693079,693079,6,5.0,classical_active
145079,145079,418016,418016,7,5.0,classical_active
145079,145079,233930,233930,8,5.0,classical_active
145079,145079,509866,509866,9,5.0,classical_active
145079,145079,511276,511276,10,5.0,classical_active
106579,106579,350048,350048,1,5.0226642608957714,quantum_sparse
106579,106579,509464,509464,2,5.0207004206523935,quantum_sparse
106579,106579,233766,233766,3,5.0207004206523935,quantum_sparse
106579,106579,688136,688136,4,5.0207004206523935,quantum_sparse
106579,106579,67362,67362,5,5.0207004206523935,quantum_sparse
106579,106579,536121,536121,6,5.0207004206523935,quantum_sparse
106579,106579,644984,644984,7,5.0207004206523935,quantum_sparse
106579,106579,651654,651654,8,5.0207004206523935,quantum_sparse
106579,106579,114200,114200,9,5.0207004206523935,quantum_sparse
106579,106579,617208,617208,10,5.0207004206523935,quantum_sparse
19914,19914,350048,350048,1,5.0226642608957714,quantum_sparse
19914,19914,509464,509464,2,5.0207004206523935,quantum_sparse
19914,19914,233766,233766,3,5.0207004206523935,quantum_sparse
19914,19914,688136,688136,4,5.0207004206523935,quantum_sparse
19914,19914,67362,67362,5,5.0207004206523935,quantum_sparse
19914,19914,536121,536121,6,5.0207004206523935,quantum_sparse
19914,19914,644984,644984,7,5.0207004206523935,quantum_sparse
19914,19914,651654,651654,8,5.0207004206523935,quantum_sparse
19914,19914,114200,114200,9,5.0207004206523935,quantum_sparse
19914,19914,617208,617208,10,5.0207004206523935,quantum_sparse
125976,125976,350048,350048,1,5.0226642608957714,quantum_sparse
125976,125976,509464,509464,2,5.0207004206523935,quantum_sparse
125976,125976,233766,233766,3,5.0207004206523935,quantum_sparse
125976,125976,688136,688136,4,5.0207004206523935,quantum_sparse
125976,125976,67362,67362,5,5.0207004206523935,quantum_sparse
125976,125976,536121,536121,6,5.0207004206523935,quantum_sparse
125976,125976,644984,644984,7,5.0207004206523935,quantum_sparse
125976,125976,651654,651654,8,5.0207004206523935,quantum_sparse
125976,125976,114200,114200,9,5.0207004206523935,quantum_sparse
125976,125976,617208,617208,10,5.0207004206523935,quantum_sparse
145020,145020,350048,350048,1,5.0226642608957714,quantum_sparse
145020,145020,509464,509464,2,5.0207004206523935,quantum_sparse
145020,145020,233766,233766,3,5.0207004206523935,quantum_sparse
145020,145020,688136,688136,4,5.0207004206523935,quantum_sparse
145020,145020,67362,67362,5,5.0207004206523935,quantum_sparse
145020,145020,536121,536121,6,5.0207004206523935,quantum_sparse
145020,145020,644984,644984,7,5.0207004206523935,quantum_sparse
145020,145020,651654,651654,8,5.0207004206523935,quantum_sparse
145020,145020,114200,114200,9,5.0207004206523935,quantum_sparse
145020,145020,617208,617208,10,5.0207004206523935,quantum_sparse
76107,76107,531604,531604,1,5.0,classical_active
76107,76107,100546,100546,2,5.0,classical_active
76107,76107,712065,712065,3,5.0,classical_active
76107,76107,437450,437450,4,5.0,classical_active
76107,76107,697041,697041,5,5.0,classical_active
76107,76107,693079,693079,6,5.0,classical_active
76107,76107,418016,418016,7,5.0,classical_active
76107,76107,233930,233930,8,5.0,classical_active
76107,76107,509866,509866,9,5.0,classical_active
76107,76107,511276,511276,10,5.0,classical_active
103514,103514,531604,531604,1,5.0,classical_active
103514,103514,100546,100546,2,5.0,classical_active
103514,103514,712065,712065,3,5.0,classical_active
103514,103514,437450,437450,4,5.0,classical_active
103514,103514,697041,697041,5,5.0,classical_active
103514,103514,693079,693079,6,5.0,classical_active
103514,103514,418016,418016,7,5.0,classical_active
103514,103514,233930,233930,8,5.0,classical_active
103514,103514,509866,509866,9,5.0,classical_active
103514,103514,511276,511276,10,5.0,classical_active
81771,81771,350048,350048,1,5.0226642608957714,quantum_sparse
81771,81771,509464,509464,2,5.0207004206523935,quantum_sparse
81771,81771,233766,233766,3,5.0207004206523935,quantum_sparse
81771,81771,688136,688136,4,5.0207004206523935,quantum_sparse
81771,81771,67362,67362,5,5.0207004206523935,quantum_sparse
81771,81771,536121,536121,6,5.0207004206523935,quantum_sparse
81771,81771,644984,644984,7,5.0207004206523935,quantum_sparse
81771,81771,651654,651654,8,5.0207004206523935,quantum_sparse
81771,81771,114200,114200,9,5.0207004206523935,quantum_sparse
81771,81771,617208,617208,10,5.0207004206523935,quantum_sparse
99979,99979,531604,531604,1,5.0,classical_active
99979,99979,100546,100546,2,5.0,classical_active
99979,99979,712065,712065,3,5.0,classical_active
99979,99979,437450,437450,4,5.0,classical_active
99979,99979,697041,697041,5,5.0,classical_active
99979,99979,693079,693079,6,5.0,classical_active
99979,99979,418016,418016,7,5.0,classical_active
99979,99979,233930,233930,8,5.0,classical_active
99979,99979,509866,509866,9,5.0,classical_active
99979,99979,511276,511276,10,5.0,classical_active
77055,77055,350048,350048,1,5.0226642608957714,quantum_sparse
77055,77055,509464,509464,2,5.0207004206523935,quantum_sparse
77055,77055,233766,233766,3,5.0207004206523935,quantum_sparse
77055,77055,688136,688136,4,5.0207004206523935,quantum_sparse
77055,77055,67362,67362,5,5.0207004206523935,quantum_sparse
77055,77055,536121,536121,6,5.0207004206523935,quantum_sparse
77055,77055,644984,644984,7,5.0207004206523935,quantum_sparse
77055,77055,651654,651654,8,5.0207004206523935,quantum_sparse
77055,77055,114200,114200,9,5.0207004206523935,quantum_sparse
77055,77055,617208,617208,10,5.0207004206523935,quantum_sparse
140316,140316,350048,350048,1,5.0226642608957714,quantum_sparse
140316,140316,509464,509464,2,5.0207004206523935,quantum_sparse
140316,140316,233766,233766,3,5.0207004206523935,quantum_sparse
140316,140316,688136,688136,4,5.0207004206523935,quantum_sparse
140316,140316,67362,67362,5,5.0207004206523935,quantum_sparse
140316,140316,536121,536121,6,5.0207004206523935,quantum_sparse
140316,140316,644984,644984,7,5.0207004206523935,quantum_sparse
140316,140316,651654,651654,8,5.0207004206523935,quantum_sparse
140316,140316,114200,114200,9,5.0207004206523935,quantum_sparse
140316,140316,617208,617208,10,5.0207004206523935,quantum_sparse
19662,19662,531604,531604,1,5.0,classical_active
19662,19662,100546,100546,2,5.0,classical_active
19662,19662,712065,712065,3,5.0,classical_active
19662,19662,437450,437450,4,5.0,classical_active
19662,19662,697041,697041,5,5.0,classical_active
19662,19662,693079,693079,6,5.0,classical_active
19662,19662,418016,418016,7,5.0,classical_active
19662,19662,233930,233930,8,5.0,classical_active
19662,19662,509866,509866,9,5.0,classical_active
19662,19662,511276,511276,10,5.0,classical_active
62198,62198,350048,350048,1,5.0226642608957714,quantum_sparse
62198,62198,509464,509464,2,5.0207004206523935,quantum_sparse
62198,62198,233766,233766,3,5.0207004206523935,quantum_sparse
62198,62198,688136,688136,4,5.0207004206523935,quantum_sparse
62198,62198,67362,67362,5,5.0207004206523935,quantum_sparse
62198,62198,536121,536121,6,5.0207004206523935,quantum_sparse
62198,62198,644984,644984,7,5.0207004206523935,quantum_sparse
62198,62198,651654,651654,8,5.0207004206523935,quantum_sparse
62198,62198,114200,114200,9,5.0207004206523935,quantum_sparse
62198,62198,617208,617208,10,5.0207004206523935,quantum_sparse
98021,98021,531604,531604,1,5.0,classical_active
98021,98021,100546,100546,2,5.0,classical_active
98021,98021,712065,712065,3,5.0,classical_active
98021,98021,437450,437450,4,5.0,classical_active
98021,98021,697041,697041,5,5.0,classical_active
98021,98021,693079,693079,6,5.0,classical_active
98021,98021,418016,418016,7,5.0,classical_active
98021,98021,233930,233930,8,5.0,classical_active
98021,98021,509866,509866,9,5.0,classical_active
98021,98021,511276,511276,10,5.0,classical_active
77476,77476,350048,350048,1,5.0226642608957714,quantum_sparse
77476,77476,509464,509464,2,5.0207004206523935,quantum_sparse
77476,77476,233766,233766,3,5.0207004206523935,quantum_sparse
77476,77476,688136,688136,4,5.0207004206523935,quantum_sparse
77476,77476,67362,67362,5,5.0207004206523935,quantum_sparse
77476,77476,536121,536121,6,5.0207004206523935,quantum_sparse
77476,77476,644984,644984,7,5.0207004206523935,quantum_sparse
77476,77476,651654,651654,8,5.0207004206523935,quantum_sparse
77476,77476,114200,114200,9,5.0207004206523935,quantum_sparse
77476,77476,617208,617208,10,5.0207004206523935,quantum_sparse
80640,80640,350048,350048,1,5.0226642608957714,quantum_sparse
80640,80640,509464,509464,2,5.0207004206523935,quantum_sparse
80640,80640,233766,233766,3,5.0207004206523935,quantum_sparse
80640,80640,688136,688136,4,5.0207004206523935,quantum_sparse
80640,80640,67362,67362,5,5.0207004206523935,quantum_sparse
80640,80640,536121,536121,6,5.0207004206523935,quantum_sparse
80640,80640,644984,644984,7,5.0207004206523935,quantum_sparse
80640,80640,651654,651654,8,5.0207004206523935,quantum_sparse
80640,80640,114200,114200,9,5.0207004206523935,quantum_sparse
80640,80640,617208,617208,10,5.0207004206523935,quantum_sparse
128664,128664,531604,531604,1,5.0,classical_active
128664,128664,100546,100546,2,5.0,classical_active
128664,128664,712065,712065,3,5.0,classical_active
128664,128664,437450,437450,4,5.0,classical_active
128664,128664,697041,697041,5,5.0,classical_active
128664,128664,693079,693079,6,5.0,classical_active
128664,128664,418016,418016,7,5.0,classical_active
128664,128664,233930,233930,8,5.0,classical_active
128664,128664,509866,509866,9,5.0,classical_active
128664,128664,511276,511276,10,5.0,classical_active
155028,155028,350048,350048,1,5.0226642608957714,quantum_sparse
155028,155028,509464,509464,2,5.0207004206523935,quantum_sparse
155028,155028,233766,233766,3,5.0207004206523935,quantum_sparse
155028,155028,688136,688136,4,5.0207004206523935,quantum_sparse
155028,155028,67362,67362,5,5.0207004206523935,quantum_sparse
155028,155028,536121,536121,6,5.0207004206523935,quantum_sparse
155028,155028,644984,644984,7,5.0207004206523935,quantum_sparse
155028,155028,651654,651654,8,5.0207004206523935,quantum_sparse
155028,155028,114200,114200,9,5.0207004206523935,quantum_sparse
155028,155028,617208,617208,10,5.0207004206523935,quantum_sparse
18412,18412,531604,531604,1,5.0,classical_active
18412,18412,100546,100546,2,5.0,classical_active
18412,18412,712065,712065,3,5.0,classical_active
18412,18412,437450,437450,4,5.0,classical_active
18412,18412,697041,697041,5,5.0,classical_active
18412,18412,693079,693079,6,5.0,classical_active
18412,18412,418016,418016,7,5.0,classical_active
18412,18412,233930,233930,8,5.0,classical_active
18412,18412,509866,509866,9,5.0,classical_active
18412,18412,511276,511276,10,5.0,classical_active
121574,121574,531604,531604,1,5.0,classical_active
121574,121574,100546,100546,2,5.0,classical_active
121574,121574,712065,712065,3,5.0,classical_active
121574,121574,437450,437450,4,5.0,classical_active
121574,121574,697041,697041,5,5.0,classical_active
121574,121574,693079,693079,6,5.0,classical_active
121574,121574,418016,418016,7,5.0,classical_active
121574,121574,233930,233930,8,5.0,classical_active
121574,121574,509866,509866,9,5.0,classical_active
121574,121574,511276,511276,10,5.0,classical_active
111802,111802,531604,531604,1,5.0,classical_active
111802,111802,100546,100546,2,5.0,classical_active
111802,111802,712065,712065,3,5.0,classical_active
111802,111802,437450,437450,4,5.0,classical_active
111802,111802,697041,697041,5,5.0,classical_active
111802,111802,693079,693079,6,5.0,classical_active
111802,111802,418016,418016,7,5.0,classical_active
111802,111802,233930,233930,8,5.0,classical_active
111802,111802,509866,509866,9,5.0,classical_active
111802,111802,511276,511276,10,5.0,classical_active
73810,73810,531604,531604,1,5.0,classical_active
73810,73810,100546,100546,2,5.0,classical_active
73810,73810,712065,712065,3,5.0,classical_active
73810,73810,437450,437450,4,5.0,classical_active
73810,73810,697041,697041,5,5.0,classical_active
73810,73810,693079,693079,6,5.0,classical_active
73810,73810,418016,418016,7,5.0,classical_active
73810,73810,233930,233930,8,5.0,classical_active
73810,73810,509866,509866,9,5.0,classical_active
73810,73810,511276,511276,10,5.0,classical_active
76432,76432,350048,350048,1,5.0226642608957714,quantum_sparse
76432,76432,509464,509464,2,5.0207004206523935,quantum_sparse
76432,76432,233766,233766,3,5.0207004206523935,quantum_sparse
76432,76432,688136,688136,4,5.0207004206523935,quantum_sparse
76432,76432,67362,67362,5,5.0207004206523935,quantum_sparse
76432,76432,536121,536121,6,5.0207004206523935,quantum_sparse
76432,76432,644984,644984,7,5.0207004206523935,quantum_sparse
76432,76432,651654,651654,8,5.0207004206523935,quantum_sparse
76432,76432,114200,114200,9,5.0207004206523935,quantum_sparse
76432,76432,617208,617208,10,5.0207004206523935,quantum_sparse
177155,177155,350048,350048,1,5.0226642608957714,quantum_sparse
177155,177155,509464,509464,2,5.0207004206523935,quantum_sparse
177155,177155,233766,233766,3,5.0207004206523935,quantum_sparse
177155,177155,688136,688136,4,5.0207004206523935,quantum_sparse
177155,177155,67362,67362,5,5.0207004206523935,quantum_sparse
177155,177155,536121,536121,6,5.0207004206523935,quantum_sparse
177155,177155,644984,644984,7,5.0207004206523935,quantum_sparse
177155,177155,651654,651654,8,5.0207004206523935,quantum_sparse
177155,177155,114200,114200,9,5.0207004206523935,quantum_sparse
177155,177155,617208,617208,10,5.0207004206523935,quantum_sparse
64304,64304,531604,531604,1,5.0,classical_active
64304,64304,100546,100546,2,5.0,classical_active
64304,64304,712065,712065,3,5.0,classical_active
64304,64304,437450,437450,4,5.0,classical_active
64304,64304,697041,697041,5,5.0,classical_active
64304,64304,693079,693079,6,5.0,classical_active
64304,64304,418016,418016,7,5.0,classical_active
64304,64304,233930,233930,8,5.0,classical_active
64304,64304,509866,509866,9,5.0,classical_active
64304,64304,511276,511276,10,5.0,classical_active
96609,96609,350048,350048,1,5.0226642608957714,quantum_sparse
96609,96609,509464,509464,2,5.0207004206523935,quantum_sparse
96609,96609,233766,233766,3,5.0207004206523935,quantum_sparse
96609,96609,688136,688136,4,5.0207004206523935,quantum_sparse
96609,96609,67362,67362,5,5.0207004206523935,quantum_sparse
96609,96609,536121,536121,6,5.0207004206523935,quantum_sparse
96609,96609,644984,644984,7,5.0207004206523935,quantum_sparse
96609,96609,651654,651654,8,5.0207004206523935,quantum_sparse
96609,96609,114200,114200,9,5.0207004206523935,quantum_sparse
96609,96609,617208,617208,10,5.0207004206523935,quantum_sparse
111703,111703,350048,350048,1,5.0226642608957714,quantum_sparse
111703,111703,509464,509464,2,5.0207004206523935,quantum_sparse
111703,111703,233766,233766,3,5.0207004206523935,quantum_sparse
111703,111703,688136,688136,4,5.0207004206523935,quantum_sparse
111703,111703,67362,67362,5,5.0207004206523935,quantum_sparse
111703,111703,536121,536121,6,5.0207004206523935,quantum_sparse
111703,111703,644984,644984,7,5.0207004206523935,quantum_sparse
111703,111703,651654,651654,8,5.0207004206523935,quantum_sparse
111703,111703,114200,114200,9,5.0207004206523935,quantum_sparse
111703,111703,617208,617208,10,5.0207004206523935,quantum_sparse
19483,19483,350048,350048,1,5.0226642608957714,quantum_sparse
19483,19483,509464,509464,2,5.0207004206523935,quantum_sparse
19483,19483,233766,233766,3,5.0207004206523935,quantum_sparse
19483,19483,688136,688136,4,5.0207004206523935,quantum_sparse
19483,19483,67362,67362,5,5.0207004206523935,quantum_sparse
19483,19483,536121,536121,6,5.0207004206523935,quantum_sparse
19483,19483,644984,644984,7,5.0207004206523935,quantum_sparse
19483,19483,651654,651654,8,5.0207004206523935,quantum_sparse
19483,19483,114200,114200,9,5.0207004206523935,quantum_sparse
19483,19483,617208,617208,10,5.0207004206523935,quantum_sparse
88469,88469,350048,350048,1,5.0226642608957714,quantum_sparse
88469,88469,509464,509464,2,5.0207004206523935,quantum_sparse
88469,88469,233766,233766,3,5.0207004206523935,quantum_sparse
88469,88469,688136,688136,4,5.0207004206523935,quantum_sparse
88469,88469,67362,67362,5,5.0207004206523935,quantum_sparse
88469,88469,536121,536121,6,5.0207004206523935,quantum_sparse
88469,88469,644984,644984,7,5.0207004206523935,quantum_sparse
88469,88469,651654,651654,8,5.0207004206523935,quantum_sparse
88469,88469,114200,114200,9,5.0207004206523935,quantum_sparse
88469,88469,617208,617208,10,5.0207004206523935,quantum_sparse
148950,148950,531604,531604,1,5.0,classical_active
148950,148950,100546,100546,2,5.0,classical_active
148950,148950,712065,712065,3,5.0,classical_active
148950,148950,437450,437450,4,5.0,classical_active
148950,148950,697041,697041,5,5.0,classical_active
148950,148950,693079,693079,6,5.0,classical_active
148950,148950,418016,418016,7,5.0,classical_active
148950,148950,233930,233930,8,5.0,classical_active
148950,148950,509866,509866,9,5.0,classical_active
148950,148950,511276,511276,10,5.0,classical_active
155448,155448,350048,350048,1,5.0226642608957714,quantum_sparse
155448,155448,509464,509464,2,5.0207004206523935,quantum_sparse
155448,155448,233766,233766,3,5.0207004206523935,quantum_sparse
155448,155448,688136,688136,4,5.0207004206523935,quantum_sparse
155448,155448,67362,67362,5,5.0207004206523935,quantum_sparse
155448,155448,536121,536121,6,5.0207004206523935,quantum_sparse
155448,155448,644984,644984,7,5.0207004206523935,quantum_sparse
155448,155448,651654,651654,8,5.0207004206523935,quantum_sparse
155448,155448,114200,114200,9,5.0207004206523935,quantum_sparse
155448,155448,617208,617208,10,5.0207004206523935,quantum_sparse
58224,58224,350048,350048,1,5.0226642608957714,quantum_sparse
58224,58224,509464,509464,2,5.0207004206523935,quantum_sparse
58224,58224,233766,233766,3,5.0207004206523935,quantum_sparse
58224,58224,688136,688136,4,5.0207004206523935,quantum_sparse
58224,58224,67362,67362,5,5.0207004206523935,quantum_sparse
58224,58224,536121,536121,6,5.0207004206523935,quantum_sparse
58224,58224,644984,644984,7,5.0207004206523935,quantum_sparse
58224,58224,651654,651654,8,5.0207004206523935,quantum_sparse
58224,58224,114200,114200,9,5.0207004206523935,quantum_sparse
58224,58224,617208,617208,10,5.0207004206523935,quantum_sparse
149795,149795,350048,350048,1,5.0226642608957714,quantum_sparse
149795,149795,509464,509464,2,5.0207004206523935,quantum_sparse
149795,149795,233766,233766,3,5.0207004206523935,quantum_sparse
149795,149795,688136,688136,4,5.0207004206523935,quantum_sparse
149795,149795,67362,67362,5,5.0207004206523935,quantum_sparse
149795,149795,536121,536121,6,5.0207004206523935,quantum_sparse
149795,149795,644984,644984,7,5.0207004206523935,quantum_sparse
149795,149795,651654,651654,8,5.0207004206523935,quantum_sparse
149795,149795,114200,114200,9,5.0207004206523935,quantum_sparse
149795,149795,617208,617208,10,5.0207004206523935,quantum_sparse
24801,24801,350048,350048,1,5.0226642608957714,quantum_sparse
24801,24801,509464,509464,2,5.0207004206523935,quantum_sparse
24801,24801,233766,233766,3,5.0207004206523935,quantum_sparse
24801,24801,688136,688136,4,5.0207004206523935,quantum_sparse
24801,24801,67362,67362,5,5.0207004206523935,quantum_sparse
24801,24801,536121,536121,6,5.0207004206523935,quantum_sparse
24801,24801,644984,644984,7,5.0207004206523935,quantum_sparse
24801,24801,651654,651654,8,5.0207004206523935,quantum_sparse
24801,24801,114200,114200,9,5.0207004206523935,quantum_sparse
24801,24801,617208,617208,10,5.0207004206523935,quantum_sparse
19087,19087,350048,350048,1,5.0226642608957714,quantum_sparse
19087,19087,509464,509464,2,5.0207004206523935,quantum_sparse
19087,19087,233766,233766,3,5.0207004206523935,quantum_sparse
19087,19087,688136,688136,4,5.0207004206523935,quantum_sparse
19087,19087,67362,67362,5,5.0207004206523935,quantum_sparse
19087,19087,536121,536121,6,5.0207004206523935,quantum_sparse
19087,19087,644984,644984,7,5.0207004206523935,quantum_sparse
19087,19087,651654,651654,8,5.0207004206523935,quantum_sparse
19087,19087,114200,114200,9,5.0207004206523935,quantum_sparse
19087,19087,617208,617208,10,5.0207004206523935,quantum_sparse
53616,53616,350048,350048,1,5.0226642608957714,quantum_sparse
53616,53616,509464,509464,2,5.0207004206523935,quantum_sparse
53616,53616,233766,233766,3,5.0207004206523935,quantum_sparse
53616,53616,688136,688136,4,5.0207004206523935,quantum_sparse
53616,53616,67362,67362,5,5.0207004206523935,quantum_sparse
53616,53616,536121,536121,6,5.0207004206523935,quantum_sparse
53616,53616,644984,644984,7,5.0207004206523935,quantum_sparse
53616,53616,651654,651654,8,5.0207004206523935,quantum_sparse
53616,53616,114200,114200,9,5.0207004206523935,quantum_sparse
53616,53616,617208,617208,10,5.0207004206523935,quantum_sparse
30045,30045,531604,531604,1,5.0,classical_active
30045,30045,100546,100546,2,5.0,classical_active
30045,30045,712065,712065,3,5.0,classical_active
30045,30045,437450,437450,4,5.0,classical_active
30045,30045,697041,697041,5,5.0,classical_active
30045,30045,693079,693079,6,5.0,classical_active
30045,30045,418016,418016,7,5.0,classical_active
30045,30045,233930,233930,8,5.0,classical_active
30045,30045,509866,509866,9,5.0,classical_active
30045,30045,511276,511276,10,5.0,classical_active
127869,127869,531604,531604,1,5.0,classical_active
127869,127869,100546,100546,2,5.0,classical_active
127869,127869,712065,712065,3,5.0,classical_active
127869,127869,437450,437450,4,5.0,classical_active
127869,127869,697041,697041,5,5.0,classical_active
127869,127869,693079,693079,6,5.0,classical_active
127869,127869,418016,418016,7,5.0,classical_active
127869,127869,233930,233930,8,5.0,classical_active
127869,127869,509866,509866,9,5.0,classical_active
127869,127869,511276,511276,10,5.0,classical_active
70485,70485,350048,350048,1,5.0226642608957714,quantum_sparse
70485,70485,509464,509464,2,5.0207004206523935,quantum_sparse
70485,70485,233766,233766,3,5.0207004206523935,quantum_sparse
70485,70485,688136,688136,4,5.0207004206523935,quantum_sparse
70485,70485,67362,67362,5,5.0207004206523935,quantum_sparse
70485,70485,536121,536121,6,5.0207004206523935,quantum_sparse
70485,70485,644984,644984,7,5.0207004206523935,quantum_sparse
70485,70485,651654,651654,8,5.0207004206523935,quantum_sparse
70485,70485,114200,114200,9,5.0207004206523935,quantum_sparse
70485,70485,617208,617208,10,5.0207004206523935,quantum_sparse
18088,18088,350048,350048,1,5.0226642608957714,quantum_sparse
18088,18088,509464,509464,2,5.0207004206523935,quantum_sparse
18088,18088,233766,233766,3,5.0207004206523935,quantum_sparse
18088,18088,688136,688136,4,5.0207004206523935,quantum_sparse
18088,18088,67362,67362,5,5.0207004206523935,quantum_sparse
18088,18088,536121,536121,6,5.0207004206523935,quantum_sparse
18088,18088,644984,644984,7,5.0207004206523935,quantum_sparse
18088,18088,651654,651654,8,5.0207004206523935,quantum_sparse
18088,18088,114200,114200,9,5.0207004206523935,quantum_sparse
18088,18088,617208,617208,10,5.0207004206523935,quantum_sparse
63809,63809,350048,350048,1,5.0226642608957714,quantum_sparse
63809,63809,509464,509464,2,5.0207004206523935,quantum_sparse
63809,63809,233766,233766,3,5.0207004206523935,quantum_sparse
63809,63809,688136,688136,4,5.0207004206523935,quantum_sparse
63809,63809,67362,67362,5,5.0207004206523935,quantum_sparse
63809,63809,536121,536121,6,5.0207004206523935,quantum_sparse
63809,63809,644984,644984,7,5.0207004206523935,quantum_sparse
63809,63809,651654,651654,8,5.0207004206523935,quantum_sparse
63809,63809,114200,114200,9,5.0207004206523935,quantum_sparse
63809,63809,617208,617208,10,5.0207004206523935,quantum_sparse
137482,137482,350048,350048,1,5.0226642608957714,quantum_sparse
137482,137482,509464,509464,2,5.0207004206523935,quantum_sparse
137482,137482,233766,233766,3,5.0207004206523935,quantum_sparse
137482,137482,688136,688136,4,5.0207004206523935,quantum_sparse
137482,137482,67362,67362,5,5.0207004206523935,quantum_sparse
137482,137482,536121,536121,6,5.0207004206523935,quantum_sparse
137482,137482,644984,644984,7,5.0207004206523935,quantum_sparse
137482,137482,651654,651654,8,5.0207004206523935,quantum_sparse
137482,137482,114200,114200,9,5.0207004206523935,quantum_sparse
137482,137482,617208,617208,10,5.0207004206523935,quantum_sparse
119832,119832,350048,350048,1,5.0226642608957714,quantum_sparse
119832,119832,509464,509464,2,5.0207004206523935,quantum_sparse
119832,119832,233766,233766,3,5.0207004206523935,quantum_sparse
119832,119832,688136,688136,4,5.0207004206523935,quantum_sparse
119832,119832,67362,67362,5,5.0207004206523935,quantum_sparse
119832,119832,536121,536121,6,5.0207004206523935,quantum_sparse
119832,119832,644984,644984,7,5.0207004206523935,quantum_sparse
119832,119832,651654,651654,8,5.0207004206523935,quantum_sparse
119832,119832,114200,114200,9,5.0207004206523935,quantum_sparse
119832,119832,617208,617208,10,5.0207004206523935,quantum_sparse
138790,138790,350048,350048,1,5.0226642608957714,quantum_sparse
138790,138790,509464,509464,2,5.0207004206523935,quantum_sparse
138790,138790,233766,233766,3,5.0207004206523935,quantum_sparse
138790,138790,688136,688136,4,5.0207004206523935,quantum_sparse
138790,138790,67362,67362,5,5.0207004206523935,quantum_sparse
138790,138790,536121,536121,6,5.0207004206523935,quantum_sparse
138790,138790,644984,644984,7,5.0207004206523935,quantum_sparse
138790,138790,651654,651654,8,5.0207004206523935,quantum_sparse
138790,138790,114200,114200,9,5.0207004206523935,quantum_sparse
138790,138790,617208,617208,10,5.0207004206523935,quantum_sparse
132628,132628,350048,350048,1,5.0226642608957714,quantum_sparse
132628,132628,509464,509464,2,5.0207004206523935,quantum_sparse
132628,132628,233766,233766,3,5.0207004206523935,quantum_sparse
132628,132628,688136,688136,4,5.0207004206523935,quantum_sparse
132628,132628,67362,67362,5,5.0207004206523935,quantum_sparse
132628,132628,536121,536121,6,5.0207004206523935,quantum_sparse
132628,132628,644984,644984,7,5.0207004206523935,quantum_sparse
132628,132628,651654,651654,8,5.0207004206523935,quantum_sparse
132628,132628,114200,114200,9,5.0207004206523935,quantum_sparse
132628,132628,617208,617208,10,5.0207004206523935,quantum_sparse
146247,146247,350048,350048,1,5.0226642608957714,quantum_sparse
146247,146247,509464,509464,2,5.0207004206523935,quantum_sparse
146247,146247,233766,233766,3,5.0207004206523935,quantum_sparse
146247,146247,688136,688136,4,5.0207004206523935,quantum_sparse
146247,146247,67362,67362,5,5.0207004206523935,quantum_sparse
146247,146247,536121,536121,6,5.0207004206523935,quantum_sparse
146247,146247,644984,644984,7,5.0207004206523935,quantum_sparse
146247,146247,651654,651654,8,5.0207004206523935,quantum_sparse
146247,146247,114200,114200,9,5.0207004206523935,quantum_sparse
146247,146247,617208,617208,10,5.0207004206523935,quantum_sparse
56944,56944,531604,531604,1,5.0,classical_active
56944,56944,100546,100546,2,5.0,classical_active
56944,56944,712065,712065,3,5.0,classical_active
56944,56944,437450,437450,4,5.0,classical_active
56944,56944,697041,697041,5,5.0,classical_active
56944,56944,693079,693079,6,5.0,classical_active
56944,56944,418016,418016,7,5.0,classical_active
56944,56944,233930,233930,8,5.0,classical_active
56944,56944,509866,509866,9,5.0,classical_active
56944,56944,511276,511276,10,5.0,classical_active
104193,104193,531604,531604,1,5.0,classical_active
104193,104193,100546,100546,2,5.0,classical_active
104193,104193,712065,712065,3,5.0,classical_active
104193,104193,437450,437450,4,5.0,classical_active
104193,104193,697041,697041,5,5.0,classical_active
104193,104193,693079,693079,6,5.0,classical_active
104193,104193,418016,418016,7,5.0,classical_active
104193,104193,233930,233930,8,5.0,classical_active
104193,104193,509866,509866,9,5.0,classical_active
104193,104193,511276,511276,10,5.0,classical_active
65062,65062,350048,350048,1,5.0226642608957714,quantum_sparse
65062,65062,509464,509464,2,5.0207004206523935,quantum_sparse
65062,65062,233766,233766,3,5.0207004206523935,quantum_sparse
65062,65062,688136,688136,4,5.0207004206523935,quantum_sparse
65062,65062,67362,67362,5,5.0207004206523935,quantum_sparse
65062,65062,536121,536121,6,5.0207004206523935,quantum_sparse
65062,65062,644984,644984,7,5.0207004206523935,quantum_sparse
65062,65062,651654,651654,8,5.0207004206523935,quantum_sparse
65062,65062,114200,114200,9,5.0207004206523935,quantum_sparse
65062,65062,617208,617208,10,5.0207004206523935,quantum_sparse
64415,64415,350048,350048,1,5.0226642608957714,quantum_sparse
64415,64415,509464,509464,2,5.0207004206523935,quantum_sparse
64415,64415,233766,233766,3,5.0207004206523935,quantum_sparse
64415,64415,688136,688136,4,5.0207004206523935,quantum_sparse
64415,64415,67362,67362,5,5.0207004206523935,quantum_sparse
64415,64415,536121,536121,6,5.0207004206523935,quantum_sparse
64415,64415,644984,644984,7,5.0207004206523935,quantum_sparse
64415,64415,651654,651654,8,5.0207004206523935,quantum_sparse
64415,64415,114200,114200,9,5.0207004206523935,quantum_sparse
64415,64415,617208,617208,10,5.0207004206523935,quantum_sparse
111396,111396,531604,531604,1,5.0,classical_active
111396,111396,100546,100546,2,5.0,classical_active
111396,111396,712065,712065,3,5.0,classical_active
111396,111396,437450,437450,4,5.0,classical_active
111396,111396,697041,697041,5,5.0,classical_active
111396,111396,693079,693079,6,5.0,classical_active
111396,111396,418016,418016,7,5.0,classical_active
111396,111396,233930,233930,8,5.0,classical_active
111396,111396,509866,509866,9,5.0,classical_active
111396,111396,511276,511276,10,5.0,classical_active
67758,67758,350048,350048,1,5.0226642608957714,quantum_sparse
67758,67758,509464,509464,2,5.0207004206523935,quantum_sparse
67758,67758,233766,233766,3,5.0207004206523935,quantum_sparse
67758,67758,688136,688136,4,5.0207004206523935,quantum_sparse
67758,67758,67362,67362,5,5.0207004206523935,quantum_sparse
67758,67758,536121,536121,6,5.0207004206523935,quantum_sparse
67758,67758,644984,644984,7,5.0207004206523935,quantum_sparse
67758,67758,651654,651654,8,5.0207004206523935,quantum_sparse
67758,67758,114200,114200,9,5.0207004206523935,quantum_sparse
67758,67758,617208,617208,10,5.0207004206523935,quantum_sparse
50387,50387,531604,531604,1,5.0,classical_active
50387,50387,100546,100546,2,5.0,classical_active
50387,50387,712065,712065,3,5.0,classical_active
50387,50387,437450,437450,4,5.0,classical_active
50387,50387,697041,697041,5,5.0,classical_active
50387,50387,693079,693079,6,5.0,classical_active
50387,50387,418016,418016,7,5.0,classical_active
50387,50387,233930,233930,8,5.0,classical_active
50387,50387,509866,509866,9,5.0,classical_active
50387,50387,511276,511276,10,5.0,classical_active
41436,41436,350048,350048,1,5.0226642608957714,quantum_sparse
41436,41436,509464,509464,2,5.0207004206523935,quantum_sparse
41436,41436,233766,233766,3,5.0207004206523935,quantum_sparse
41436,41436,688136,688136,4,5.0207004206523935,quantum_sparse
41436,41436,67362,67362,5,5.0207004206523935,quantum_sparse
41436,41436,536121,536121,6,5.0207004206523935,quantum_sparse
41436,41436,644984,644984,7,5.0207004206523935,quantum_sparse
41436,41436,651654,651654,8,5.0207004206523935,quantum_sparse
41436,41436,114200,114200,9,5.0207004206523935,quantum_sparse
41436,41436,617208,617208,10,5.0207004206523935,quantum_sparse
164645,164645,350048,350048,1,5.0226642608957714,quantum_sparse
164645,164645,509464,509464,2,5.0207004206523935,quantum_sparse
164645,164645,233766,233766,3,5.0207004206523935,quantum_sparse
164645,164645,688136,688136,4,5.0207004206523935,quantum_sparse
164645,164645,67362,67362,5,5.0207004206523935,quantum_sparse
164645,164645,536121,536121,6,5.0207004206523935,quantum_sparse
164645,164645,644984,644984,7,5.0207004206523935,quantum_sparse
164645,164645,651654,651654,8,5.0207004206523935,quantum_sparse
164645,164645,114200,114200,9,5.0207004206523935,quantum_sparse
164645,164645,617208,617208,10,5.0207004206523935,quantum_sparse
155675,155675,350048,350048,1,5.0226642608957714,quantum_sparse
155675,155675,509464,509464,2,5.0207004206523935,quantum_sparse
155675,155675,233766,233766,3,5.0207004206523935,quantum_sparse
155675,155675,688136,688136,4,5.0207004206523935,quantum_sparse
155675,155675,67362,67362,5,5.0207004206523935,quantum_sparse
155675,155675,536121,536121,6,5.0207004206523935,quantum_sparse
155675,155675,644984,644984,7,5.0207004206523935,quantum_sparse
155675,155675,651654,651654,8,5.0207004206523935,quantum_sparse
155675,155675,114200,114200,9,5.0207004206523935,quantum_sparse
155675,155675,617208,617208,10,5.0207004206523935,quantum_sparse
25327,25327,531604,531604,1,5.0,classical_active
25327,25327,100546,100546,2,5.0,classical_active
25327,25327,712065,712065,3,5.0,classical_active
25327,25327,437450,437450,4,5.0,classical_active
25327,25327,697041,697041,5,5.0,classical_active
25327,25327,693079,693079,6,5.0,classical_active
25327,25327,418016,418016,7,5.0,classical_active
25327,25327,233930,233930,8,5.0,classical_active
25327,25327,509866,509866,9,5.0,classical_active
25327,25327,511276,511276,10,5.0,classical_active
5023,5023,350048,350048,1,5.0226642608957714,quantum_sparse
5023,5023,509464,509464,2,5.0207004206523935,quantum_sparse
5023,5023,233766,233766,3,5.0207004206523935,quantum_sparse
5023,5023,688136,688136,4,5.0207004206523935,quantum_sparse
5023,5023,67362,67362,5,5.0207004206523935,quantum_sparse
5023,5023,536121,536121,6,5.0207004206523935,quantum_sparse
5023,5023,644984,644984,7,5.0207004206523935,quantum_sparse
5023,5023,651654,651654,8,5.0207004206523935,quantum_sparse
5023,5023,114200,114200,9,5.0207004206523935,quantum_sparse
5023,5023,617208,617208,10,5.0207004206523935,quantum_sparse
118879,118879,350048,350048,1,5.0226642608957714,quantum_sparse
118879,118879,509464,509464,2,5.0207004206523935,quantum_sparse
118879,118879,233766,233766,3,5.0207004206523935,quantum_sparse
118879,118879,688136,688136,4,5.0207004206523935,quantum_sparse
118879,118879,67362,67362,5,5.0207004206523935,quantum_sparse
118879,118879,536121,536121,6,5.0207004206523935,quantum_sparse
118879,118879,644984,644984,7,5.0207004206523935,quantum_sparse
118879,118879,651654,651654,8,5.0207004206523935,quantum_sparse
118879,118879,114200,114200,9,5.0207004206523935,quantum_sparse
118879,118879,617208,617208,10,5.0207004206523935,quantum_sparse
148785,148785,350048,350048,1,5.0226642608957714,quantum_sparse
148785,148785,509464,509464,2,5.0207004206523935,quantum_sparse
148785,148785,233766,233766,3,5.0207004206523935,quantum_sparse
148785,148785,688136,688136,4,5.0207004206523935,quantum_sparse
148785,148785,67362,67362,5,5.0207004206523935,quantum_sparse
148785,148785,536121,536121,6,5.0207004206523935,quantum_sparse
148785,148785,644984,644984,7,5.0207004206523935,quantum_sparse
148785,148785,651654,651654,8,5.0207004206523935,quantum_sparse
148785,148785,114200,114200,9,5.0207004206523935,quantum_sparse
148785,148785,617208,617208,10,5.0207004206523935,quantum_sparse
128158,128158,350048,350048,1,5.0226642608957714,quantum_sparse
128158,128158,509464,509464,2,5.0207004206523935,quantum_sparse
128158,128158,233766,233766,3,5.0207004206523935,quantum_sparse
128158,128158,688136,688136,4,5.0207004206523935,quantum_sparse
128158,128158,67362,67362,5,5.0207004206523935,quantum_sparse
128158,128158,536121,536121,6,5.0207004206523935,quantum_sparse
128158,128158,644984,644984,7,5.0207004206523935,quantum_sparse
128158,128158,651654,651654,8,5.0207004206523935,quantum_sparse
128158,128158,114200,114200,9,5.0207004206523935,quantum_sparse
128158,128158,617208,617208,10,5.0207004206523935,quantum_sparse
31627,31627,350048,350048,1,5.0226642608957714,quantum_sparse
31627,31627,509464,509464,2,5.0207004206523935,quantum_sparse
31627,31627,233766,233766,3,5.0207004206523935,quantum_sparse
31627,31627,688136,688136,4,5.0207004206523935,quantum_sparse
31627,31627,67362,67362,5,5.0207004206523935,quantum_sparse
31627,31627,536121,536121,6,5.0207004206523935,quantum_sparse
31627,31627,644984,644984,7,5.0207004206523935,quantum_sparse
31627,31627,651654,651654,8,5.0207004206523935,quantum_sparse
31627,31627,114200,114200,9,5.0207004206523935,quantum_sparse
31627,31627,617208,617208,10,5.0207004206523935,quantum_sparse
142174,142174,350048,350048,1,5.0226642608957714,quantum_sparse
142174,142174,509464,509464,2,5.0207004206523935,quantum_sparse
142174,142174,233766,233766,3,5.0207004206523935,quantum_sparse
142174,142174,688136,688136,4,5.0207004206523935,quantum_sparse
142174,142174,67362,67362,5,5.0207004206523935,quantum_sparse
142174,142174,536121,536121,6,5.0207004206523935,quantum_sparse
142174,142174,644984,644984,7,5.0207004206523935,quantum_sparse
142174,142174,651654,651654,8,5.0207004206523935,quantum_sparse
142174,142174,114200,114200,9,5.0207004206523935,quantum_sparse
142174,142174,617208,617208,10,5.0207004206523935,quantum_sparse
87418,87418,350048,350048,1,5.0226642608957714,quantum_sparse
87418,87418,509464,509464,2,5.0207004206523935,quantum_sparse
87418,87418,233766,233766,3,5.0207004206523935,quantum_sparse
87418,87418,688136,688136,4,5.0207004206523935,quantum_sparse
87418,87418,67362,67362,5,5.0207004206523935,quantum_sparse
87418,87418,536121,536121,6,5.0207004206523935,quantum_sparse
87418,87418,644984,644984,7,5.0207004206523935,quantum_sparse
87418,87418,651654,651654,8,5.0207004206523935,quantum_sparse
87418,87418,114200,114200,9,5.0207004206523935,quantum_sparse
87418,87418,617208,617208,10,5.0207004206523935,quantum_sparse
171840,171840,350048,350048,1,5.0226642608957714,quantum_sparse
171840,171840,509464,509464,2,5.0207004206523935,quantum_sparse
171840,171840,233766,233766,3,5.0207004206523935,quantum_sparse
171840,171840,688136,688136,4,5.0207004206523935,quantum_sparse
171840,171840,67362,67362,5,5.0207004206523935,quantum_sparse
171840,171840,536121,536121,6,5.0207004206523935,quantum_sparse
171840,171840,644984,644984,7,5.0207004206523935,quantum_sparse
171840,171840,651654,651654,8,5.0207004206523935,quantum_sparse
171840,171840,114200,114200,9,5.0207004206523935,quantum_sparse
171840,171840,617208,617208,10,5.0207004206523935,quantum_sparse
33549,33549,350048,350048,1,5.0226642608957714,quantum_sparse
33549,33549,509464,509464,2,5.0207004206523935,quantum_sparse
33549,33549,233766,233766,3,5.0207004206523935,quantum_sparse
33549,33549,688136,688136,4,5.0207004206523935,quantum_sparse
33549,33549,67362,67362,5,5.0207004206523935,quantum_sparse
33549,33549,536121,536121,6,5.0207004206523935,quantum_sparse
33549,33549,644984,644984,7,5.0207004206523935,quantum_sparse
33549,33549,651654,651654,8,5.0207004206523935,quantum_sparse
33549,33549,114200,114200,9,5.0207004206523935,quantum_sparse
33549,33549,617208,617208,10,5.0207004206523935,quantum_sparse
16913,16913,350048,350048,1,5.0226642608957714,quantum_sparse
16913,16913,509464,509464,2,5.0207004206523935,quantum_sparse
16913,16913,233766,233766,3,5.0207004206523935,quantum_sparse
16913,16913,688136,688136,4,5.0207004206523935,quantum_sparse
16913,16913,67362,67362,5,5.0207004206523935,quantum_sparse
16913,16913,536121,536121,6,5.0207004206523935,quantum_sparse
16913,16913,644984,644984,7,5.0207004206523935,quantum_sparse
16913,16913,651654,651654,8,5.0207004206523935,quantum_sparse
16913,16913,114200,114200,9,5.0207004206523935,quantum_sparse
16913,16913,617208,617208,10,5.0207004206523935,quantum_sparse
155699,155699,350048,350048,1,5.0226642608957714,quantum_sparse
155699,155699,509464,509464,2,5.0207004206523935,quantum_sparse
155699,155699,233766,233766,3,5.0207004206523935,quantum_sparse
155699,155699,688136,688136,4,5.0207004206523935,quantum_sparse
155699,155699,67362,67362,5,5.0207004206523935,quantum_sparse
155699,155699,536121,536121,6,5.0207004206523935,quantum_sparse
155699,155699,644984,644984,7,5.0207004206523935,quantum_sparse
155699,155699,651654,651654,8,5.0207004206523935,quantum_sparse
155699,155699,114200,114200,9,5.0207004206523935,quantum_sparse
155699,155699,617208,617208,10,5.0207004206523935,quantum_sparse
115956,115956,531604,531604,1,5.0,classical_active
115956,115956,100546,100546,2,5.0,classical_active
115956,115956,712065,712065,3,5.0,classical_active
115956,115956,437450,437450,4,5.0,classical_active
115956,115956,697041,697041,5,5.0,classical_active
115956,115956,693079,693079,6,5.0,classical_active
115956,115956,418016,418016,7,5.0,classical_active
115956,115956,233930,233930,8,5.0,classical_active
115956,115956,509866,509866,9,5.0,classical_active
115956,115956,511276,511276,10,5.0,classical_active
54922,54922,350048,350048,1,5.0226642608957714,quantum_sparse
54922,54922,509464,509464,2,5.0207004206523935,quantum_sparse
54922,54922,233766,233766,3,5.0207004206523935,quantum_sparse
54922,54922,688136,688136,4,5.0207004206523935,quantum_sparse
54922,54922,67362,67362,5,5.0207004206523935,quantum_sparse
54922,54922,536121,536121,6,5.0207004206523935,quantum_sparse
54922,54922,644984,644984,7,5.0207004206523935,quantum_sparse
54922,54922,651654,651654,8,5.0207004206523935,quantum_sparse
54922,54922,114200,114200,9,5.0207004206523935,quantum_sparse
54922,54922,617208,617208,10,5.0207004206523935,quantum_sparse
118186,118186,350048,350048,1,5.0226642608957714,quantum_sparse
118186,118186,509464,509464,2,5.0207004206523935,quantum_sparse
118186,118186,233766,233766,3,5.0207004206523935,quantum_sparse
118186,118186,688136,688136,4,5.0207004206523935,quantum_sparse
118186,118186,67362,67362,5,5.0207004206523935,quantum_sparse
118186,118186,536121,536121,6,5.0207004206523935,quantum_sparse
118186,118186,644984,644984,7,5.0207004206523935,quantum_sparse
118186,118186,651654,651654,8,5.0207004206523935,quantum_sparse
118186,118186,114200,114200,9,5.0207004206523935,quantum_sparse
118186,118186,617208,617208,10,5.0207004206523935,quantum_sparse
122212,122212,531604,531604,1,5.0,classical_active
122212,122212,100546,100546,2,5.0,classical_active
122212,122212,712065,712065,3,5.0,classical_active
122212,122212,437450,437450,4,5.0,classical_active
122212,122212,697041,697041,5,5.0,classical_active
122212,122212,693079,693079,6,5.0,classical_active
122212,122212,418016,418016,7,5.0,classical_active
122212,122212,233930,233930,8,5.0,classical_active
122212,122212,509866,509866,9,5.0,classical_active
122212,122212,511276,511276,10,5.0,classical_active
179488,179488,350048,350048,1,5.0226642608957714,quantum_sparse
179488,179488,509464,509464,2,5.0207004206523935,quantum_sparse
179488,179488,233766,233766,3,5.0207004206523935,quantum_sparse
179488,179488,688136,688136,4,5.0207004206523935,quantum_sparse
179488,179488,67362,67362,5,5.0207004206523935,quantum_sparse
179488,179488,536121,536121,6,5.0207004206523935,quantum_sparse
179488,179488,644984,644984,7,5.0207004206523935,quantum_sparse
179488,179488,651654,651654,8,5.0207004206523935,quantum_sparse
179488,179488,114200,114200,9,5.0207004206523935,quantum_sparse
179488,179488,617208,617208,10,5.0207004206523935,quantum_sparse
99000,99000,350048,350048,1,5.0226642608957714,quantum_sparse
99000,99000,509464,509464,2,5.0207004206523935,quantum_sparse
99000,99000,233766,233766,3,5.0207004206523935,quantum_sparse
99000,99000,688136,688136,4,5.0207004206523935,quantum_sparse
99000,99000,67362,67362,5,5.0207004206523935,quantum_sparse
99000,99000,536121,536121,6,5.0207004206523935,quantum_sparse
99000,99000,644984,644984,7,5.0207004206523935,quantum_sparse
99000,99000,651654,651654,8,5.0207004206523935,quantum_sparse
99000,99000,114200,114200,9,5.0207004206523935,quantum_sparse
99000,99000,617208,617208,10,5.0207004206523935,quantum_sparse
96770,96770,531604,531604,1,5.0,classical_active
96770,96770,100546,100546,2,5.0,classical_active
96770,96770,712065,712065,3,5.0,classical_active
96770,96770,437450,437450,4,5.0,classical_active
96770,96770,697041,697041,5,5.0,classical_active
96770,96770,693079,693079,6,5.0,classical_active
96770,96770,418016,418016,7,5.0,classical_active
96770,96770,233930,233930,8,5.0,classical_active
96770,96770,509866,509866,9,5.0,classical_active
96770,96770,511276,511276,10,5.0,classical_active
178481,178481,350048,350048,1,5.0226642608957714,quantum_sparse
178481,178481,509464,509464,2,5.0207004206523935,quantum_sparse
178481,178481,233766,233766,3,5.0207004206523935,quantum_sparse
178481,178481,688136,688136,4,5.0207004206523935,quantum_sparse
178481,178481,67362,67362,5,5.0207004206523935,quantum_sparse
178481,178481,536121,536121,6,5.0207004206523935,quantum_sparse
178481,178481,644984,644984,7,5.0207004206523935,quantum_sparse
178481,178481,651654,651654,8,5.0207004206523935,quantum_sparse
178481,178481,114200,114200,9,5.0207004206523935,quantum_sparse
178481,178481,617208,617208,10,5.0207004206523935,quantum_sparse
118194,118194,531604,531604,1,5.0,classical_active
118194,118194,100546,100546,2,5.0,classical_active
118194,118194,712065,712065,3,5.0,classical_active
118194,118194,437450,437450,4,5.0,classical_active
118194,118194,697041,697041,5,5.0,classical_active
118194,118194,693079,693079,6,5.0,classical_active
118194,118194,418016,418016,7,5.0,classical_active
118194,118194,233930,233930,8,5.0,classical_active
118194,118194,509866,509866,9,5.0,classical_active
118194,118194,511276,511276,10,5.0,classical_active
87332,87332,531604,531604,1,5.0,classical_active
87332,87332,100546,100546,2,5.0,classical_active
87332,87332,712065,712065,3,5.0,classical_active
87332,87332,437450,437450,4,5.0,classical_active
87332,87332,697041,697041,5,5.0,classical_active
87332,87332,693079,693079,6,5.0,classical_active
87332,87332,418016,418016,7,5.0,classical_active
87332,87332,233930,233930,8,5.0,classical_active
87332,87332,509866,509866,9,5.0,classical_active
87332,87332,511276,511276,10,5.0,classical_active
57550,57550,350048,350048,1,5.0226642608957714,quantum_sparse
57550,57550,509464,509464,2,5.0207004206523935,quantum_sparse
57550,57550,233766,233766,3,5.0207004206523935,quantum_sparse
57550,57550,688136,688136,4,5.0207004206523935,quantum_sparse
57550,57550,67362,67362,5,5.0207004206523935,quantum_sparse
57550,57550,536121,536121,6,5.0207004206523935,quantum_sparse
57550,57550,644984,644984,7,5.0207004206523935,quantum_sparse
57550,57550,651654,651654,8,5.0207004206523935,quantum_sparse
57550,57550,114200,114200,9,5.0207004206523935,quantum_sparse
57550,57550,617208,617208,10,5.0207004206523935,quantum_sparse
156036,156036,531604,531604,1,5.0,classical_active
156036,156036,100546,100546,2,5.0,classical_active
156036,156036,712065,712065,3,5.0,classical_active
156036,156036,437450,437450,4,5.0,classical_active
156036,156036,697041,697041,5,5.0,classical_active
156036,156036,693079,693079,6,5.0,classical_active
156036,156036,418016,418016,7,5.0,classical_active
156036,156036,233930,233930,8,5.0,classical_active
156036,156036,509866,509866,9,5.0,classical_active
156036,156036,511276,511276,10,5.0,classical_active
18884,18884,531604,531604,1,5.0,classical_active
18884,18884,100546,100546,2,5.0,classical_active
18884,18884,712065,712065,3,5.0,classical_active
18884,18884,437450,437450,4,5.0,classical_active
18884,18884,697041,697041,5,5.0,classical_active
18884,18884,693079,693079,6,5.0,classical_active
18884,18884,418016,418016,7,5.0,classical_active
18884,18884,233930,233930,8,5.0,classical_active
18884,18884,509866,509866,9,5.0,classical_active
18884,18884,511276,511276,10,5.0,classical_active
92233,92233,350048,350048,1,5.0226642608957714,quantum_sparse
92233,92233,509464,509464,2,5.0207004206523935,quantum_sparse
92233,92233,233766,233766,3,5.0207004206523935,quantum_sparse
92233,92233,688136,688136,4,5.0207004206523935,quantum_sparse
92233,92233,67362,67362,5,5.0207004206523935,quantum_sparse
92233,92233,536121,536121,6,5.0207004206523935,quantum_sparse
92233,92233,644984,644984,7,5.0207004206523935,quantum_sparse
92233,92233,651654,651654,8,5.0207004206523935,quantum_sparse
92233,92233,114200,114200,9,5.0207004206523935,quantum_sparse
92233,92233,617208,617208,10,5.0207004206523935,quantum_sparse
83610,83610,350048,350048,1,5.0226642608957714,quantum_sparse
83610,83610,509464,509464,2,5.0207004206523935,quantum_sparse
83610,83610,233766,233766,3,5.0207004206523935,quantum_sparse
83610,83610,688136,688136,4,5.0207004206523935,quantum_sparse
83610,83610,67362,67362,5,5.0207004206523935,quantum_sparse
83610,83610,536121,536121,6,5.0207004206523935,quantum_sparse
83610,83610,644984,644984,7,5.0207004206523935,quantum_sparse
83610,83610,651654,651654,8,5.0207004206523935,quantum_sparse
83610,83610,114200,114200,9,5.0207004206523935,quantum_sparse
83610,83610,617208,617208,10,5.0207004206523935,quantum_sparse
147346,147346,350048,350048,1,5.0226642608957714,quantum_sparse
147346,147346,509464,509464,2,5.0207004206523935,quantum_sparse
147346,147346,233766,233766,3,5.0207004206523935,quantum_sparse
147346,147346,688136,688136,4,5.0207004206523935,quantum_sparse
147346,147346,67362,67362,5,5.0207004206523935,quantum_sparse
147346,147346,536121,536121,6,5.0207004206523935,quantum_sparse
147346,147346,644984,644984,7,5.0207004206523935,quantum_sparse
147346,147346,651654,651654,8,5.0207004206523935,quantum_sparse
147346,147346,114200,114200,9,5.0207004206523935,quantum_sparse
147346,147346,617208,617208,10,5.0207004206523935,quantum_sparse
141843,141843,531604,531604,1,5.0,classical_active
141843,141843,100546,100546,2,5.0,classical_active
141843,141843,712065,712065,3,5.0,classical_active
141843,141843,437450,437450,4,5.0,classical_active
141843,141843,697041,697041,5,5.0,classical_active
141843,141843,693079,693079,6,5.0,classical_active
141843,141843,418016,418016,7,5.0,classical_active
141843,141843,233930,233930,8,5.0,classical_active
141843,141843,509866,509866,9,5.0,classical_active
141843,141843,511276,511276,10,5.0,classical_active
82027,82027,350048,350048,1,5.0226642608957714,quantum_sparse
82027,82027,509464,509464,2,5.0207004206523935,quantum_sparse
82027,82027,233766,233766,3,5.0207004206523935,quantum_sparse
82027,82027,688136,688136,4,5.0207004206523935,quantum_sparse
82027,82027,67362,67362,5,5.0207004206523935,quantum_sparse
82027,82027,536121,536121,6,5.0207004206523935,quantum_sparse
82027,82027,644984,644984,7,5.0207004206523935,quantum_sparse
82027,82027,651654,651654,8,5.0207004206523935,quantum_sparse
82027,82027,114200,114200,9,5.0207004206523935,quantum_sparse
82027,82027,617208,617208,10,5.0207004206523935,quantum_sparse
61126,61126,531604,531604,1,5.0,classical_active
61126,61126,100546,100546,2,5.0,classical_active
61126,61126,712065,712065,3,5.0,classical_active
61126,61126,437450,437450,4,5.0,classical_active
61126,61126,697041,697041,5,5.0,classical_active
61126,61126,693079,693079,6,5.0,classical_active
61126,61126,418016,418016,7,5.0,classical_active
61126,61126,233930,233930,8,5.0,classical_active
61126,61126,509866,509866,9,5.0,classical_active
61126,61126,511276,511276,10,5.0,classical_active
117792,117792,531604,531604,1,5.0,classical_active
117792,117792,100546,100546,2,5.0,classical_active
117792,117792,712065,712065,3,5.0,classical_active
117792,117792,437450,437450,4,5.0,classical_active
117792,117792,697041,697041,5,5.0,classical_active
117792,117792,693079,693079,6,5.0,classical_active
117792,117792,418016,418016,7,5.0,classical_active
117792,117792,233930,233930,8,5.0,classical_active
117792,117792,509866,509866,9,5.0,classical_active
117792,117792,511276,511276,10,5.0,classical_active
131762,131762,350048,350048,1,5.0226642608957714,quantum_sparse
131762,131762,509464,509464,2,5.0207004206523935,quantum_sparse
131762,131762,233766,233766,3,5.0207004206523935,quantum_sparse
131762,131762,688136,688136,4,5.0207004206523935,quantum_sparse
131762,131762,67362,67362,5,5.0207004206523935,quantum_sparse
131762,131762,536121,536121,6,5.0207004206523935,quantum_sparse
131762,131762,644984,644984,7,5.0207004206523935,quantum_sparse
131762,131762,651654,651654,8,5.0207004206523935,quantum_sparse
131762,131762,114200,114200,9,5.0207004206523935,quantum_sparse
131762,131762,617208,617208,10,5.0207004206523935,quantum_sparse
116577,116577,531604,531604,1,5.0,classical_active
116577,116577,100546,100546,2,5.0,classical_active
116577,116577,712065,712065,3,5.0,classical_active
116577,116577,437450,437450,4,5.0,classical_active
116577,116577,697041,697041,5,5.0,classical_active
116577,116577,693079,693079,6,5.0,classical_active
116577,116577,418016,418016,7,5.0,classical_active
116577,116577,233930,233930,8,5.0,classical_active
116577,116577,509866,509866,9,5.0,classical_active
116577,116577,511276,511276,10,5.0,classical_active
80395,80395,350048,350048,1,5.0226642608957714,quantum_sparse
80395,80395,509464,509464,2,5.0207004206523935,quantum_sparse
80395,80395,233766,233766,3,5.0207004206523935,quantum_sparse
80395,80395,688136,688136,4,5.0207004206523935,quantum_sparse
80395,80395,67362,67362,5,5.0207004206523935,quantum_sparse
80395,80395,536121,536121,6,5.0207004206523935,quantum_sparse
80395,80395,644984,644984,7,5.0207004206523935,quantum_sparse
80395,80395,651654,651654,8,5.0207004206523935,quantum_sparse
80395,80395,114200,114200,9,5.0207004206523935,quantum_sparse
80395,80395,617208,617208,10,5.0207004206523935,quantum_sparse
151015,151015,350048,350048,1,5.0226642608957714,quantum_sparse
151015,151015,509464,509464,2,5.0207004206523935,quantum_sparse
151015,151015,233766,233766,3,5.0207004206523935,quantum_sparse
151015,151015,688136,688136,4,5.0207004206523935,quantum_sparse
151015,151015,67362,67362,5,5.0207004206523935,quantum_sparse
151015,151015,536121,536121,6,5.0207004206523935,quantum_sparse
151015,151015,644984,644984,7,5.0207004206523935,quantum_sparse
151015,151015,651654,651654,8,5.0207004206523935,quantum_sparse
151015,151015,114200,114200,9,5.0207004206523935,quantum_sparse
151015,151015,617208,617208,10,5.0207004206523935,quantum_sparse
26737,26737,350048,350048,1,5.0226642608957714,quantum_sparse
26737,26737,509464,509464,2,5.0207004206523935,quantum_sparse
26737,26737,233766,233766,3,5.0207004206523935,quantum_sparse
26737,26737,688136,688136,4,5.0207004206523935,quantum_sparse
26737,26737,67362,67362,5,5.0207004206523935,quantum_sparse
26737,26737,536121,536121,6,5.0207004206523935,quantum_sparse
26737,26737,644984,644984,7,5.0207004206523935,quantum_sparse
26737,26737,651654,651654,8,5.0207004206523935,quantum_sparse
26737,26737,114200,114200,9,5.0207004206523935,quantum_sparse
26737,26737,617208,617208,10,5.0207004206523935,quantum_sparse
42582,42582,350048,350048,1,5.0226642608957714,quantum_sparse
42582,42582,509464,509464,2,5.0207004206523935,quantum_sparse
42582,42582,233766,233766,3,5.0207004206523935,quantum_sparse
42582,42582,688136,688136,4,5.0207004206523935,quantum_sparse
42582,42582,67362,67362,5,5.0207004206523935,quantum_sparse
42582,42582,536121,536121,6,5.0207004206523935,quantum_sparse
42582,42582,644984,644984,7,5.0207004206523935,quantum_sparse
42582,42582,651654,651654,8,5.0207004206523935,quantum_sparse
42582,42582,114200,114200,9,5.0207004206523935,quantum_sparse
42582,42582,617208,617208,10,5.0207004206523935,quantum_sparse
155595,155595,531604,531604,1,5.0,classical_active
155595,155595,100546,100546,2,5.0,classical_active
155595,155595,712065,712065,3,5.0,classical_active
155595,155595,437450,437450,4,5.0,classical_active
155595,155595,697041,697041,5,5.0,classical_active
155595,155595,693079,693079,6,5.0,classical_active
155595,155595,418016,418016,7,5.0,classical_active
155595,155595,233930,233930,8,5.0,classical_active
155595,155595,509866,509866,9,5.0,classical_active
155595,155595,511276,511276,10,5.0,classical_active
49472,49472,531604,531604,1,5.0,classical_active
49472,49472,100546,100546,2,5.0,classical_active
49472,49472,712065,712065,3,5.0,classical_active
49472,49472,437450,437450,4,5.0,classical_active
49472,49472,697041,697041,5,5.0,classical_active
49472,49472,693079,693079,6,5.0,classical_active
49472,49472,418016,418016,7,5.0,classical_active
49472,49472,233930,233930,8,5.0,classical_active
49472,49472,509866,509866,9,5.0,classical_active
49472,49472,511276,511276,10,5.0,classical_active
92897,92897,350048,350048,1,5.0226642608957714,quantum_sparse
92897,92897,509464,509464,2,5.0207004206523935,quantum_sparse
92897,92897,233766,233766,3,5.0207004206523935,quantum_sparse
92897,92897,688136,688136,4,5.0207004206523935,quantum_sparse
92897,92897,67362,67362,5,5.0207004206523935,quantum_sparse
92897,92897,536121,536121,6,5.0207004206523935,quantum_sparse
92897,92897,644984,644984,7,5.0207004206523935,quantum_sparse
92897,92897,651654,651654,8,5.0207004206523935,quantum_sparse
92897,92897,114200,114200,9,5.0207004206523935,quantum_sparse
92897,92897,617208,617208,10,5.0207004206523935,quantum_sparse
72178,72178,531604,531604,1,5.0,classical_active
72178,72178,100546,100546,2,5.0,classical_active
72178,72178,712065,712065,3,5.0,classical_active
72178,72178,437450,437450,4,5.0,classical_active
72178,72178,697041,697041,5,5.0,classical_active
72178,72178,693079,693079,6,5.0,classical_active
72178,72178,418016,418016,7,5.0,classical_active
72178,72178,233930,233930,8,5.0,classical_active
72178,72178,509866,509866,9,5.0,classical_active
72178,72178,511276,511276,10,5.0,classical_active
177865,177865,350048,350048,1,5.0226642608957714,quantum_sparse
177865,177865,509464,509464,2,5.0207004206523935,quantum_sparse
177865,177865,233766,233766,3,5.0207004206523935,quantum_sparse
177865,177865,688136,688136,4,5.0207004206523935,quantum_sparse
177865,177865,67362,67362,5,5.0207004206523935,quantum_sparse
177865,177865,536121,536121,6,5.0207004206523935,quantum_sparse
177865,177865,644984,644984,7,5.0207004206523935,quantum_sparse
177865,177865,651654,651654,8,5.0207004206523935,quantum_sparse
177865,177865,114200,114200,9,5.0207004206523935,quantum_sparse
177865,177865,617208,617208,10,5.0207004206523935,quantum_sparse
104776,104776,350048,350048,1,5.0226642608957714,quantum_sparse
104776,104776,509464,509464,2,5.0207004206523935,quantum_sparse
104776,104776,233766,233766,3,5.0207004206523935,quantum_sparse
104776,104776,688136,688136,4,5.0207004206523935,quantum_sparse
104776,104776,67362,67362,5,5.0207004206523935,quantum_sparse
104776,104776,536121,536121,6,5.0207004206523935,quantum_sparse
104776,104776,644984,644984,7,5.0207004206523935,quantum_sparse
104776,104776,651654,651654,8,5.0207004206523935,quantum_sparse
104776,104776,114200,114200,9,5.0207004206523935,quantum_sparse
104776,104776,617208,617208,10,5.0207004206523935,quantum_sparse
58362,58362,350048,350048,1,5.0226642608957714,quantum_sparse
58362,58362,509464,509464,2,5.0207004206523935,quantum_sparse
58362,58362,233766,233766,3,5.0207004206523935,quantum_sparse
58362,58362,688136,688136,4,5.0207004206523935,quantum_sparse
58362,58362,67362,67362,5,5.0207004206523935,quantum_sparse
58362,58362,536121,536121,6,5.0207004206523935,quantum_sparse
58362,58362,644984,644984,7,5.0207004206523935,quantum_sparse
58362,58362,651654,651654,8,5.0207004206523935,quantum_sparse
58362,58362,114200,114200,9,5.0207004206523935,quantum_sparse
58362,58362,617208,617208,10,5.0207004206523935,quantum_sparse
21432,21432,350048,350048,1,5.0226642608957714,quantum_sparse
21432,21432,509464,509464,2,5.0207004206523935,quantum_sparse
21432,21432,233766,233766,3,5.0207004206523935,quantum_sparse
21432,21432,688136,688136,4,5.0207004206523935,quantum_sparse
21432,21432,67362,67362,5,5.0207004206523935,quantum_sparse
21432,21432,536121,536121,6,5.0207004206523935,quantum_sparse
21432,21432,644984,644984,7,5.0207004206523935,quantum_sparse
21432,21432,651654,651654,8,5.0207004206523935,quantum_sparse
21432,21432,114200,114200,9,5.0207004206523935,quantum_sparse
21432,21432,617208,617208,10,5.0207004206523935,quantum_sparse
79163,79163,350048,350048,1,5.0226642608957714,quantum_sparse
79163,79163,509464,509464,2,5.0207004206523935,quantum_sparse
79163,79163,233766,233766,3,5.0207004206523935,quantum_sparse
79163,79163,688136,688136,4,5.0207004206523935,quantum_sparse
79163,79163,67362,67362,5,5.0207004206523935,quantum_sparse
79163,79163,536121,536121,6,5.0207004206523935,quantum_sparse
79163,79163,644984,644984,7,5.0207004206523935,quantum_sparse
79163,79163,651654,651654,8,5.0207004206523935,quantum_sparse
79163,79163,114200,114200,9,5.0207004206523935,quantum_sparse
79163,79163,617208,617208,10,5.0207004206523935,quantum_sparse
150930,150930,531604,531604,1,5.0,classical_active
150930,150930,100546,100546,2,5.0,classical_active
150930,150930,712065,712065,3,5.0,classical_active
150930,150930,437450,437450,4,5.0,classical_active
150930,150930,697041,697041,5,5.0,classical_active
150930,150930,693079,693079,6,5.0,classical_active
150930,150930,418016,418016,7,5.0,classical_active
150930,150930,233930,233930,8,5.0,classical_active
150930,150930,509866,509866,9,5.0,classical_active
150930,150930,511276,511276,10,5.0,classical_active
48911,48911,350048,350048,1,5.0226642608957714,quantum_sparse
48911,48911,509464,509464,2,5.0207004206523935,quantum_sparse
48911,48911,233766,233766,3,5.0207004206523935,quantum_sparse
48911,48911,688136,688136,4,5.0207004206523935,quantum_sparse
48911,48911,67362,67362,5,5.0207004206523935,quantum_sparse
48911,48911,536121,536121,6,5.0207004206523935,quantum_sparse
48911,48911,644984,644984,7,5.0207004206523935,quantum_sparse
48911,48911,651654,651654,8,5.0207004206523935,quantum_sparse
48911,48911,114200,114200,9,5.0207004206523935,quantum_sparse
48911,48911,617208,617208,10,5.0207004206523935,quantum_sparse
183811,183811,350048,350048,1,5.0226642608957714,quantum_sparse
183811,183811,509464,509464,2,5.0207004206523935,quantum_sparse
183811,183811,233766,233766,3,5.0207004206523935,quantum_sparse
183811,183811,688136,688136,4,5.0207004206523935,quantum_sparse
183811,183811,67362,67362,5,5.0207004206523935,quantum_sparse
183811,183811,536121,536121,6,5.0207004206523935,quantum_sparse
183811,183811,644984,644984,7,5.0207004206523935,quantum_sparse
183811,183811,651654,651654,8,5.0207004206523935,quantum_sparse
183811,183811,114200,114200,9,5.0207004206523935,quantum_sparse
183811,183811,617208,617208,10,5.0207004206523935,quantum_sparse
47868,47868,350048,350048,1,5.0226642608957714,quantum_sparse
47868,47868,509464,509464,2,5.0207004206523935,quantum_sparse
47868,47868,233766,233766,3,5.0207004206523935,quantum_sparse
47868,47868,688136,688136,4,5.0207004206523935,quantum_sparse
47868,47868,67362,67362,5,5.0207004206523935,quantum_sparse
47868,47868,536121,536121,6,5.0207004206523935,quantum_sparse
47868,47868,644984,644984,7,5.0207004206523935,quantum_sparse
47868,47868,651654,651654,8,5.0207004206523935,quantum_sparse
47868,47868,114200,114200,9,5.0207004206523935,quantum_sparse
47868,47868,617208,617208,10,5.0207004206523935,quantum_sparse
178797,178797,350048,350048,1,5.0226642608957714,quantum_sparse
178797,178797,509464,509464,2,5.0207004206523935,quantum_sparse
178797,178797,233766,233766,3,5.0207004206523935,quantum_sparse
178797,178797,688136,688136,4,5.0207004206523935,quantum_sparse
178797,178797,67362,67362,5,5.0207004206523935,quantum_sparse
178797,178797,536121,536121,6,5.0207004206523935,quantum_sparse
178797,178797,644984,644984,7,5.0207004206523935,quantum_sparse
178797,178797,651654,651654,8,5.0207004206523935,quantum_sparse
178797,178797,114200,114200,9,5.0207004206523935,quantum_sparse
178797,178797,617208,617208,10,5.0207004206523935,quantum_sparse
66803,66803,350048,350048,1,5.0226642608957714,quantum_sparse
66803,66803,509464,509464,2,5.0207004206523935,quantum_sparse
66803,66803,233766,233766,3,5.0207004206523935,quantum_sparse
66803,66803,688136,688136,4,5.0207004206523935,quantum_sparse
66803,66803,67362,67362,5,5.0207004206523935,quantum_sparse
66803,66803,536121,536121,6,5.0207004206523935,quantum_sparse
66803,66803,644984,644984,7,5.0207004206523935,quantum_sparse
66803,66803,651654,651654,8,5.0207004206523935,quantum_sparse
66803,66803,114200,114200,9,5.0207004206523935,quantum_sparse
66803,66803,617208,617208,10,5.0207004206523935,quantum_sparse
82533,82533,350048,350048,1,5.0226642608957714,quantum_sparse
82533,82533,509464,509464,2,5.0207004206523935,quantum_sparse
82533,82533,233766,233766,3,5.0207004206523935,quantum_sparse
82533,82533,688136,688136,4,5.0207004206523935,quantum_sparse
82533,82533,67362,67362,5,5.0207004206523935,quantum_sparse
82533,82533,536121,536121,6,5.0207004206523935,quantum_sparse
82533,82533,644984,644984,7,5.0207004206523935,quantum_sparse
82533,82533,651654,651654,8,5.0207004206523935,quantum_sparse
82533,82533,114200,114200,9,5.0207004206523935,quantum_sparse
82533,82533,617208,617208,10,5.0207004206523935,quantum_sparse
171941,171941,350048,350048,1,5.0226642608957714,quantum_sparse
171941,171941,509464,509464,2,5.0207004206523935,quantum_sparse
171941,171941,233766,233766,3,5.0207004206523935,quantum_sparse
171941,171941,688136,688136,4,5.0207004206523935,quantum_sparse
171941,171941,67362,67362,5,5.0207004206523935,quantum_sparse
171941,171941,536121,536121,6,5.0207004206523935,quantum_sparse
171941,171941,644984,644984,7,5.0207004206523935,quantum_sparse
171941,171941,651654,651654,8,5.0207004206523935,quantum_sparse
171941,171941,114200,114200,9,5.0207004206523935,quantum_sparse
171941,171941,617208,617208,10,5.0207004206523935,quantum_sparse
161713,161713,350048,350048,1,5.0226642608957714,quantum_sparse
161713,161713,509464,509464,2,5.0207004206523935,quantum_sparse
161713,161713,233766,233766,3,5.0207004206523935,quantum_sparse
161713,161713,688136,688136,4,5.0207004206523935,quantum_sparse
161713,161713,67362,67362,5,5.0207004206523935,quantum_sparse
161713,161713,536121,536121,6,5.0207004206523935,quantum_sparse
161713,161713,644984,644984,7,5.0207004206523935,quantum_sparse
161713,161713,651654,651654,8,5.0207004206523935,quantum_sparse
161713,161713,114200,114200,9,5.0207004206523935,quantum_sparse
161713,161713,617208,617208,10,5.0207004206523935,quantum_sparse
176619,176619,350048,350048,1,5.0226642608957714,quantum_sparse
176619,176619,509464,509464,2,5.0207004206523935,quantum_sparse
176619,176619,233766,233766,3,5.0207004206523935,quantum_sparse
176619,176619,688136,688136,4,5.0207004206523935,quantum_sparse
176619,176619,67362,67362,5,5.0207004206523935,quantum_sparse
176619,176619,536121,536121,6,5.0207004206523935,quantum_sparse
176619,176619,644984,644984,7,5.0207004206523935,quantum_sparse
176619,176619,651654,651654,8,5.0207004206523935,quantum_sparse
176619,176619,114200,114200,9,5.0207004206523935,quantum_sparse
176619,176619,617208,617208,10,5.0207004206523935,quantum_sparse
63619,63619,350048,350048,1,5.0226642608957714,quantum_sparse
63619,63619,509464,509464,2,5.0207004206523935,quantum_sparse
63619,63619,233766,233766,3,5.0207004206523935,quantum_sparse
63619,63619,688136,688136,4,5.0207004206523935,quantum_sparse
63619,63619,67362,67362,5,5.0207004206523935,quantum_sparse
63619,63619,536121,536121,6,5.0207004206523935,quantum_sparse
63619,63619,644984,644984,7,5.0207004206523935,quantum_sparse
63619,63619,651654,651654,8,5.0207004206523935,quantum_sparse
63619,63619,114200,114200,9,5.0207004206523935,quantum_sparse
63619,63619,617208,617208,10,5.0207004206523935,quantum_sparse
41446,41446,350048,350048,1,5.0226642608957714,quantum_sparse
41446,41446,509464,509464,2,5.0207004206523935,quantum_sparse
41446,41446,233766,233766,3,5.0207004206523935,quantum_sparse
41446,41446,688136,688136,4,5.0207004206523935,quantum_sparse
41446,41446,67362,67362,5,5.0207004206523935,quantum_sparse
41446,41446,536121,536121,6,5.0207004206523935,quantum_sparse
41446,41446,644984,644984,7,5.0207004206523935,quantum_sparse
41446,41446,651654,651654,8,5.0207004206523935,quantum_sparse
41446,41446,114200,114200,9,5.0207004206523935,quantum_sparse
41446,41446,617208,617208,10,5.0207004206523935,quantum_sparse
152742,152742,531604,531604,1,5.0,classical_active
152742,152742,100546,100546,2,5.0,classical_active
152742,152742,712065,712065,3,5.0,classical_active
152742,152742,437450,437450,4,5.0,classical_active
152742,152742,697041,697041,5,5.0,classical_active
152742,152742,693079,693079,6,5.0,classical_active
152742,152742,418016,418016,7,5.0,classical_active
152742,152742,233930,233930,8,5.0,classical_active
152742,152742,509866,509866,9,5.0,classical_active
152742,152742,511276,511276,10,5.0,classical_active
71973,71973,350048,350048,1,5.0226642608957714,quantum_sparse
71973,71973,509464,509464,2,5.0207004206523935,quantum_sparse
71973,71973,233766,233766,3,5.0207004206523935,quantum_sparse
71973,71973,688136,688136,4,5.0207004206523935,quantum_sparse
71973,71973,67362,67362,5,5.0207004206523935,quantum_sparse
71973,71973,536121,536121,6,5.0207004206523935,quantum_sparse
71973,71973,644984,644984,7,5.0207004206523935,quantum_sparse
71973,71973,651654,651654,8,5.0207004206523935,quantum_sparse
71973,71973,114200,114200,9,5.0207004206523935,quantum_sparse
71973,71973,617208,617208,10,5.0207004206523935,quantum_sparse
137906,137906,350048,350048,1,5.0226642608957714,quantum_sparse
137906,137906,509464,509464,2,5.0207004206523935,quantum_sparse
137906,137906,233766,233766,3,5.0207004206523935,quantum_sparse
137906,137906,688136,688136,4,5.0207004206523935,quantum_sparse
137906,137906,67362,67362,5,5.0207004206523935,quantum_sparse
137906,137906,536121,536121,6,5.0207004206523935,quantum_sparse
137906,137906,644984,644984,7,5.0207004206523935,quantum_sparse
137906,137906,651654,651654,8,5.0207004206523935,quantum_sparse
137906,137906,114200,114200,9,5.0207004206523935,quantum_sparse
137906,137906,617208,617208,10,5.0207004206523935,quantum_sparse
135675,135675,350048,350048,1,5.0226642608957714,quantum_sparse
135675,135675,509464,509464,2,5.0207004206523935,quantum_sparse
135675,135675,233766,233766,3,5.0207004206523935,quantum_sparse
135675,135675,688136,688136,4,5.0207004206523935,quantum_sparse
135675,135675,67362,67362,5,5.0207004206523935,quantum_sparse
135675,135675,536121,536121,6,5.0207004206523935,quantum_sparse
135675,135675,644984,644984,7,5.0207004206523935,quantum_sparse
135675,135675,651654,651654,8,5.0207004206523935,quantum_sparse
135675,135675,114200,114200,9,5.0207004206523935,quantum_sparse
135675,135675,617208,617208,10,5.0207004206523935,quantum_sparse
184713,184713,350048,350048,1,5.0226642608957714,quantum_sparse
184713,184713,509464,509464,2,5.0207004206523935,quantum_sparse
184713,184713,233766,233766,3,5.0207004206523935,quantum_sparse
184713,184713,688136,688136,4,5.0207004206523935,quantum_sparse
184713,184713,67362,67362,5,5.0207004206523935,quantum_sparse
184713,184713,536121,536121,6,5.0207004206523935,quantum_sparse
184713,184713,644984,644984,7,5.0207004206523935,quantum_sparse
184713,184713,651654,651654,8,5.0207004206523935,quantum_sparse
184713,184713,114200,114200,9,5.0207004206523935,quantum_sparse
184713,184713,617208,617208,10,5.0207004206523935,quantum_sparse
78961,78961,350048,350048,1,5.0226642608957714,quantum_sparse
78961,78961,509464,509464,2,5.0207004206523935,quantum_sparse
78961,78961,233766,233766,3,5.0207004206523935,quantum_sparse
78961,78961,688136,688136,4,5.0207004206523935,quantum_sparse
78961,78961,67362,67362,5,5.0207004206523935,quantum_sparse
78961,78961,536121,536121,6,5.0207004206523935,quantum_sparse
78961,78961,644984,644984,7,5.0207004206523935,quantum_sparse
78961,78961,651654,651654,8,5.0207004206523935,quantum_sparse
78961,78961,114200,114200,9,5.0207004206523935,quantum_sparse
78961,78961,617208,617208,10,5.0207004206523935,quantum_sparse
116363,116363,350048,350048,1,5.0226642608957714,quantum_sparse
116363,116363,509464,509464,2,5.0207004206523935,quantum_sparse
116363,116363,233766,233766,3,5.0207004206523935,quantum_sparse
116363,116363,688136,688136,4,5.0207004206523935,quantum_sparse
116363,116363,67362,67362,5,5.0207004206523935,quantum_sparse
116363,116363,536121,536121,6,5.0207004206523935,quantum_sparse
116363,116363,644984,644984,7,5.0207004206523935,quantum_sparse
116363,116363,651654,651654,8,5.0207004206523935,quantum_sparse
116363,116363,114200,114200,9,5.0207004206523935,quantum_sparse
116363,116363,617208,617208,10,5.0207004206523935,quantum_sparse
73355,73355,350048,350048,1,5.0226642608957714,quantum_sparse
73355,73355,509464,509464,2,5.0207004206523935,quantum_sparse
73355,73355,233766,233766,3,5.0207004206523935,quantum_sparse
73355,73355,688136,688136,4,5.0207004206523935,quantum_sparse
73355,73355,67362,67362,5,5.0207004206523935,quantum_sparse
73355,73355,536121,536121,6,5.0207004206523935,quantum_sparse
73355,73355,644984,644984,7,5.0207004206523935,quantum_sparse
73355,73355,651654,651654,8,5.0207004206523935,quantum_sparse
73355,73355,114200,114200,9,5.0207004206523935,quantum_sparse
73355,73355,617208,617208,10,5.0207004206523935,quantum_sparse
125904,125904,350048,350048,1,5.0226642608957714,quantum_sparse
125904,125904,509464,509464,2,5.0207004206523935,quantum_sparse
125904,125904,233766,233766,3,5.0207004206523935,quantum_sparse
125904,125904,688136,688136,4,5.0207004206523935,quantum_sparse
125904,125904,67362,67362,5,5.0207004206523935,quantum_sparse
125904,125904,536121,536121,6,5.0207004206523935,quantum_sparse
125904,125904,644984,644984,7,5.0207004206523935,quantum_sparse
125904,125904,651654,651654,8,5.0207004206523935,quantum_sparse
125904,125904,114200,114200,9,5.0207004206523935,quantum_sparse
125904,125904,617208,617208,10,5.0207004206523935,quantum_sparse
