iteration,error,relative_error,iter_time,nnls_time,qubo_build_time,annealing_time,postprocess_time,cumulative_time,method,data_source,matrix_size,rank,seed
1,2.861237987705759e-15,1.6856989091425302e-16,0.010759666911326349,0.00018866604659706354,0.00014091411139816046,0.010385705973021686,1.6246107406914234e-05,0.010759666911326349,NBMF_SA,synthetic,30x30,2,42
2,2.861237987705759e-15,1.6856989091425302e-16,0.009599208016879857,0.0001574999187141657,0.00011512113269418478,0.00929428730159998,1.3752607628703117e-05,0.020358874928206205,NBMF_SA,synthetic,30x30,2,42
3,2.861237987705759e-15,1.6856989091425302e-16,0.010224082972854376,0.0002572500379756093,0.00012083479668945074,0.009813955170102417,1.4331424608826637e-05,0.03058295790106058,NBMF_SA,synthetic,30x30,2,42
4,2.861237987705759e-15,1.6856989091425302e-16,0.009960082941688597,0.00016066699754446745,0.0001231672940775752,0.009645420126616955,1.4079269021749496e-05,0.04054304084274918,NBMF_SA,synthetic,30x30,2,42
5,2.861237987705759e-15,1.6856989091425302e-16,0.009917167015373707,0.00015533401165157557,0.00011695676948875189,0.009615415125153959,1.3168202713131905e-05,0.050460207858122885,NBMF_SA,synthetic,30x30,2,42
6,2.861237987705759e-15,1.6856989091425302e-16,0.009649749961681664,0.00015491608064621687,0.00011625117622315884,0.009348409832455218,1.3498007319867611e-05,0.06010995781980455,NBMF_SA,synthetic,30x30,2,42
7,2.861237987705759e-15,1.6856989091425302e-16,0.009621624951250851,0.00015770795289427042,0.000110417022369802,0.009324414189904928,1.2832111679017544e-05,0.0697315827710554,NBMF_SA,synthetic,30x30,2,42
8,2.861237987705759e-15,1.6856989091425302e-16,0.009297124925069511,0.00015087495557963848,0.00011358316987752914,0.009004748077131808,1.2624193914234638e-05,0.07902870769612491,NBMF_SA,synthetic,30x30,2,42
9,2.861237987705759e-15,1.6856989091425302e-16,0.009561499929986894,0.00014599994756281376,0.00011171307414770126,0.009275293094106019,1.2708129361271858e-05,0.0885902076261118,NBMF_SA,synthetic,30x30,2,42
10,2.861237987705759e-15,1.6856989091425302e-16,0.009552375064231455,0.00014575000386685133,0.00011936819646507502,0.009259625221602619,1.2540840543806553e-05,0.09814258269034326,NBMF_SA,synthetic,30x30,2,42
11,2.861237987705759e-15,1.6856989091425302e-16,0.009364166064187884,0.00014050002209842205,0.00010816683061420918,0.009087249985896051,1.2459931895136833e-05,0.10750674875453115,NBMF_SA,synthetic,30x30,2,42
12,2.861237987705759e-15,1.6856989091425302e-16,0.009629125008359551,0.00014429097063839436,0.00011295778676867485,0.009335456765256822,2.0459061488509178e-05,0.1171358737628907,NBMF_SA,synthetic,30x30,2,42
13,2.861237987705759e-15,1.6856989091425302e-16,0.009398875059559941,0.00015395903028547764,0.0001094151521101594,0.009107248042710125,1.2661912478506565e-05,0.12653474882245064,NBMF_SA,synthetic,30x30,2,42
14,2.861237987705759e-15,1.6856989091425302e-16,0.009595667012035847,0.00014879205264151096,0.0001132078468799591,0.009304414154030383,1.2958073057234287e-05,0.13613041583448648,NBMF_SA,synthetic,30x30,2,42
15,2.861237987705759e-15,1.6856989091425302e-16,0.009121583076193929,0.00014716701116412878,0.00010604364797472954,0.0088332942686975,1.603888813406229e-05,0.1452519989106804,NBMF_SA,synthetic,30x30,2,42
1,2.861237987705759e-15,1.6856989091425302e-16,0.020199958933517337,0.00014133297372609377,0.00010900106281042099,0.019921292434446514,1.2748991139233112e-05,0.020199958933517337,NBMF_PathIntegral,synthetic,30x30,2,42
2,2.861237987705759e-15,1.6856989091425302e-16,0.020615875022485852,0.00014974991790950298,0.00011171028017997742,0.020324502023868263,1.3083801604807377e-05,0.04081583395600319,NBMF_PathIntegral,synthetic,30x30,2,42
3,2.861237987705759e-15,1.6856989091425302e-16,0.020190667011775076,0.00014637503772974014,0.00010854064021259546,0.019907169975340366,1.2457836419343948e-05,0.061006500967778265,NBMF_PathIntegral,synthetic,30x30,2,42
4,2.861237987705759e-15,1.6856989091425302e-16,0.02152316691353917,0.00014954200014472008,0.00012637372128665447,0.021208666148595512,1.4246208593249321e-05,0.08252966788131744,NBMF_PathIntegral,synthetic,30x30,2,42
5,2.861237987705759e-15,1.6856989091425302e-16,0.021222374984063208,0.0001634580548852682,0.00013870303519070148,0.020885035977698863,1.5874975360929966e-05,0.10375204286538064,NBMF_PathIntegral,synthetic,30x30,2,42
6,2.861237987705759e-15,1.6856989091425302e-16,0.021240541944280267,0.00015883299056440592,0.00012146006338298321,0.020929086720570922,1.3999058865010738e-05,0.12499258480966091,NBMF_PathIntegral,synthetic,30x30,2,42
7,2.861237987705759e-15,1.6856989091425302e-16,0.02006654196884483,0.00019758404232561588,0.00011178979184478521,0.019727459992282093,1.2456672266125679e-05,0.14505912677850574,NBMF_PathIntegral,synthetic,30x30,2,42
8,2.861237987705759e-15,1.6856989091425302e-16,0.020684291957877576,0.00014854094479233027,0.00011079187970608473,0.02039566356688738,1.3203127309679985e-05,0.16574341873638332,NBMF_PathIntegral,synthetic,30x30,2,42
9,2.861237987705759e-15,1.6856989091425302e-16,0.020603833021596074,0.0001461660722270608,0.00011070712935179472,0.020318206632509828,1.3036886230111122e-05,0.1863472517579794,NBMF_PathIntegral,synthetic,30x30,2,42
10,2.861237987705759e-15,1.6856989091425302e-16,0.02077487506903708,0.0001460830681025982,0.00011857994832098484,0.020480662817135453,1.3376469723880291e-05,0.20712212682701647,NBMF_PathIntegral,synthetic,30x30,2,42
11,2.861237987705759e-15,1.6856989091425302e-16,0.020527458051219583,0.00014058302622288465,0.0001117512583732605,0.020245289779268205,1.3499287888407707e-05,0.22764958487823606,NBMF_PathIntegral,synthetic,30x30,2,42
12,2.861237987705759e-15,1.6856989091425302e-16,0.020017875009216368,0.00014662498142570257,0.00011641706805676222,0.019725669408217072,1.2956676073372364e-05,0.24766745988745242,NBMF_PathIntegral,synthetic,30x30,2,42
13,2.861237987705759e-15,1.6856989091425302e-16,0.02027316694147885,0.0001413749996572733,0.00010716589167714119,0.01999641745351255,1.2583215720951557e-05,0.26794062682893127,NBMF_PathIntegral,synthetic,30x30,2,42
14,2.861237987705759e-15,1.6856989091425302e-16,0.019904833054170012,0.0001520839286968112,0.00010666623711585999,0.019618791760876775,1.2413249351084232e-05,0.2878454598831013,NBMF_PathIntegral,synthetic,30x30,2,42
15,2.861237987705759e-15,1.6856989091425302e-16,0.020412542042322457,0.00014041701797395945,0.0001139546511694789,0.020128956763073802,1.278822310268879e-05,0.30825800192542374,NBMF_PathIntegral,synthetic,30x30,2,42
1,2.861237987705759e-15,1.6856989091425302e-16,0.002326540998183191,0.00013883400242775679,0.00010574725456535816,0.002054914948530495,1.1832686141133308e-05,0.002326540998183191,NBMF_Exact,synthetic,30x30,2,42
2,2.861237987705759e-15,1.6856989091425302e-16,0.0025099579943343997,0.00014791707508265972,0.00010033219587057829,0.0022355401888489723,1.1580181308090687e-05,0.0048364989925175905,NBMF_Exact,synthetic,30x30,2,42
3,2.861237987705759e-15,1.6856989091425302e-16,0.002352040959522128,0.00014341692440211773,9.824393782764673e-05,0.0020840851357206702,1.1245603673160076e-05,0.007188539952039719,NBMF_Exact,synthetic,30x30,2,42
4,2.861237987705759e-15,1.6856989091425302e-16,0.0024952080566436052,0.00015891599468886852,0.00010916485916823149,0.0022008350351825356,1.1288910172879696e-05,0.009683748008683324,NBMF_Exact,synthetic,30x30,2,42
5,2.861237987705759e-15,1.6856989091425302e-16,0.0022390830563381314,0.0001555420458316803,9.525101631879807e-05,0.0019619956146925688,1.124734990298748e-05,0.011922831065021455,NBMF_Exact,synthetic,30x30,2,42
6,2.861237987705759e-15,1.6856989091425302e-16,0.0024675829336047173,0.00014616595581173897,0.00010233058128505945,0.00219420762732625,1.132860779762268e-05,0.014390413998626173,NBMF_Exact,synthetic,30x30,2,42
7,2.861237987705759e-15,1.6856989091425302e-16,0.002187207923270762,0.00013949989806860685,9.462481830269098e-05,0.0019293732475489378,1.0661198757588863e-05,0.016577621921896935,NBMF_Exact,synthetic,30x30,2,42
8,2.861237987705759e-15,1.6856989091425302e-16,0.0024317919742316008,0.0001412919955328107,0.00010020844638347626,0.0021663742372766137,1.0955147445201874e-05,0.019009413896128535,NBMF_Exact,synthetic,30x30,2,42
9,2.861237987705759e-15,1.6856989091425302e-16,0.0022289170883595943,0.00014350004494190216,9.716488420963287e-05,0.001963748480193317,1.1376570910215378e-05,0.02123833098448813,NBMF_Exact,synthetic,30x30,2,42
10,2.861237987705759e-15,1.6856989091425302e-16,0.002179207978770137,0.0001427079550921917,9.533041156828403e-05,0.0019177489448338747,1.0955613106489182e-05,0.023417538963258266,NBMF_Exact,synthetic,30x30,2,42
11,2.861237987705759e-15,1.6856989091425302e-16,0.002418332966044545,0.000142207951284945,9.64142382144928e-05,0.002155164838768542,1.1247117072343826e-05,0.02583587192930281,NBMF_Exact,synthetic,30x30,2,42
12,2.861237987705759e-15,1.6856989091425302e-16,0.0021853750804439187,0.00013766600750386715,9.466626215726137e-05,0.001929122838191688,1.1039432138204575e-05,0.02802124700974673,NBMF_Exact,synthetic,30x30,2,42
13,2.861237987705759e-15,1.6856989091425302e-16,0.0024584170896559954,0.00014395907055586576,9.983323980122805e-05,0.002183665754273534,1.6372883692383766e-05,0.030479664099402726,NBMF_Exact,synthetic,30x30,2,42
14,2.861237987705759e-15,1.6856989091425302e-16,0.0022451250115409493,0.00014670798555016518,9.5497933216393e-05,0.0019742895383387804,1.0707182809710503e-05,0.032724789110943675,NBMF_Exact,synthetic,30x30,2,42
15,2.861237987705759e-15,1.6856989091425302e-16,0.0024470420321449637,0.00013879092875868082,9.950192179530859e-05,0.0021845001028850675,1.0788440704345703e-05,0.03517183114308864,NBMF_Exact,synthetic,30x30,2,42
1,5.622524330680415e-15,3.312511287624491e-16,0.0006134579889476299,,,,,0.0006134579889476299,Repo_ALS,synthetic,30x30,2,42
2,4.155105617184978e-15,2.44798127116891e-16,0.0005525419255718589,,,,,0.0011659999145194888,Repo_ALS,synthetic,30x30,2,42
3,4.302101629669151e-15,2.5345840001126703e-16,0.0005688340170308948,,,,,0.0017348339315503836,Repo_ALS,synthetic,30x30,2,42
4,6.141873658886958e-15,3.618486043930469e-16,0.0005539580015465617,,,,,0.0022887919330969453,Repo_ALS,synthetic,30x30,2,42
5,5.5396497710250246e-15,3.2636857249110666e-16,0.0005404999246820807,,,,,0.002829291857779026,Repo_ALS,synthetic,30x30,2,42
6,4.900318405354083e-15,2.887023528224567e-16,0.000548708951100707,,,,,0.003378000808879733,Repo_ALS,synthetic,30x30,2,42
7,7.806773728781551e-15,4.599362239378651e-16,0.0005592090310528874,,,,,0.0039372098399326205,Repo_ALS,synthetic,30x30,2,42
8,6.759518252162716e-15,3.982371474501579e-16,0.0005529170157387853,,,,,0.004490126855671406,Repo_ALS,synthetic,30x30,2,42
9,4.753815906294922e-15,2.800711552809791e-16,0.0005505419103428721,,,,,0.005040668766014278,Repo_ALS,synthetic,30x30,2,42
10,4.283787843615146e-15,2.5237944295470073e-16,0.0005515830125659704,,,,,0.005592251778580248,Repo_ALS,synthetic,30x30,2,42
11,6.5932775078612294e-15,3.8844307081171795e-16,0.0005338330520316958,,,,,0.006126084830611944,Repo_ALS,synthetic,30x30,2,42
12,6.457877616698726e-15,3.8046598362738127e-16,0.0005675830179825425,,,,,0.006693667848594487,Repo_ALS,synthetic,30x30,2,42
13,4.705530719012365e-15,2.7722643254628574e-16,0.0005528749898076057,,,,,0.0072465428384020925,Repo_ALS,synthetic,30x30,2,42
14,5.552437692223275e-15,3.271219731137293e-16,0.0005426669958978891,,,,,0.007789209834299982,Repo_ALS,synthetic,30x30,2,42
15,5.975737399757581e-15,3.520606835005254e-16,0.0005402910755947232,,,,,0.008329500909894705,Repo_ALS,synthetic,30x30,2,42
1,10.302482828129111,0.6069709733849252,0.005492374999448657,,,,,0.005492374999448657,Repo_SGD,synthetic,30x30,2,42
2,8.68318377518021,0.511569938627931,0.0056431659031659365,,,,,0.011135540902614594,Repo_SGD,synthetic,30x30,2,42
3,7.650735212748639,0.4507432117735114,0.005580750061199069,,,,,0.016716290963813663,Repo_SGD,synthetic,30x30,2,42
4,7.0306479332422605,0.41421075781028116,0.005527624976821244,,,,,0.022243915940634906,Repo_SGD,synthetic,30x30,2,42
5,6.665532079642582,0.3926999502938071,0.005564457969740033,,,,,0.02780837391037494,Repo_SGD,synthetic,30x30,2,42
6,6.45588224263421,0.38034842612610603,0.005349708022549748,,,,,0.03315808193292469,Repo_SGD,synthetic,30x30,2,42
7,6.339698520241554,0.373503459893344,0.005451499950140715,,,,,0.0386095818830654,Repo_SGD,synthetic,30x30,2,42
8,6.275987085466266,0.3697498994917947,0.005301833036355674,,,,,0.04391141491942108,Repo_SGD,synthetic,30x30,2,42
9,6.238500833825816,0.36754139625754195,0.005299999960698187,,,,,0.049211414880119264,Repo_SGD,synthetic,30x30,2,42
10,6.216048123833028,0.3662185944177522,0.005307375104166567,,,,,0.05451878998428583,Repo_SGD,synthetic,30x30,2,42
11,6.202221384305219,0.36540399179332267,0.005351915955543518,,,,,0.05987070593982935,Repo_SGD,synthetic,30x30,2,42
12,6.19388088241828,0.3649126109647119,0.005394542007707059,,,,,0.06526524794753641,Repo_SGD,synthetic,30x30,2,42
13,6.188471224590324,0.3645939008700395,0.005515584023669362,,,,,0.07078083197120577,Repo_SGD,synthetic,30x30,2,42
14,6.184455455516895,0.36435731175807,0.0055520409950986505,,,,,0.07633287296630442,Repo_SGD,synthetic,30x30,2,42
15,6.180907698853824,0.3641482956062316,0.005524083971977234,,,,,0.08185695693828166,Repo_SGD,synthetic,30x30,2,42
1,2.780700588538577e-15,1.4403595589360443e-16,0.009757624939084053,0.00014887505676597357,0.00012008112389594316,0.009457875043153763,1.3250275515019894e-05,0.009757624939084053,NBMF_SA,synthetic,30x30,2,43
2,2.780700588538577e-15,1.4403595589360443e-16,0.0092418750282377,0.0001478750491514802,0.00010791630484163761,0.008958376129157841,1.2585311196744442e-05,0.018999499967321754,NBMF_SA,synthetic,30x30,2,43
3,2.780700588538577e-15,1.4403595589360443e-16,0.009578583994880319,0.00014187500346451998,0.00011374778114259243,0.009291584021411836,1.3539334759116173e-05,0.028578083962202072,NBMF_SA,synthetic,30x30,2,43
4,2.780700588538577e-15,1.4403595589360443e-16,0.009664999903179705,0.00013599998783320189,0.00011616793926805258,0.009383666096255183,1.3039913028478622e-05,0.03824308386538178,NBMF_SA,synthetic,30x30,2,43
5,2.780700588538577e-15,1.4403595589360443e-16,0.009269915986806154,0.00014579202979803085,0.00010641838889569044,0.008990249247290194,1.2289034202694893e-05,0.04751299985218793,NBMF_SA,synthetic,30x30,2,43
6,2.780700588538577e-15,1.4403595589360443e-16,0.009669916005805135,0.00014591601211577654,0.00010978849604725838,0.009385165176354349,1.2708129361271858e-05,0.057182915857993066,NBMF_SA,synthetic,30x30,2,43
7,2.780700588538577e-15,1.4403595589360443e-16,0.010876332991756499,0.0001437920145690441,0.00013587577268481255,0.010562248760834336,1.6370904631912708e-05,0.06805924884974957,NBMF_SA,synthetic,30x30,2,43
8,2.780700588538577e-15,1.4403595589360443e-16,0.010474666953086853,0.00015862495638430119,0.0001244997838512063,0.010159416357055306,1.4832010492682457e-05,0.07853391580283642,NBMF_SA,synthetic,30x30,2,43
9,2.780700588538577e-15,1.4403595589360443e-16,0.00982079200912267,0.0001568750012665987,0.00011637515854090452,0.009517042082734406,1.3831653632223606e-05,0.08835470781195909,NBMF_SA,synthetic,30x30,2,43
10,2.780700588538577e-15,1.4403595589360443e-16,0.010024250019341707,0.00014595792163163424,0.00011508411262184381,0.009727376396767795,1.3998360373079777e-05,0.0983789578313008,NBMF_SA,synthetic,30x30,2,43
11,2.780700588538577e-15,1.4403595589360443e-16,0.009904792066663504,0.00017370795831084251,0.00011596037074923515,0.009585915599018335,1.328764483332634e-05,0.1082837498979643,NBMF_SA,synthetic,30x30,2,43
12,2.780700588538577e-15,1.4403595589360443e-16,0.009615040966309607,0.00014050002209842205,0.00010983680840581656,0.009331787936389446,1.3119541108608246e-05,0.1178987908642739,NBMF_SA,synthetic,30x30,2,43
13,2.780700588538577e-15,1.4403595589360443e-16,0.009621333098039031,0.00014470797032117844,0.00011641683522611856,0.009330792119726539,1.3083219528198242e-05,0.12752012396231294,NBMF_SA,synthetic,30x30,2,43
14,2.780700588538577e-15,1.4403595589360443e-16,0.00958670792169869,0.0001532089663669467,0.00011841580271720886,0.009286874206736684,1.2703007087111473e-05,0.13710683188401163,NBMF_SA,synthetic,30x30,2,43
15,2.780700588538577e-15,1.4403595589360443e-16,0.009450417011976242,0.00014270807150751352,0.00010887882672250271,0.009169873083010316,1.2873904779553413e-05,0.14655724889598787,NBMF_SA,synthetic,30x30,2,43
1,2.780700588538577e-15,1.4403595589360443e-16,0.02058620797470212,0.000140791991725564,0.0001123364781960845,0.020300627569667995,1.2540142051875591e-05,0.02058620797470212,NBMF_PathIntegral,synthetic,30x30,2,43
2,2.780700588538577e-15,1.4403595589360443e-16,0.02021291700657457,0.00014512497000396252,0.00011183391325175762,0.019928164198063314,1.2291129678487778e-05,0.04079912498127669,NBMF_PathIntegral,synthetic,30x30,2,43
3,2.780700588538577e-15,1.4403595589360443e-16,0.02088804100640118,0.0001498749479651451,0.0001097911735996604,0.020593328517861664,1.283304300159216e-05,0.06168716598767787,NBMF_PathIntegral,synthetic,30x30,2,43
4,2.780700588538577e-15,1.4403595589360443e-16,0.020516250049695373,0.00014662498142570257,0.00011333287693560123,0.02022803877480328,1.312396489083767e-05,0.08220341603737324,NBMF_PathIntegral,synthetic,30x30,2,43
5,2.780700588538577e-15,1.4403595589360443e-16,0.02076920901890844,0.00014474999625235796,0.00010879058390855789,0.020487291156314313,1.2746895663440228e-05,0.10297262505628169,NBMF_PathIntegral,synthetic,30x30,2,43
6,2.780700588538577e-15,1.4403595589360443e-16,0.03543983306735754,0.0001597920199856162,0.0001180822728201747,0.03512862289790064,1.3499869965016842e-05,0.13841245812363923,NBMF_PathIntegral,synthetic,30x30,2,43
7,2.780700588538577e-15,1.4403595589360443e-16,0.020100833964534104,0.00016329099889844656,0.00010758021380752325,0.019798494991846383,1.59161863848567e-05,0.15851329208817333,NBMF_PathIntegral,synthetic,30x30,2,43
8,2.780700588538577e-15,1.4403595589360443e-16,0.020318208960816264,0.00014658307190984488,0.00011708494275808334,0.020026333164423704,1.2457487173378468e-05,0.1788315010489896,NBMF_PathIntegral,synthetic,30x30,2,43
9,2.780700588538577e-15,1.4403595589360443e-16,0.020396333071403205,0.00014662498142570257,0.000112667097710073,0.02010812726803124,1.2372853234410286e-05,0.1992278341203928,NBMF_PathIntegral,synthetic,30x30,2,43
10,2.780700588538577e-15,1.4403595589360443e-16,0.02026849996764213,0.00014837493654340506,0.00010887521784752607,0.0199813733343035,1.312012318521738e-05,0.21949633408803493,NBMF_PathIntegral,synthetic,30x30,2,43
11,2.780700588538577e-15,1.4403595589360443e-16,0.021249499986879528,0.0001528329448774457,0.0001264162128791213,0.020931289764121175,1.4337245374917984e-05,0.24074583407491446,NBMF_PathIntegral,synthetic,30x30,2,43
12,2.780700588538577e-15,1.4403595589360443e-16,0.02027495892252773,0.00015504099428653717,0.0001255400711670518,0.019956415169872344,1.241674181073904e-05,0.2610207929974422,NBMF_PathIntegral,synthetic,30x30,2,43
13,2.780700588538577e-15,1.4403595589360443e-16,0.020731457974761724,0.00014070805627852678,0.00010966381523758173,0.020452625351026654,1.2912903912365437e-05,0.2817522509722039,NBMF_PathIntegral,synthetic,30x30,2,43
14,2.780700588538577e-15,1.4403595589360443e-16,0.021245207986794412,0.00016170809976756573,0.00012616731692105532,0.020919957314617932,1.4915014617145061e-05,0.3029974589589983,NBMF_PathIntegral,synthetic,30x30,2,43
15,2.780700588538577e-15,1.4403595589360443e-16,0.02170024998486042,0.00017166591715067625,0.0001327532809227705,0.021355833392590284,1.4704768545925617e-05,0.32469770894385874,NBMF_PathIntegral,synthetic,30x30,2,43
1,2.780700588538577e-15,1.4403595589360443e-16,0.003038250026293099,0.00015550001990050077,0.00011162587907165289,0.0027415031800046563,1.266400795429945e-05,0.003038250026293099,NBMF_Exact,synthetic,30x30,2,43
2,2.780700588538577e-15,1.4403595589360443e-16,0.002485209028236568,0.00016012496780604124,0.0001042078947648406,0.002192457322962582,1.241674181073904e-05,0.005523459054529667,NBMF_Exact,synthetic,30x30,2,43
3,2.780700588538577e-15,1.4403595589360443e-16,0.002658333978615701,0.00014062493573874235,0.00011466711293905973,0.0023737502051517367,1.2917676940560341e-05,0.008181793033145368,NBMF_Exact,synthetic,30x30,2,43
4,2.780700588538577e-15,1.4403595589360443e-16,0.0026865830877795815,0.00016375002451241016,0.00010291370563209057,0.0023859133943915367,1.2124190106987953e-05,0.01086837612092495,NBMF_Exact,synthetic,30x30,2,43
5,2.780700588538577e-15,1.4403595589360443e-16,0.0023889580043032765,0.0001561250537633896,0.00010282802395522594,0.0021012501092627645,1.4039105735719204e-05,0.013257334125228226,NBMF_Exact,synthetic,30x30,2,43
6,2.780700588538577e-15,1.4403595589360443e-16,0.0025100420461967587,0.00014037499204277992,0.00010370917152613401,0.0022406658390536904,1.1205789633095264e-05,0.015767376171424985,NBMF_Exact,synthetic,30x30,2,43
7,2.780700588538577e-15,1.4403595589360443e-16,0.0022984161041677,0.00014325010124593973,0.00010058528278023005,0.0020301638869568706,1.1205091141164303e-05,0.018065792275592685,NBMF_Exact,synthetic,30x30,2,43
8,2.780700588538577e-15,1.4403595589360443e-16,0.002514959080144763,0.00013749999925494194,0.0001024570083245635,0.002250039833597839,1.1083902791142464e-05,0.020580751355737448,NBMF_Exact,synthetic,30x30,2,43
9,2.780700588538577e-15,1.4403595589360443e-16,0.002278125029988587,0.00014287501107901335,0.00010987056884914637,0.002000248059630394,1.158192753791809e-05,0.022858876385726035,NBMF_Exact,synthetic,30x30,2,43
10,2.780700588538577e-15,1.4403595589360443e-16,0.0025191669119521976,0.000149125000461936,9.720784146338701e-05,0.0022479150211438537,1.1247699148952961e-05,0.025378043297678232,NBMF_Exact,synthetic,30x30,2,43
11,2.780700588538577e-15,1.4403595589360443e-16,0.0027830840554088354,0.00014583300799131393,0.00011679285671561956,0.002491538762114942,1.3125245459377766e-05,0.028161127353087068,NBMF_Exact,synthetic,30x30,2,43
12,2.780700588538577e-15,1.4403595589360443e-16,0.002337208017706871,0.00015116704162210226,0.00011333206202834845,0.002038625883869827,1.9873026758432388e-05,0.03049833537079394,NBMF_Exact,synthetic,30x30,2,43
13,2.780700588538577e-15,1.4403595589360443e-16,0.00251445802859962,0.00014887505676597357,0.00010441546328365803,0.002235875930637121,1.120823435485363e-05,0.03301279339939356,NBMF_Exact,synthetic,30x30,2,43
14,2.780700588538577e-15,1.4403595589360443e-16,0.002304999972693622,0.00014195800758898258,0.00010412291157990694,0.0020337902242317796,1.082883682101965e-05,0.03531779337208718,NBMF_Exact,synthetic,30x30,2,43
15,2.780700588538577e-15,1.4403595589360443e-16,0.0024976669810712337,0.00014587503392249346,9.604310616850853e-05,0.002227704506367445,1.1331168934702873e-05,0.037815460353158414,NBMF_Exact,synthetic,30x30,2,43
1,4.985649592943521e-15,2.5824887721823753e-16,0.0006096250144764781,,,,,0.0006096250144764781,Repo_ALS,synthetic,30x30,2,43
2,7.204756344154832e-15,3.731951477581583e-16,0.000560667016543448,,,,,0.001170292031019926,Repo_ALS,synthetic,30x30,2,43
3,6.038928598283386e-15,3.128070878296594e-16,0.0005550000350922346,,,,,0.0017252920661121607,Repo_ALS,synthetic,30x30,2,43
4,6.593184969230962e-15,3.415167038626143e-16,0.0005605419864878058,,,,,0.0022858340525999665,Repo_ALS,synthetic,30x30,2,43
5,1.1847364115958177e-14,6.136749933794428e-16,0.0005472500342875719,,,,,0.0028330840868875384,Repo_ALS,synthetic,30x30,2,43
6,5.704395424089906e-15,2.954787908811542e-16,0.000563250039704144,,,,,0.0033963341265916824,Repo_ALS,synthetic,30x30,2,43
7,7.682003205348628e-15,3.979157912293053e-16,0.0005538749974220991,,,,,0.0039502091240137815,Repo_ALS,synthetic,30x30,2,43
8,9.554968789650255e-15,4.949324888927134e-16,0.0005679160822182894,,,,,0.004518125206232071,Repo_ALS,synthetic,30x30,2,43
9,7.387305308553548e-15,3.826508995542823e-16,0.0005645420169457793,,,,,0.00508266722317785,Repo_ALS,synthetic,30x30,2,43
10,5.335702612136854e-15,2.7638107794519633e-16,0.0005564580205827951,,,,,0.005639125243760645,Repo_ALS,synthetic,30x30,2,43
11,4.5785606705514294e-15,2.371623056139e-16,0.000555249978788197,,,,,0.006194375222548842,Repo_ALS,synthetic,30x30,2,43
12,8.68671956480636e-15,4.499585324841246e-16,0.0005719999317079782,,,,,0.006766375154256821,Repo_ALS,synthetic,30x30,2,43
13,1.0661899223686335e-14,5.522697598780457e-16,0.0005808329442515969,,,,,0.007347208098508418,Repo_ALS,synthetic,30x30,2,43
14,6.548716566701683e-15,3.3921330992952907e-16,0.0005776670295745134,,,,,0.007924875128082931,Repo_ALS,synthetic,30x30,2,43
15,6.021120606020233e-15,3.118846615897609e-16,0.0005825830157846212,,,,,0.008507458143867552,Repo_ALS,synthetic,30x30,2,43
1,10.517810962081585,0.5448062125335992,0.0058390829944983125,,,,,0.0058390829944983125,Repo_SGD,synthetic,30x30,2,43
2,8.756178626216908,0.45355640359149135,0.005760041996836662,,,,,0.011599124991334975,Repo_SGD,synthetic,30x30,2,43
3,7.631969642269475,0.39532413065478217,0.005755417048931122,,,,,0.017354542040266097,Repo_SGD,synthetic,30x30,2,43
4,6.939184103521904,0.35943891967087843,0.005624667042866349,,,,,0.022979209083132446,Repo_SGD,synthetic,30x30,2,43
5,6.533221080790481,0.3384106679138963,0.0054084170842543244,,,,,0.02838762616738677,Repo_SGD,synthetic,30x30,2,43
6,6.296601396862296,0.32615413713229546,0.005518250050954521,,,,,0.03390587621834129,Repo_SGD,synthetic,30x30,2,43
7,6.163001567101369,0.3192338742078533,0.005516708013601601,,,,,0.03942258423194289,Repo_SGD,synthetic,30x30,2,43
8,6.087210970404518,0.3153080394423366,0.005567874992266297,,,,,0.04499045922420919,Repo_SGD,synthetic,30x30,2,43
9,6.043404566417931,0.31303893600183075,0.005581583012826741,,,,,0.05057204223703593,Repo_SGD,synthetic,30x30,2,43
10,6.017665534022017,0.31170569424606503,0.005597958923317492,,,,,0.05617000116035342,Repo_SGD,synthetic,30x30,2,43
11,6.0008447026083225,0.3108344013993692,0.005680041969753802,,,,,0.061850043130107224,Repo_SGD,synthetic,30x30,2,43
12,5.98996601891279,0.31027090254177603,0.005786749999970198,,,,,0.06763679313007742,Repo_SGD,synthetic,30x30,2,43
13,5.980785217280644,0.3097953513283853,0.005761041073128581,,,,,0.073397834203206,Repo_SGD,synthetic,30x30,2,43
14,5.972922938727383,0.3093880975551497,0.005851333029568195,,,,,0.0792491672327742,Repo_SGD,synthetic,30x30,2,43
15,5.965227321144019,0.3089894765603615,0.005802375031635165,,,,,0.08505154226440936,Repo_SGD,synthetic,30x30,2,43
1,1.8923471780031294e-15,9.793104753196445e-17,0.012493417016230524,0.00017941603437066078,0.0001506255939602852,0.012105666217394173,3.320618998259306e-05,0.012493417016230524,NBMF_SA,synthetic,30x30,2,44
2,1.8923471780031294e-15,9.793104753196445e-17,0.010394167038612068,0.00016391696408391,0.00012187962420284748,0.010073996731080115,1.4165067113935947e-05,0.02288758405484259,NBMF_SA,synthetic,30x30,2,44
3,1.8923471780031294e-15,9.793104753196445e-17,0.010796707938425243,0.00015449989587068558,0.00014645687770098448,0.010458579985424876,1.6873935237526894e-05,0.033684291993267834,NBMF_SA,synthetic,30x30,2,44
4,1.8923471780031294e-15,9.793104753196445e-17,0.01186062500346452,0.00015079195145517588,0.00015720771625638008,0.01151137356646359,1.824670471251011e-05,0.045544916996732354,NBMF_SA,synthetic,30x30,2,44
5,1.8923471780031294e-15,9.793104753196445e-17,0.012290416983887553,0.00026549992617219687,0.00016178912483155727,0.011818625149317086,1.957942731678486e-05,0.05783533398061991,NBMF_SA,synthetic,30x30,2,44
6,1.8923471780031294e-15,9.793104753196445e-17,0.01100879197474569,0.0001573750050738454,0.00015262386295944452,0.010656828177161515,1.958850771188736e-05,0.0688441259553656,NBMF_SA,synthetic,30x30,2,44
7,1.8923471780031294e-15,9.793104753196445e-17,0.010189083055593073,0.00020291598048061132,0.00012799946125596762,0.009822917054407299,1.4958088286221027e-05,0.07903320901095867,NBMF_SA,synthetic,30x30,2,44
8,1.8923471780031294e-15,9.793104753196445e-17,0.01059183303732425,0.0001557910582050681,0.0001468731788918376,0.010250790743157268,1.5374156646430492e-05,0.08962504204828292,NBMF_SA,synthetic,30x30,2,44
9,1.8923471780031294e-15,9.793104753196445e-17,0.01040466595441103,0.0001551249297335744,0.0001292497618123889,0.010084667010232806,1.512095332145691e-05,0.10002970800269395,NBMF_SA,synthetic,30x30,2,44
10,1.8923471780031294e-15,9.793104753196445e-17,0.01003062492236495,0.0001512920716777444,0.00012262421660125256,0.009719665860757232,1.3664714060723782e-05,0.1100603329250589,NBMF_SA,synthetic,30x30,2,44
11,1.8923471780031294e-15,9.793104753196445e-17,0.01026825001463294,0.00016620801761746407,0.00014199933502823114,0.009925582096911967,1.3587996363639832e-05,0.12032858293969184,NBMF_SA,synthetic,30x30,2,44
12,1.8923471780031294e-15,9.793104753196445e-17,0.00981162500102073,0.00015870807692408562,0.0001198349054902792,0.009500374784693122,1.3417680747807026e-05,0.13014020794071257,NBMF_SA,synthetic,30x30,2,44
13,1.8923471780031294e-15,9.793104753196445e-17,0.010117041994817555,0.00015504099428653717,0.00012162420898675919,0.009805124485865235,1.3792305253446102e-05,0.14025724993553013,NBMF_SA,synthetic,30x30,2,44
14,1.8923471780031294e-15,9.793104753196445e-17,0.01032695802859962,0.00015445798635482788,0.0001284182071685791,0.010007043136283755,1.420406624674797e-05,0.15058420796412975,NBMF_SA,synthetic,30x30,2,44
15,1.8923471780031294e-15,9.793104753196445e-17,0.009863834013231099,0.0001663749571889639,0.00012262200471013784,0.009533666772767901,1.3460288755595684e-05,0.16044804197736084,NBMF_SA,synthetic,30x30,2,44
1,1.8923471780031294e-15,9.793104753196445e-17,0.021884749992750585,0.00018616695888340473,0.00013912771828472614,0.021520873997360468,1.8871738575398922e-05,0.021884749992750585,NBMF_PathIntegral,synthetic,30x30,2,44
2,1.8923471780031294e-15,9.793104753196445e-17,0.021461416967213154,0.00015670806169509888,0.000136910704895854,0.021133748115971684,1.537427306175232e-05,0.04334616695996374,NBMF_PathIntegral,synthetic,30x30,2,44
3,1.8923471780031294e-15,9.793104753196445e-17,0.02128062502015382,0.00016508297994732857,0.0001333316322416067,0.02091766393277794,4.541815724223852e-05,0.06462679198011756,NBMF_PathIntegral,synthetic,30x30,2,44
4,1.8923471780031294e-15,9.793104753196445e-17,0.021453291992656887,0.0001598329981788993,0.0001254138769581914,0.021124626277014613,2.2333930246531963e-05,0.08608008397277445,NBMF_PathIntegral,synthetic,30x30,2,44
5,1.8923471780031294e-15,9.793104753196445e-17,0.021561749977990985,0.00015941692981868982,0.0001311290543526411,0.02123412408400327,1.3998942449688911e-05,0.10764183395076543,NBMF_PathIntegral,synthetic,30x30,2,44
6,1.8923471780031294e-15,9.793104753196445e-17,0.021347624948248267,0.0001567919971421361,0.00015062466263771057,0.021003454108722508,1.387402880936861e-05,0.1289894588990137,NBMF_PathIntegral,synthetic,30x30,2,44
7,1.8923471780031294e-15,9.793104753196445e-17,0.022420333931222558,0.00015054107643663883,0.0001443348592147231,0.022081707254983485,2.2625550627708435e-05,0.15140979283023626,NBMF_PathIntegral,synthetic,30x30,2,44
8,1.8923471780031294e-15,9.793104753196445e-17,0.021817709086462855,0.0001527080312371254,0.00014966283924877644,0.02147954097017646,1.3749930076301098e-05,0.1732275019166991,NBMF_PathIntegral,synthetic,30x30,2,44
9,1.8923471780031294e-15,9.793104753196445e-17,0.022461166023276746,0.00015237508341670036,0.00012791564222425222,0.02214566885959357,1.4789984561502934e-05,0.19568866793997586,NBMF_PathIntegral,synthetic,30x30,2,44
10,1.8923471780031294e-15,9.793104753196445e-17,0.023411624948494136,0.00015308300498872995,0.00014270911924540997,0.023077999940142035,1.5873811207711697e-05,0.21910029288847,NBMF_PathIntegral,synthetic,30x30,2,44
11,1.8923471780031294e-15,9.793104753196445e-17,0.021669792011380196,0.00015362503472715616,0.00012983207125216722,0.02135103871114552,1.4080549590289593e-05,0.2407700848998502,NBMF_PathIntegral,synthetic,30x30,2,44
12,1.8923471780031294e-15,9.793104753196445e-17,0.024000208009965718,0.00016695901285856962,0.0001538300421088934,0.02364058292005211,1.658429391682148e-05,0.2647702929098159,NBMF_PathIntegral,synthetic,30x30,2,44
13,1.8923471780031294e-15,9.793104753196445e-17,0.023391125025227666,0.0001594159984961152,0.00014033482875674963,0.023054002784192562,1.512398011982441e-05,0.2881614179350436,NBMF_PathIntegral,synthetic,30x30,2,44
14,1.8923471780031294e-15,9.793104753196445e-17,0.024156167055480182,0.00015108403749763966,0.00017991592176258564,0.023781961062923074,1.6165897250175476e-05,0.31231758499052376,NBMF_PathIntegral,synthetic,30x30,2,44
15,1.8923471780031294e-15,9.793104753196445e-17,0.02506316697690636,0.00015445798635482788,0.0001707926858216524,0.02469241584185511,1.9624712876975536e-05,0.3373807519674301,NBMF_PathIntegral,synthetic,30x30,2,44
1,1.8923471780031294e-15,9.793104753196445e-17,0.0028059170581400394,0.0001598750241100788,0.0001354169799014926,0.0024696594337001443,1.874577719718218e-05,0.0028059170581400394,NBMF_Exact,synthetic,30x30,2,44
2,1.8923471780031294e-15,9.793104753196445e-17,0.003015790949575603,0.0001628749305382371,0.00011316186282783747,0.0027081227162852883,1.3501034118235111e-05,0.0058217080077156425,NBMF_Exact,synthetic,30x30,2,44
3,1.8923471780031294e-15,9.793104753196445e-17,0.002350208000279963,0.0001680839341133833,0.00010183197446167469,0.002053374773822725,1.2040836736559868e-05,0.008171916007995605,NBMF_Exact,synthetic,30x30,2,44
4,1.8923471780031294e-15,9.793104753196445e-17,0.0025190829765051603,0.00014266592916101217,0.00010058365296572447,0.0022500419290736318,1.1831638403236866e-05,0.010690998984500766,NBMF_Exact,synthetic,30x30,2,44
5,1.8923471780031294e-15,9.793104753196445e-17,0.0029748750384896994,0.00014429097063839436,0.00014504010323435068,0.0026504991110414267,1.3747252523899078e-05,0.013665874022990465,NBMF_Exact,synthetic,30x30,2,44
6,1.8923471780031294e-15,9.793104753196445e-17,0.0023919169325381517,0.00016045907977968454,0.00011016312055289745,0.002090706257149577,1.6497098840773106e-05,0.016057790955528617,NBMF_Exact,synthetic,30x30,2,44
7,1.8923471780031294e-15,9.793104753196445e-17,0.002485707984305918,0.00015004200395196676,0.00010271079372614622,0.002207251498475671,1.1791125871241093e-05,0.018543498939834535,NBMF_Exact,synthetic,30x30,2,44
8,1.8923471780031294e-15,9.793104753196445e-17,0.002241208916530013,0.00014529097825288773,0.00010033091530203819,0.0019700838020071387,1.2166914530098438e-05,0.020784707856364548,NBMF_Exact,synthetic,30x30,2,44
9,1.8923471780031294e-15,9.793104753196445e-17,0.0025834590196609497,0.00015779200475662947,0.000104082515463233,0.0022950388956815004,1.2370524927973747e-05,0.023368166876025498,NBMF_Exact,synthetic,30x30,2,44
10,1.8923471780031294e-15,9.793104753196445e-17,0.0022476669400930405,0.00014533393550664186,0.00010170834138989449,0.0019741234136745334,1.225306186825037e-05,0.02561583381611854,NBMF_Exact,synthetic,30x30,2,44
11,1.8923471780031294e-15,9.793104753196445e-17,0.0025991250295192003,0.00015016598626971245,0.00010674924124032259,0.002316251746378839,1.2330012395977974e-05,0.02821495884563774,NBMF_Exact,synthetic,30x30,2,44
12,1.8923471780031294e-15,9.793104753196445e-17,0.0023496249923482537,0.0001449999399483204,0.00010504189413040876,0.002072751522064209,1.2665288522839546e-05,0.030564583837985992,NBMF_Exact,synthetic,30x30,2,44
13,1.8923471780031294e-15,9.793104753196445e-17,0.0031135829631239176,0.00014587491750717163,0.00012596126180142164,0.0027990388916805387,1.7914804629981518e-05,0.03367816680110991,NBMF_Exact,synthetic,30x30,2,44
14,1.8923471780031294e-15,9.793104753196445e-17,0.00252045807428658,0.00016058306209743023,0.00011004519183188677,0.0022192898904904723,1.2456788681447506e-05,0.03619862487539649,NBMF_Exact,synthetic,30x30,2,44
15,1.8923471780031294e-15,9.793104753196445e-17,0.002456749905832112,0.00015187496319413185,0.0001059120986610651,0.0021713307360187173,1.2913020327687263e-05,0.0386553747812286,NBMF_Exact,synthetic,30x30,2,44
1,5.587977037742651e-15,2.8918395696722225e-16,0.0006084580672904849,,,,,0.0006084580672904849,Repo_ALS,synthetic,30x30,2,44
2,1.2654221694878667e-14,6.548698889327849e-16,0.0005617919377982616,,,,,0.0011702500050887465,Repo_ALS,synthetic,30x30,2,44
3,2.6400170639305794e-14,1.3662378636345304e-15,0.0005673330742865801,,,,,0.0017375830793753266,Repo_ALS,synthetic,30x30,2,44
4,1.6027366955600857e-14,8.294338657230203e-16,0.0006471250671893358,,,,,0.0023847081465646625,Repo_ALS,synthetic,30x30,2,44
5,3.2273481074461366e-14,1.670188137707469e-15,0.000601791893132031,,,,,0.0029865000396966934,Repo_ALS,synthetic,30x30,2,44
6,3.3639332550327325e-14,1.7408724536509e-15,0.0005442090332508087,,,,,0.003530709072947502,Repo_ALS,synthetic,30x30,2,44
7,1.2370710960874762e-14,6.401978966629222e-16,0.0005446249851956964,,,,,0.0040753340581431985,Repo_ALS,synthetic,30x30,2,44
8,2.3612494189492185e-14,1.2219725416662256e-15,0.0006086250068619847,,,,,0.004683959065005183,Repo_ALS,synthetic,30x30,2,44
9,1.0857366915258559e-14,5.618806780329639e-16,0.0006344999419525266,,,,,0.00531845900695771,Repo_ALS,synthetic,30x30,2,44
10,1.2095716171987808e-14,6.25966613918099e-16,0.000580625026486814,,,,,0.005899084033444524,Repo_ALS,synthetic,30x30,2,44
11,1.415066924307358e-14,7.323126952396123e-16,0.000574458041228354,,,,,0.006473542074672878,Repo_ALS,synthetic,30x30,2,44
12,3.449241173873898e-14,1.7850202398076815e-15,0.0006385000888258219,,,,,0.0071120421634987,Repo_ALS,synthetic,30x30,2,44
13,2.6618678708360716e-14,1.3775458965079252e-15,0.0006339580286294222,,,,,0.007746000192128122,Repo_ALS,synthetic,30x30,2,44
14,2.1130774253045683e-14,1.0935408057341184e-15,0.000545875052921474,,,,,0.008291875245049596,Repo_ALS,synthetic,30x30,2,44
15,1.5588014732097205e-14,8.066969049880386e-16,0.0005435830680653453,,,,,0.008835458313114941,Repo_ALS,synthetic,30x30,2,44
1,11.188152589306066,0.5789992004397364,0.005712584010325372,,,,,0.005712584010325372,Repo_SGD,synthetic,30x30,2,44
2,9.170934564386531,0.474605949255675,0.005631708074361086,,,,,0.011344292084686458,Repo_SGD,synthetic,30x30,2,44
3,7.852958919193797,0.4063992602000541,0.005853707902133465,,,,,0.017197999986819923,Repo_SGD,synthetic,30x30,2,44
4,7.036330743966813,0.3641378540618392,0.005499292048625648,,,,,0.02269729203544557,Repo_SGD,synthetic,30x30,2,44
5,6.5503982185371,0.3389903114764447,0.005720208049751818,,,,,0.02841750008519739,Repo_SGD,synthetic,30x30,2,44
6,6.26752529015043,0.3243513263486876,0.005794832948595285,,,,,0.034212333033792675,Repo_SGD,synthetic,30x30,2,44
7,6.106924500719098,0.316040058878166,0.005607750033959746,,,,,0.03982008306775242,Repo_SGD,synthetic,30x30,2,44
8,6.01633502751273,0.3113519540158066,0.005523667088709772,,,,,0.04534375015646219,Repo_SGD,synthetic,30x30,2,44
9,5.965404518844769,0.30871624418244914,0.005491459043696523,,,,,0.050835209200158715,Repo_SGD,synthetic,30x30,2,44
10,5.93586697124581,0.3071876436108861,0.005999083979986608,,,,,0.05683429318014532,Repo_SGD,synthetic,30x30,2,44
11,5.91898786262687,0.3063141311773997,0.005901250056922436,,,,,0.06273554323706776,Repo_SGD,synthetic,30x30,2,44
12,5.907871540348393,0.30573884927453926,0.0057710419641807675,,,,,0.06850658520124853,Repo_SGD,synthetic,30x30,2,44
13,5.900787674649631,0.30537225143429114,0.005979500012472272,,,,,0.0744860852137208,Repo_SGD,synthetic,30x30,2,44
14,5.895133319408564,0.30507963233230384,0.005572082940489054,,,,,0.08005816815420985,Repo_SGD,synthetic,30x30,2,44
15,5.890637832056073,0.3048469859179917,0.00567508302628994,,,,,0.08573325118049979,Repo_SGD,synthetic,30x30,2,44
1,3.330437769380321e-15,1.5431973067001675e-16,0.01164629205595702,0.00019054103177040815,0.000143336015753448,0.011272668140009046,1.5792902559041977e-05,0.01164629205595702,NBMF_SA,synthetic,30x30,2,45
2,3.330437769380321e-15,1.5431973067001675e-16,0.010927792056463659,0.0002425829879939556,0.0001341596944257617,0.010517456103116274,1.5334924682974815e-05,0.022574084112420678,NBMF_SA,synthetic,30x30,2,45
3,3.330437769380321e-15,1.5431973067001675e-16,0.009369457955472171,0.00014804094098508358,0.00011125230230391026,0.00908020616043359,1.3582524843513966e-05,0.03194354206789285,NBMF_SA,synthetic,30x30,2,45
4,3.330437769380321e-15,1.5431973067001675e-16,0.010386291076429188,0.00014474999625235796,0.0001235839445143938,0.010076123056933284,1.445284578949213e-05,0.04232983314432204,NBMF_SA,synthetic,30x30,2,45
5,3.330437769380321e-15,1.5431973067001675e-16,0.011344333994202316,0.00015208299737423658,0.0001534168841317296,0.011002996121533215,1.579208765178919e-05,0.053674167138524354,NBMF_SA,synthetic,30x30,2,45
6,3.330437769380321e-15,1.5431973067001675e-16,0.010507749975658953,0.00016545900143682957,0.00012966804206371307,0.01017996110022068,1.4332006685435772e-05,0.0641819171141833,NBMF_SA,synthetic,30x30,2,45
7,3.330437769380321e-15,1.5431973067001675e-16,0.010138583020307124,0.00014625000767409801,0.00011658109724521637,0.009844835149124265,1.3751559890806675e-05,0.07432050013449043,NBMF_SA,synthetic,30x30,2,45
8,3.330437769380321e-15,1.5431973067001675e-16,0.0094455829821527,0.00014920905232429504,0.00011274777352809906,0.009153955848887563,1.3498123735189438e-05,0.08376608311664313,NBMF_SA,synthetic,30x30,2,45
9,3.330437769380321e-15,1.5431973067001675e-16,0.011052375077269971,0.00014870800077915192,0.0001344562042504549,0.010733538656495512,1.620827242732048e-05,0.0948184581939131,NBMF_SA,synthetic,30x30,2,45
10,3.330437769380321e-15,1.5431973067001675e-16,0.01004400011152029,0.00016312510706484318,0.00012612459249794483,0.009723082068376243,1.4917808584868908e-05,0.10486245830543339,NBMF_SA,synthetic,30x30,2,45
11,3.330437769380321e-15,1.5431973067001675e-16,0.010192582965828478,0.00014404102694243193,0.0001169996103271842,0.009901748620904982,1.3666111044585705e-05,0.11505504127126187,NBMF_SA,synthetic,30x30,2,45
12,3.330437769380321e-15,1.5431973067001675e-16,0.009827209054492414,0.00014266697689890862,0.00011587550397962332,0.009535331977531314,1.3416167348623276e-05,0.12488225032575428,NBMF_SA,synthetic,30x30,2,45
13,3.330437769380321e-15,1.5431973067001675e-16,0.009947874932549894,0.00014716596342623234,0.00011807819828391075,0.009650668944232166,1.4211516827344894e-05,0.13483012525830418,NBMF_SA,synthetic,30x30,2,45
14,3.330437769380321e-15,1.5431973067001675e-16,0.010716208023950458,0.0001621670089662075,0.0001320833107456565,0.010376499965786934,1.4498480595648289e-05,0.14554633328225464,NBMF_SA,synthetic,30x30,2,45
15,3.330437769380321e-15,1.5431973067001675e-16,0.009939874988049269,0.000145082944072783,0.00014425104018300772,0.009619245654903352,1.4664256013929844e-05,0.1554862082703039,NBMF_SA,synthetic,30x30,2,45
1,3.330437769380321e-15,1.5431973067001675e-16,0.021690708003006876,0.0001442920183762908,0.00013554038014262915,0.021373207215219736,1.5290454030036926e-05,0.021690708003006876,NBMF_PathIntegral,synthetic,30x30,2,45
2,3.330437769380321e-15,1.5431973067001675e-16,0.02279824996367097,0.00016729196067899466,0.00014275067951530218,0.022444958216510713,1.695612445473671e-05,0.044488957966677845,NBMF_PathIntegral,synthetic,30x30,2,45
3,3.330437769380321e-15,1.5431973067001675e-16,0.022813457995653152,0.00015966698992997408,0.00015503913164138794,0.022451998898759484,1.7458107322454453e-05,0.067302415962331,NBMF_PathIntegral,synthetic,30x30,2,45
4,3.330437769380321e-15,1.5431973067001675e-16,0.024634249974042177,0.00016175000928342342,0.00016354082617908716,0.024265707121230662,1.8124934285879135e-05,0.09193666593637317,NBMF_PathIntegral,synthetic,30x30,2,45
5,3.330437769380321e-15,1.5431973067001675e-16,0.022140042041428387,0.0001723750028759241,0.00014004227705299854,0.021789872902445495,1.6416190192103386e-05,0.11407670797780156,NBMF_PathIntegral,synthetic,30x30,2,45
6,3.330437769380321e-15,1.5431973067001675e-16,0.02185183297842741,0.0002758749760687351,0.00016949838027358055,0.02137278683949262,1.4455989003181458e-05,0.13592854095622897,NBMF_PathIntegral,synthetic,30x30,2,45
7,3.330437769380321e-15,1.5431973067001675e-16,0.02286745805758983,0.00014949997421354055,0.00016133603639900684,0.022517042001709342,1.6538193449378014e-05,0.1587959990138188,NBMF_PathIntegral,synthetic,30x30,2,45
8,3.330437769380321e-15,1.5431973067001675e-16,0.02271445805672556,0.0001723750028759241,0.00015175179578363895,0.022350622806698084,1.699908170849085e-05,0.18151045707054436,NBMF_PathIntegral,synthetic,30x30,2,45
9,3.330437769380321e-15,1.5431973067001675e-16,0.0224836670095101,0.00017137499526143074,0.0001474606106057763,0.022120748995803297,1.725088804960251e-05,0.20399412408005446,NBMF_PathIntegral,synthetic,30x30,2,45
10,3.330437769380321e-15,1.5431973067001675e-16,0.022483958979137242,0.0002268339740112424,0.00014950009062886238,0.022064457996748388,1.6751931980252266e-05,0.2264780830591917,NBMF_PathIntegral,synthetic,30x30,2,45
11,3.330437769380321e-15,1.5431973067001675e-16,0.02171150001231581,0.0001573330955579877,0.00012933043763041496,0.021391455316916108,1.4627818018198013e-05,0.2481895830715075,NBMF_PathIntegral,synthetic,30x30,2,45
12,3.330437769380321e-15,1.5431973067001675e-16,0.022188000031746924,0.00015720899682492018,0.00013133080210536718,0.021858246880583465,1.466437242925167e-05,0.27037758310325444,NBMF_PathIntegral,synthetic,30x30,2,45
13,3.330437769380321e-15,1.5431973067001675e-16,0.02183225005865097,0.00016212498303502798,0.00012783415149897337,0.021506995195522904,1.499976497143507e-05,0.2922098331619054,NBMF_PathIntegral,synthetic,30x30,2,45
14,3.330437769380321e-15,1.5431973067001675e-16,0.022527292021550238,0.0001611249754205346,0.00014046032447367907,0.02215657918713987,1.608522143214941e-05,0.31473712518345565,NBMF_PathIntegral,synthetic,30x30,2,45
15,3.330437769380321e-15,1.5431973067001675e-16,0.023271667072549462,0.00015833403449505568,0.00018849363550543785,0.02286520611960441,3.329210449010134e-05,0.3380087922560051,NBMF_PathIntegral,synthetic,30x30,2,45
1,3.330437769380321e-15,1.5431973067001675e-16,0.0029077499639242887,0.0001558329677209258,0.00013629125896841288,0.002581290900707245,1.4375080354511738e-05,0.0029077499639242887,NBMF_Exact,synthetic,30x30,2,45
2,3.330437769380321e-15,1.5431973067001675e-16,0.0031819998985156417,0.00015941704623401165,0.0001437077298760414,0.002848041243851185,1.3536657206714153e-05,0.0060897498624399304,NBMF_Exact,synthetic,30x30,2,45
3,3.330437769380321e-15,1.5431973067001675e-16,0.0024813750060275197,0.00019875005818903446,0.00010357878636568785,0.0021519558504223824,1.1460273526608944e-05,0.00857112486846745,NBMF_Exact,synthetic,30x30,2,45
4,3.330437769380321e-15,1.5431973067001675e-16,0.0023355419980362058,0.00013970793224871159,0.00010237540118396282,0.002060500788502395,1.1828378774225712e-05,0.010906666866503656,NBMF_Exact,synthetic,30x30,2,45
5,3.330437769380321e-15,1.5431973067001675e-16,0.002615083009004593,0.00015408406034111977,0.00011591287329792976,0.002317913924343884,1.1414173059165478e-05,0.013521749875508249,NBMF_Exact,synthetic,30x30,2,45
6,3.330437769380321e-15,1.5431973067001675e-16,0.0021817079978063703,0.0001412919955328107,0.00010649801697582006,0.0019087910186499357,1.128914300352335e-05,0.01570345787331462,NBMF_Exact,synthetic,30x30,2,45
7,3.330437769380321e-15,1.5431973067001675e-16,0.002807041979394853,0.0001487908884882927,0.00010908220428973436,0.002518581924960017,1.3457727618515491e-05,0.018510499852709472,NBMF_Exact,synthetic,30x30,2,45
8,3.330437769380321e-15,1.5431973067001675e-16,0.002246333984658122,0.0001527089625597,0.00010121101513504982,0.0019654559437185526,1.2040836736559868e-05,0.020756833837367594,NBMF_Exact,synthetic,30x30,2,45
9,3.330437769380321e-15,1.5431973067001675e-16,0.002672125003300607,0.00014662498142570257,0.0001058338675647974,0.002383203594945371,1.1996482498943806e-05,0.0234289588406682,NBMF_Exact,synthetic,30x30,2,45
10,3.330437769380321e-15,1.5431973067001675e-16,0.002346875029616058,0.00014833302702754736,0.00010412302799522877,0.002067416673526168,1.1496711522340775e-05,0.02577583387028426,NBMF_Exact,synthetic,30x30,2,45
11,3.330437769380321e-15,1.5431973067001675e-16,0.002877000020816922,0.00015249999705702066,0.00011362612713128328,0.002579500316642225,1.3747834600508213e-05,0.02865283389110118,NBMF_Exact,synthetic,30x30,2,45
12,3.330437769380321e-15,1.5431973067001675e-16,0.002254165941849351,0.00015429197810590267,9.862298611551523e-05,0.0019754134118556976,1.1331867426633835e-05,0.030906999832950532,NBMF_Exact,synthetic,30x30,2,45
13,3.330437769380321e-15,1.5431973067001675e-16,0.002354959025979042,0.0001402080524712801,0.0001013738801702857,0.002080548321828246,1.1748634278774261e-05,0.033261958858929574,NBMF_Exact,synthetic,30x30,2,45
14,3.330437769380321e-15,1.5431973067001675e-16,0.0028739169938489795,0.0001546660205349326,0.00010337599087506533,0.002588331699371338,1.2038741260766983e-05,0.036135875852778554,NBMF_Exact,synthetic,30x30,2,45
15,3.330437769380321e-15,1.5431973067001675e-16,0.002208332996815443,0.00014187500346451998,0.00010145746637135744,0.0019408345688134432,1.08333770185709e-05,0.038344208849594,NBMF_Exact,synthetic,30x30,2,45
1,4.476057957662149e-14,2.0740338247435007e-15,0.0007524170214310288,,,,,0.0007524170214310288,Repo_ALS,synthetic,30x30,2,45
2,2.4363471320830705e-14,1.1289099490115479e-15,0.0005819170037284493,,,,,0.0013343340251594782,Repo_ALS,synthetic,30x30,2,45
3,3.6932829741700436e-14,1.7113258776431868e-15,0.0005570839857682586,,,,,0.0018914180109277368,Repo_ALS,synthetic,30x30,2,45
4,1.3567631511276205e-13,6.28672080259212e-15,0.000581582891754806,,,,,0.002473000902682543,Repo_ALS,synthetic,30x30,2,45
5,1.9016114386439396e-14,8.811339090270943e-16,0.0005712920101359487,,,,,0.0030442929128184915,Repo_ALS,synthetic,30x30,2,45
6,5.343396882163198e-14,2.4759254633118692e-15,0.0005617080023512244,,,,,0.003606000915169716,Repo_ALS,synthetic,30x30,2,45
7,5.892601035848513e-14,2.7304056336329677e-15,0.0005852089961990714,,,,,0.004191209911368787,Repo_ALS,synthetic,30x30,2,45
8,3.5732142563353027e-14,1.6556906324255619e-15,0.0005650840466842055,,,,,0.004756293958052993,Repo_ALS,synthetic,30x30,2,45
9,5.347177194956644e-14,2.4776771154745264e-15,0.0005552080692723393,,,,,0.005311502027325332,Repo_ALS,synthetic,30x30,2,45
10,4.132715967224265e-14,1.9149422963588096e-15,0.0005523749860003591,,,,,0.005863877013325691,Repo_ALS,synthetic,30x30,2,45
11,3.762169987348283e-14,1.743245481180189e-15,0.0005586249753832817,,,,,0.006422501988708973,Repo_ALS,synthetic,30x30,2,45
12,6.845555432863213e-14,3.171968203095058e-15,0.000551957986317575,,,,,0.006974459975026548,Repo_ALS,synthetic,30x30,2,45
13,2.8033845862646297e-14,1.2989810477597639e-15,0.0005664170021191239,,,,,0.007540876977145672,Repo_ALS,synthetic,30x30,2,45
14,1.6491086841535187e-14,7.641338034414272e-16,0.0005525420419871807,,,,,0.008093419019132853,Repo_ALS,synthetic,30x30,2,45
15,2.378685621772356e-14,1.1021918135670548e-15,0.0005503749707713723,,,,,0.008643793989904225,Repo_ALS,synthetic,30x30,2,45
1,11.123914935216316,0.5154396135491118,0.005517749930731952,,,,,0.005517749930731952,Repo_SGD,synthetic,30x30,2,45
2,9.067815252699363,0.42016782911467065,0.005379832931794226,,,,,0.010897582862526178,Repo_SGD,synthetic,30x30,2,45
3,7.714360947109212,0.35745394031809086,0.00551833410281688,,,,,0.016415916965343058,Repo_SGD,synthetic,30x30,2,45
4,6.866506397808067,0.31816760778294007,0.00558029196690768,,,,,0.021996208932250738,Repo_SGD,synthetic,30x30,2,45
5,6.353367274394638,0.29439070612471063,0.005522208055481315,,,,,0.027518416987732053,Repo_SGD,synthetic,30x30,2,45
6,6.059790012979502,0.2807874602304466,0.005510582937858999,,,,,0.03302899992559105,Repo_SGD,synthetic,30x30,2,45
7,5.889360131409782,0.2728903922642567,0.005521540995687246,,,,,0.0385505409212783,Repo_SGD,synthetic,30x30,2,45
8,5.796137166106185,0.2685707970956648,0.005617708899080753,,,,,0.04416824982035905,Repo_SGD,synthetic,30x30,2,45
9,5.742715737959633,0.2660954527192054,0.0056146669667214155,,,,,0.04978291678708047,Repo_SGD,synthetic,30x30,2,45
10,5.713345391949644,0.26473454337340785,0.005715084029361606,,,,,0.05549800081644207,Repo_SGD,synthetic,30x30,2,45
11,5.697533872015387,0.26400189809771124,0.005602290970273316,,,,,0.06110029178671539,Repo_SGD,synthetic,30x30,2,45
12,5.687715296419019,0.26354694290968,0.005581500008702278,,,,,0.06668179179541767,Repo_SGD,synthetic,30x30,2,45
13,5.682041111492823,0.2632840229123052,0.00555987493135035,,,,,0.07224166672676802,Repo_SGD,synthetic,30x30,2,45
14,5.678349049135692,0.26311294688325954,0.005540499929338694,,,,,0.07778216665610671,Repo_SGD,synthetic,30x30,2,45
15,5.675787755485546,0.26299426634525597,0.005357749992981553,,,,,0.08313991664908826,Repo_SGD,synthetic,30x30,2,45
1,3.3617094749047214e-15,1.6469213217976197e-16,0.011655458016321063,0.0002068330068141222,0.00014375022146850824,0.011271247291006148,1.616496592760086e-05,0.011655458016321063,NBMF_SA,synthetic,30x30,2,46
2,3.3617094749047214e-15,1.6469213217976197e-16,0.009673167020082474,0.0001497080083936453,0.00012883497402071953,0.009354544221423566,1.4873337931931019e-05,0.021328625036403537,NBMF_SA,synthetic,30x30,2,46
3,3.3617094749047214e-15,1.6469213217976197e-16,0.010571959079243243,0.00016087503172457218,0.0001268739579245448,0.010248042759485543,1.4830031432211399e-05,0.03190058411564678,NBMF_SA,synthetic,30x30,2,46
4,3.3617094749047214e-15,1.6469213217976197e-16,0.010098124970681965,0.0001569169107824564,0.00012550188694149256,0.00978329114150256,1.450220588594675e-05,0.041998709086328745,NBMF_SA,synthetic,30x30,2,46
5,3.3617094749047214e-15,1.6469213217976197e-16,0.009888209053315222,0.00015679094940423965,0.00014316814485937357,0.009554333868436515,1.5957048162817955e-05,0.05188691813964397,NBMF_SA,synthetic,30x30,2,46
6,3.3617094749047214e-15,1.6469213217976197e-16,0.009458999964408576,0.00015616603195667267,0.00011424825061112642,0.009157997905276716,1.3456097804009914e-05,0.061345918104052544,NBMF_SA,synthetic,30x30,2,46
7,3.3617094749047214e-15,1.6469213217976197e-16,0.010780208045616746,0.00015937502030283213,0.00013791641686111689,0.01044383307453245,1.6123754903674126e-05,0.07212612614966929,NBMF_SA,synthetic,30x30,2,46
8,3.3617094749047214e-15,1.6469213217976197e-16,0.010083750006742775,0.0001568750012665987,0.00012720597442239523,0.009763582842424512,1.5584053471684456e-05,0.08220987615641207,NBMF_SA,synthetic,30x30,2,46
9,3.3617094749047214e-15,1.6469213217976197e-16,0.010119582992047071,0.0001614170614629984,0.00012591539416462183,0.00979771208949387,1.5037483535706997e-05,0.09232945914845914,NBMF_SA,synthetic,30x30,2,46
10,3.3617094749047214e-15,1.6469213217976197e-16,0.010744208004325628,0.00015362503472715616,0.00014283368363976479,0.010401627863757312,1.6916543245315552e-05,0.10307366715278476,NBMF_SA,synthetic,30x30,2,46
11,3.3617094749047214e-15,1.6469213217976197e-16,0.010390250012278557,0.00022158294450491667,0.00013120879884809256,0.009998539695516229,1.4747376553714275e-05,0.11346391716506332,NBMF_SA,synthetic,30x30,2,46
12,3.3617094749047214e-15,1.6469213217976197e-16,0.010329041979275644,0.00015225005336105824,0.00013703596778213978,0.010005499003455043,1.5707104466855526e-05,0.12379295914433897,NBMF_SA,synthetic,30x30,2,46
13,3.3617094749047214e-15,1.6469213217976197e-16,0.010854208027012646,0.0001550830202177167,0.00013300206046551466,0.010529666091315448,1.7542974092066288e-05,0.1346471671713516,NBMF_SA,synthetic,30x30,2,46
14,3.3617094749047214e-15,1.6469213217976197e-16,0.009865500032901764,0.00016079202760010958,0.0001227509928867221,0.009545954642817378,1.4915945939719677e-05,0.14451266720425338,NBMF_SA,synthetic,30x30,2,46
15,3.3617094749047214e-15,1.6469213217976197e-16,0.011679332936182618,0.00032708398066461086,0.00015033374074846506,0.011165124247781932,1.6539008356630802e-05,0.156192000140436,NBMF_SA,synthetic,30x30,2,46
1,3.3617094749047214e-15,1.6469213217976197e-16,0.02780020795762539,0.0001462079817429185,0.0002152088563889265,0.02738575090188533,2.533604856580496e-05,0.02780020795762539,NBMF_PathIntegral,synthetic,30x30,2,46
2,3.3617094749047214e-15,1.6469213217976197e-16,0.021901250001974404,0.00016895798034965992,0.0001390838297083974,0.02155187667813152,1.537380740046501e-05,0.04970145795959979,NBMF_PathIntegral,synthetic,30x30,2,46
3,3.3617094749047214e-15,1.6469213217976197e-16,0.022173999925144017,0.00014937494415789843,0.0001382471527904272,0.0218507923418656,1.5791738405823708e-05,0.07187545788474381,NBMF_PathIntegral,synthetic,30x30,2,46
4,3.3617094749047214e-15,1.6469213217976197e-16,0.021692082984372973,0.00022087490651756525,0.00013167026918381453,0.021300120512023568,1.4204881154000759e-05,0.09356754086911678,NBMF_PathIntegral,synthetic,30x30,2,46
5,3.3617094749047214e-15,1.6469213217976197e-16,0.0221907920204103,0.00016120797954499722,0.00014070991892367601,0.02184975182171911,1.6121077351272106e-05,0.11575833288952708,NBMF_PathIntegral,synthetic,30x30,2,46
6,3.3617094749047214e-15,1.6469213217976197e-16,0.020878667011857033,0.00015779095701873302,0.00012141501065343618,0.02056958235334605,1.3078679330646992e-05,0.13663699990138412,NBMF_PathIntegral,synthetic,30x30,2,46
7,3.3617094749047214e-15,1.6469213217976197e-16,0.02140420803334564,0.00018949992954730988,0.0001274612732231617,0.02105162024963647,1.3915239833295345e-05,0.15804120793472975,NBMF_PathIntegral,synthetic,30x30,2,46
8,3.3617094749047214e-15,1.6469213217976197e-16,0.02088600001297891,0.00016145803965628147,0.00011470983736217022,0.020578625262714922,1.291697844862938e-05,0.17892720794770867,NBMF_PathIntegral,synthetic,30x30,2,46
9,3.3617094749047214e-15,1.6469213217976197e-16,0.020892250002361834,0.00015566602814942598,0.00012112141121178865,0.020584373269230127,1.4125718735158443e-05,0.1998194579500705,NBMF_PathIntegral,synthetic,30x30,2,46
10,3.3617094749047214e-15,1.6469213217976197e-16,0.02071379090193659,0.00014770799316465855,0.00011724780779331923,0.02041549887508154,1.6789999790489674e-05,0.2205332488520071,NBMF_PathIntegral,synthetic,30x30,2,46
11,3.3617094749047214e-15,1.6469213217976197e-16,0.020663541043177247,0.00014625000767409801,0.00011645758058875799,0.02036958048120141,1.3375072740018368e-05,0.24119678989518434,NBMF_PathIntegral,synthetic,30x30,2,46
12,3.3617094749047214e-15,1.6469213217976197e-16,0.02097129204776138,0.0001598329981788993,0.00012954126577824354,0.02064612798858434,1.3044802471995354e-05,0.2621680819429457,NBMF_PathIntegral,synthetic,30x30,2,46
13,3.3617094749047214e-15,1.6469213217976197e-16,0.02069437492173165,0.00015162501949816942,0.00011291517876088619,0.020396041101776063,1.7331098206341267e-05,0.28286245686467737,NBMF_PathIntegral,synthetic,30x30,2,46
14,3.3617094749047214e-15,1.6469213217976197e-16,0.020501249935477972,0.0001466670073568821,0.00011245813220739365,0.02021150290966034,1.4081713743507862e-05,0.30336370680015534,NBMF_PathIntegral,synthetic,30x30,2,46
15,3.3617094749047214e-15,1.6469213217976197e-16,0.020464499946683645,0.00014837505295872688,0.00011041713878512383,0.020171622280031443,1.2916396372020245e-05,0.323828206746839,NBMF_PathIntegral,synthetic,30x30,2,46
1,3.3617094749047214e-15,1.6469213217976197e-16,0.0022255420917645097,0.00014045799616724253,9.645812679082155e-05,0.0019629582529887557,1.116492785513401e-05,0.0022255420917645097,NBMF_Exact,synthetic,30x30,2,46
2,3.3617094749047214e-15,1.6469213217976197e-16,0.0023058330407366157,0.00013945798855274916,9.816419333219528e-05,0.0020405426621437073,1.1126045137643814e-05,0.004531375132501125,NBMF_Exact,synthetic,30x30,2,46
3,3.3617094749047214e-15,1.6469213217976197e-16,0.0025166249834001064,0.0001545000122860074,9.595707524567842e-05,0.0022407907526940107,1.0702991858124733e-05,0.007048000115901232,NBMF_Exact,synthetic,30x30,2,46
4,3.3617094749047214e-15,1.6469213217976197e-16,0.002154792076908052,0.00013987498823553324,9.47489170357585e-05,0.0018968736985698342,1.0329065844416618e-05,0.009202792192809284,NBMF_Exact,synthetic,30x30,2,46
5,3.3617094749047214e-15,1.6469213217976197e-16,0.0024225410306826234,0.00013904203660786152,9.554426651448011e-05,0.0021608733804896474,1.0833493433892727e-05,0.011625333223491907,NBMF_Exact,synthetic,30x30,2,46
6,3.3617094749047214e-15,1.6469213217976197e-16,0.0021349580492824316,0.0001384170027449727,9.512284304946661e-05,0.0018775408389046788,1.0535819455981255e-05,0.013760291272774339,NBMF_Exact,synthetic,30x30,2,46
7,3.3617094749047214e-15,1.6469213217976197e-16,0.0023646660847589374,0.00013729208149015903,9.429105557501316e-05,0.002109541092067957,1.0749208740890026e-05,0.016124957357533276,NBMF_Exact,synthetic,30x30,2,46
8,3.3617094749047214e-15,1.6469213217976197e-16,0.0022564170649275184,0.00014320900663733482,9.470782242715359e-05,0.0019925031810998917,1.0790303349494934e-05,0.018381374422460794,NBMF_Exact,synthetic,30x30,2,46
9,3.3617094749047214e-15,1.6469213217976197e-16,0.002514874911867082,0.00014466699212789536,9.903882164508104e-05,0.002243787865154445,1.0826857760548592e-05,0.020896249334327877,NBMF_Exact,synthetic,30x30,2,46
10,3.3617094749047214e-15,1.6469213217976197e-16,0.0021752079483121634,0.00013887498062103987,9.641330689191818e-05,0.0019155412446707487,1.0788789950311184e-05,0.02307145728264004,NBMF_Exact,synthetic,30x30,2,46
11,3.3617094749047214e-15,1.6469213217976197e-16,0.002193541033193469,0.00014291692059487104,9.587407112121582e-05,0.001931081642396748,1.0537332855165005e-05,0.02526499831583351,NBMF_Exact,synthetic,30x30,2,46
12,3.3617094749047214e-15,1.6469213217976197e-16,0.0024363750126212835,0.00013712502550333738,9.874941315501928e-05,0.002176125650294125,1.0830117389559746e-05,0.027701373328454792,NBMF_Exact,synthetic,30x30,2,46
13,3.3617094749047214e-15,1.6469213217976197e-16,0.0023465839913114905,0.0001426249509677291,0.00010250112973153591,0.0020737070590257645,1.0789139196276665e-05,0.030047957319766283,NBMF_Exact,synthetic,30x30,2,46
14,3.3617094749047214e-15,1.6469213217976197e-16,0.0025554579915478826,0.00014775001909583807,0.00010241195559501648,0.0022777075646445155,1.0540825314819813e-05,0.032603415311314166,NBMF_Exact,synthetic,30x30,2,46
15,3.3617094749047214e-15,1.6469213217976197e-16,0.00222454103641212,0.00013824994675815105,9.445205796509981e-05,0.001962541020475328,1.4829915016889572e-05,0.034827956347726285,NBMF_Exact,synthetic,30x30,2,46
1,1.0233081219501926e-14,5.013246913183111e-16,0.0006292919861152768,,,,,0.0006292919861152768,Repo_ALS,synthetic,30x30,2,46
2,8.521122753580762e-15,4.1745483520478067e-16,0.0005500830011442304,,,,,0.0011793749872595072,Repo_ALS,synthetic,30x30,2,46
3,1.0343405900509206e-14,5.067295625847835e-16,0.0005487919552251697,,,,,0.0017281669424846768,Repo_ALS,synthetic,30x30,2,46
4,7.83973763017818e-15,3.840733756686552e-16,0.0005552920047193766,,,,,0.0022834589472040534,Repo_ALS,synthetic,30x30,2,46
5,7.579204745125048e-15,3.7130971579184173e-16,0.0005384159740060568,,,,,0.00282187492121011,Repo_ALS,synthetic,30x30,2,46
6,1.1539827795076593e-14,5.65342977656423e-16,0.0005553750088438392,,,,,0.0033772499300539494,Repo_ALS,synthetic,30x30,2,46
7,1.6114899698951757e-14,7.89478451691186e-16,0.0005475410725921392,,,,,0.003924791002646089,Repo_ALS,synthetic,30x30,2,46
8,8.785329785035228e-15,4.3039849368328576e-16,0.0005377089837566018,,,,,0.00446249998640269,Repo_ALS,synthetic,30x30,2,46
9,9.888311683542843e-15,4.844342281740092e-16,0.0005520000122487545,,,,,0.005014499998651445,Repo_ALS,synthetic,30x30,2,46
10,1.0790758038316563e-14,5.286456079660569e-16,0.0005464579444378614,,,,,0.005560957943089306,Repo_ALS,synthetic,30x30,2,46
11,1.2587756861232612e-14,6.166816413829406e-16,0.0005525839515030384,,,,,0.006113541894592345,Repo_ALS,synthetic,30x30,2,46
12,8.402144213920315e-15,4.116260062930054e-16,0.0005519590340554714,,,,,0.006665500928647816,Repo_ALS,synthetic,30x30,2,46
13,1.4133493366143642e-14,6.924081854767326e-16,0.0005418750224635005,,,,,0.007207375951111317,Repo_ALS,synthetic,30x30,2,46
14,9.266249003209769e-15,4.53959010152257e-16,0.0005360409850254655,,,,,0.007743416936136782,Repo_ALS,synthetic,30x30,2,46
15,9.187383320982685e-15,4.500953338117671e-16,0.000640333048067987,,,,,0.00838374998420477,Repo_ALS,synthetic,30x30,2,46
1,10.298005687353344,0.5045053793346036,0.005426582996733487,,,,,0.005426582996733487,Repo_SGD,synthetic,30x30,2,46
2,8.542908238973576,0.41852211899795116,0.005484666908159852,,,,,0.010911249904893339,Repo_SGD,synthetic,30x30,2,46
3,7.414430206380946,0.3632373138435823,0.005528833018615842,,,,,0.01644008292350918,Repo_SGD,synthetic,30x30,2,46
4,6.7155614812585345,0.32899932233557905,0.005509958020411432,,,,,0.021950040943920612,Repo_SGD,synthetic,30x30,2,46
5,6.297187132488675,0.3085029159499022,0.0055781659903004766,,,,,0.02752820693422109,Repo_SGD,synthetic,30x30,2,46
6,6.059192856737922,0.29684343585128936,0.005617749993689358,,,,,0.03314595692791045,Repo_SGD,synthetic,30x30,2,46
7,5.923354354541469,0.29018862741949497,0.005571541027165949,,,,,0.038717497955076396,Repo_SGD,synthetic,30x30,2,46
8,5.845860055860985,0.28639213596872026,0.005535125033929944,,,,,0.04425262298900634,Repo_SGD,synthetic,30x30,2,46
9,5.801835885426627,0.284235365863985,0.005549791967496276,,,,,0.049802414956502616,Repo_SGD,synthetic,30x30,2,46
10,5.774688387637151,0.2829053939173697,0.005514250020496547,,,,,0.055316664976999164,Repo_SGD,synthetic,30x30,2,46
11,5.757925039306317,0.2820841475843101,0.005554999923333526,,,,,0.06087166490033269,Repo_SGD,synthetic,30x30,2,46
12,5.745707959946271,0.281485625652586,0.005545957945287228,,,,,0.06641762284561992,Repo_SGD,synthetic,30x30,2,46
13,5.736533935444594,0.2810361847752201,0.0057399580255150795,,,,,0.072157580871135,Repo_SGD,synthetic,30x30,2,46
14,5.728788442549449,0.2806567285047698,0.005456042010337114,,,,,0.07761362288147211,Repo_SGD,synthetic,30x30,2,46
15,5.721376372782033,0.28029360683022486,0.0055128749227151275,,,,,0.08312649780418724,Repo_SGD,synthetic,30x30,2,46
1,8.87115536645593e-15,2.0963839567415053e-16,0.016196291078813374,0.00018270895816385746,0.00021516333799809217,0.015764246927574277,1.4747725799679756e-05,0.016196291078813374,NBMF_SA,synthetic,30x30,5,42
2,8.87115536645593e-15,2.0963839567415053e-16,0.014945790986530483,0.00019495899323374033,0.0001975828781723976,0.01452162500936538,1.3416050933301449e-05,0.031142082065343857,NBMF_SA,synthetic,30x30,5,42
3,8.87115536645593e-15,2.0963839567415053e-16,0.01522254094015807,0.00020237499848008156,0.0002007491420954466,0.014788330649025738,1.3827113434672356e-05,0.046364623005501926,NBMF_SA,synthetic,30x30,5,42
4,8.87115536645593e-15,2.0963839567415053e-16,0.015679541043937206,0.0001972500467672944,0.00021587032824754715,0.01523178827483207,1.4536664821207523e-05,0.06204416404943913,NBMF_SA,synthetic,30x30,5,42
5,8.87115536645593e-15,2.0963839567415053e-16,0.016987832961604,0.00035929097793996334,0.00022491579875349998,0.01635666494257748,1.5625962987542152e-05,0.07903199701104313,NBMF_SA,synthetic,30x30,5,42
6,8.87115536645593e-15,2.0963839567415053e-16,0.01676549995318055,0.0001987079158425331,0.0002287491224706173,0.016297667403705418,1.5995698049664497e-05,0.09579749696422368,NBMF_SA,synthetic,30x30,5,42
7,8.87115536645593e-15,2.0963839567415053e-16,0.015503832953982055,0.00020016694907099009,0.0002243362832814455,0.015044418047182262,1.4040735550224781e-05,0.11130132991820574,NBMF_SA,synthetic,30x30,5,42
8,8.87115536645593e-15,2.0963839567415053e-16,0.015432499931193888,0.00020399992354214191,0.00020870415028184652,0.014984832145273685,1.6787322238087654e-05,0.12673382984939963,NBMF_SA,synthetic,30x30,5,42
9,8.87115536645593e-15,2.0963839567415053e-16,0.014686041977256536,0.00018745893612504005,0.0001979998778551817,0.014269498060457408,1.3493001461029053e-05,0.14141987182665616,NBMF_SA,synthetic,30x30,5,42
10,8.87115536645593e-15,2.0963839567415053e-16,0.015134791960008442,0.00019933306612074375,0.00020471063908189535,0.014699457795359194,1.3419077731668949e-05,0.1565546637866646,NBMF_SA,synthetic,30x30,5,42
11,8.87115536645593e-15,2.0963839567415053e-16,0.015652916044928133,0.00019220903050154448,0.0002104147570207715,0.015214250073768198,1.4334102161228657e-05,0.17220757983159274,NBMF_SA,synthetic,30x30,5,42
12,8.87115536645593e-15,2.0963839567415053e-16,0.01540404197294265,0.0001945409458130598,0.00020945712458342314,0.01496017083991319,1.4329911209642887e-05,0.1876116218045354,NBMF_SA,synthetic,30x30,5,42
13,8.87115536645593e-15,2.0963839567415053e-16,0.015179958078078926,0.00019862502813339233,0.000226877280510962,0.014722711639478803,1.3500801287591457e-05,0.20279157988261431,NBMF_SA,synthetic,30x30,5,42
14,8.87115536645593e-15,2.0963839567415053e-16,0.01567100000102073,0.00018508301582187414,0.0002334589371457696,0.01521662320010364,1.5664729289710522e-05,0.21846257988363504,NBMF_SA,synthetic,30x30,5,42
15,8.87115536645593e-15,2.0963839567415053e-16,0.01583704201038927,0.0002497909590601921,0.00022816716227680445,0.015322081628255546,1.5042955055832863e-05,0.2342996218940243,NBMF_SA,synthetic,30x30,5,42
1,8.87115536645593e-15,2.0963839567415053e-16,0.07450420898385346,0.000183790922164917,0.0002582506276667118,0.07401925011072308,1.7876154743134975e-05,0.07450420898385346,NBMF_PathIntegral,synthetic,30x30,5,42
2,8.87115536645593e-15,2.0963839567415053e-16,0.07366433402057737,0.0001962080132216215,0.0002460441319271922,0.0731762086506933,1.6162637621164322e-05,0.14816854300443083,NBMF_PathIntegral,synthetic,30x30,5,42
3,8.87115536645593e-15,2.0963839567415053e-16,0.07177149993367493,0.0001954580657184124,0.00021112000104039907,0.07132654124870896,1.3873097486793995e-05,0.21994004293810576,NBMF_PathIntegral,synthetic,30x30,5,42
4,8.87115536645593e-15,2.0963839567415053e-16,0.07319145801011473,0.00020120805129408836,0.00024057982955127954,0.07271033234428614,1.5790574252605438e-05,0.2931315009482205,NBMF_PathIntegral,synthetic,30x30,5,42
5,8.87115536645593e-15,2.0963839567415053e-16,0.07693404203746468,0.0001909579150378704,0.00026987516321241856,0.07641666918061674,2.05010874196887e-05,0.37006554298568517,NBMF_PathIntegral,synthetic,30x30,5,42
6,8.87115536645593e-15,2.0963839567415053e-16,0.07628529204521328,0.0002104160375893116,0.00026745686773210764,0.07576087338384241,1.8958933651447296e-05,0.44635083503089845,NBMF_PathIntegral,synthetic,30x30,5,42
7,8.87115536645593e-15,2.0963839567415053e-16,0.07567620801273733,0.00021316600032150745,0.0002698710886761546,0.07514904090203345,1.999759115278721e-05,0.5220270430436358,NBMF_PathIntegral,synthetic,30x30,5,42
8,8.87115536645593e-15,2.0963839567415053e-16,0.07517700002063066,0.00020466698333621025,0.00026312400586903095,0.0746613290393725,1.9541592337191105e-05,0.5972040430642664,NBMF_PathIntegral,synthetic,30x30,5,42
9,8.87115536645593e-15,2.0963839567415053e-16,0.07470666605513543,0.00019862502813339233,0.0002519981935620308,0.07421383319888264,2.116197720170021e-05,0.6719107091194019,NBMF_PathIntegral,synthetic,30x30,5,42
10,8.87115536645593e-15,2.0963839567415053e-16,0.07295350008644164,0.0002010409953072667,0.00024058471899479628,0.07247024797834456,1.5997677110135555e-05,0.7448642092058435,NBMF_PathIntegral,synthetic,30x30,5,42
11,8.87115536645593e-15,2.0963839567415053e-16,0.07371462497394532,0.00032945803832262754,0.0002420439850538969,0.07308887236285955,2.1250220015645027e-05,0.8185788341797888,NBMF_PathIntegral,synthetic,30x30,5,42
12,8.87115536645593e-15,2.0963839567415053e-16,0.0759890420595184,0.00021050008945167065,0.0002762499498203397,0.07544833282008767,1.9750907085835934e-05,0.8945678762393072,NBMF_PathIntegral,synthetic,30x30,5,42
13,8.87115536645593e-15,2.0963839567415053e-16,0.12300558295100927,0.00021370791364461184,0.00036891293711960316,0.12235454085748643,2.7626287192106247e-05,1.0175734591903165,NBMF_PathIntegral,synthetic,30x30,5,42
14,8.87115536645593e-15,2.0963839567415053e-16,0.08438983291853219,0.0003685828996822238,0.0003650408471003175,0.08359303814359009,2.4207751266658306e-05,1.1019632921088487,NBMF_PathIntegral,synthetic,30x30,5,42
15,8.87115536645593e-15,2.0963839567415053e-16,0.07447062502615154,0.00019170797895640135,0.0002421679673716426,0.0739905834197998,1.7579179257154465e-05,1.1764339171350002,NBMF_PathIntegral,synthetic,30x30,5,42
1,8.87115536645593e-15,2.0963839567415053e-16,0.003734958008863032,0.00019575003534555435,0.00020054075866937637,0.0033076199470087886,1.2872857041656971e-05,0.003734958008863032,NBMF_Exact,synthetic,30x30,5,42
2,8.87115536645593e-15,2.0963839567415053e-16,0.003485208027996123,0.00019820895977318287,0.00020645896438509226,0.003048289683647454,1.3915938325226307e-05,0.007220166036859155,NBMF_Exact,synthetic,30x30,5,42
3,8.87115536645593e-15,2.0963839567415053e-16,0.003550790948793292,0.00019595795311033726,0.0001917103072628379,0.0031340832356363535,1.2332922779023647e-05,0.010770956985652447,NBMF_Exact,synthetic,30x30,5,42
4,8.87115536645593e-15,2.0963839567415053e-16,0.0032099169911816716,0.00020008301362395287,0.000191289815120399,0.002789833350107074,1.2083095498383045e-05,0.013980873976834118,NBMF_Exact,synthetic,30x30,5,42
5,8.87115536645593e-15,2.0963839567415053e-16,0.003560874960385263,0.00018395902588963509,0.00021116598509252071,0.0031316238455474377,1.2333039194345474e-05,0.01754174893721938,NBMF_Exact,synthetic,30x30,5,42
6,8.87115536645593e-15,2.0963839567415053e-16,0.003141875029541552,0.00021887500770390034,0.00018941808957606554,0.002705750521272421,1.2210337445139885e-05,0.020683623966760933,NBMF_Exact,synthetic,30x30,5,42
7,8.87115536645593e-15,2.0963839567415053e-16,0.003415958024561405,0.00021004094742238522,0.00019616622012108564,0.0029787078965455294,1.2955511920154095e-05,0.02409958199132234,NBMF_Exact,synthetic,30x30,5,42
8,8.87115536645593e-15,2.0963839567415053e-16,0.003417750005610287,0.00020062504336237907,0.00018337799701839685,0.003005582024343312,1.1625932529568672e-05,0.027517331996932626,NBMF_Exact,synthetic,30x30,5,42
9,8.87115536645593e-15,2.0963839567415053e-16,0.0032602910650894046,0.00019475002773106098,0.0001899608178064227,0.00284758978523314,1.2455042451620102e-05,0.03077762306202203,NBMF_Exact,synthetic,30x30,5,42
10,8.87115536645593e-15,2.0963839567415053e-16,0.0035096670035272837,0.00018983299378305674,0.00020245974883437157,0.003089910140261054,1.2541771866381168e-05,0.034287290065549314,NBMF_Exact,synthetic,30x30,5,42
11,8.87115536645593e-15,2.0963839567415053e-16,0.0031469579553231597,0.00020070793107151985,0.00017708411905914545,0.002742705401033163,1.166434958577156e-05,0.037434248020872474,NBMF_Exact,synthetic,30x30,5,42
12,8.87115536645593e-15,2.0963839567415053e-16,0.0035375829320400953,0.0002019170206040144,0.00018445774912834167,0.003123415866866708,1.1497759260237217e-05,0.04097183095291257,NBMF_Exact,synthetic,30x30,5,42
13,8.87115536645593e-15,2.0963839567415053e-16,0.00317033298779279,0.00020583393052220345,0.0001838761381804943,0.0027533731190487742,1.1747586540877819e-05,0.04414216394070536,NBMF_Exact,synthetic,30x30,5,42
14,8.87115536645593e-15,2.0963839567415053e-16,0.003442457993514836,0.00019987497944384813,0.0001862039789557457,0.003029837738722563,1.183070708066225e-05,0.047584621934220195,NBMF_Exact,synthetic,30x30,5,42
15,8.87115536645593e-15,2.0963839567415053e-16,0.0031527919927611947,0.0002020830288529396,0.00018558395095169544,0.002738707000389695,1.212279312312603e-05,0.05073741392698139,NBMF_Exact,synthetic,30x30,5,42
1,3.8425884612232164e-13,9.080599391741469e-15,0.0006620000349357724,,,,,0.0006620000349357724,Repo_ALS,synthetic,30x30,5,42
2,5.255027246416508e-13,1.2418399133537241e-14,0.0006302079418674111,,,,,0.0012922079768031836,Repo_ALS,synthetic,30x30,5,42
3,1.0821531434980326e-12,2.5572863906147366e-14,0.0006419999990612268,,,,,0.0019342079758644104,Repo_ALS,synthetic,30x30,5,42
4,4.465116112579199e-13,1.0551723419019134e-14,0.0006327080773189664,,,,,0.002566916053183377,Repo_ALS,synthetic,30x30,5,42
5,6.401380642407262e-13,1.51274001247703e-14,0.0006730830064043403,,,,,0.003239999059587717,Repo_ALS,synthetic,30x30,5,42
6,7.538637198613013e-13,1.7814903951096928e-14,0.0006766670849174261,,,,,0.003916666144505143,Repo_ALS,synthetic,30x30,5,42
7,3.216912646384624e-13,7.602035793015088e-15,0.0006378339603543282,,,,,0.004554500104859471,Repo_ALS,synthetic,30x30,5,42
8,7.327501002330859e-13,1.73159581922987e-14,0.0006262919632717967,,,,,0.005180792068131268,Repo_ALS,synthetic,30x30,5,42
9,2.773177115990989e-13,6.5534237368325626e-15,0.0006192080909386277,,,,,0.005800000159069896,Repo_ALS,synthetic,30x30,5,42
10,6.933135926520862e-13,1.638401575202385e-14,0.0005866660503670573,,,,,0.006386666209436953,Repo_ALS,synthetic,30x30,5,42
11,2.946822197787367e-13,6.963772500446229e-15,0.0006142919883131981,,,,,0.007000958197750151,Repo_ALS,synthetic,30x30,5,42
12,4.876813312397456e-13,1.1524624207114787e-14,0.0006369169568642974,,,,,0.0076378751546144485,Repo_ALS,synthetic,30x30,5,42
13,4.5291365318303595e-13,1.0703013047345884e-14,0.0006494580302387476,,,,,0.008287333184853196,Repo_ALS,synthetic,30x30,5,42
14,2.6861164747779206e-13,6.347686689105013e-15,0.0006171250715851784,,,,,0.008904458256438375,Repo_ALS,synthetic,30x30,5,42
15,1.2432760114005766e-12,2.938043328558004e-14,0.0006127090891823173,,,,,0.009517167345620692,Repo_ALS,synthetic,30x30,5,42
1,14.199504929964817,0.3355551007640898,0.005680166999809444,,,,,0.005680166999809444,Repo_SGD,synthetic,30x30,5,42
2,12.349221517930474,0.2918301934641811,0.005764208966866136,,,,,0.01144437596667558,Repo_SGD,synthetic,30x30,5,42
3,11.202435369028192,0.2647299569666597,0.005582624929957092,,,,,0.01702700089663267,Repo_SGD,synthetic,30x30,5,42
4,10.52721756515001,0.24877357120986332,0.005591374938376248,,,,,0.02261837583500892,Repo_SGD,synthetic,30x30,5,42
5,10.136935530402525,0.23955063504821286,0.005612750072032213,,,,,0.028231125907041132,Repo_SGD,synthetic,30x30,5,42
6,9.912905970311575,0.23425648838737997,0.005474124918691814,,,,,0.033705250825732946,Repo_SGD,synthetic,30x30,5,42
7,9.785317693380033,0.23124139051366938,0.005569749977439642,,,,,0.03927500080317259,Repo_SGD,synthetic,30x30,5,42
8,9.710442351313159,0.22947197650410234,0.005527875036932528,,,,,0.044802875840105116,Repo_SGD,synthetic,30x30,5,42
9,9.662488728162414,0.228338762147143,0.005408208002336323,,,,,0.05021108384244144,Repo_SGD,synthetic,30x30,5,42
10,9.631672320656646,0.2276105252982678,0.0055179999908432364,,,,,0.055729083833284676,Repo_SGD,synthetic,30x30,5,42
11,9.609172483953047,0.22707882119946368,0.005532416980713606,,,,,0.06126150081399828,Repo_SGD,synthetic,30x30,5,42
12,9.589966410604726,0.22662495355341086,0.005560749908909202,,,,,0.06682225072290748,Repo_SGD,synthetic,30x30,5,42
13,9.573550152648869,0.22623701333157098,0.005566000007092953,,,,,0.07238825073000044,Repo_SGD,synthetic,30x30,5,42
14,9.557739752213127,0.22586339041038447,0.005418792017735541,,,,,0.07780704274773598,Repo_SGD,synthetic,30x30,5,42
15,9.542183047643972,0.22549576269413613,0.005465166992507875,,,,,0.08327220974024385,Repo_SGD,synthetic,30x30,5,42
1,8.171215652474766e-15,1.8895814234737795e-16,0.01597454200964421,0.0001837499439716339,0.00021191244013607502,0.015547830960713327,1.3874261640012264e-05,0.01597454200964421,NBMF_SA,synthetic,30x30,5,43
2,8.171215652474766e-15,1.8895814234737795e-16,0.01522029098123312,0.0001917920308187604,0.0001989144366234541,0.01479841594118625,1.3745622709393501e-05,0.03119483299087733,NBMF_SA,synthetic,30x30,5,43
3,8.171215652474766e-15,1.8895814234737795e-16,0.015267874929122627,0.00019166606944054365,0.000196581007912755,0.014848626335151494,1.3001146726310253e-05,0.04646270791999996,NBMF_SA,synthetic,30x30,5,43
4,8.171215652474766e-15,1.8895814234737795e-16,0.01516329194419086,0.00019645807333290577,0.00020425033289939165,0.014731083996593952,1.3583921827375889e-05,0.06162599986419082,NBMF_SA,synthetic,30x30,5,43
5,8.171215652474766e-15,1.8895814234737795e-16,0.015709583065472543,0.00019845901988446712,0.0002154201501980424,0.01526462973561138,1.4081480912864208e-05,0.07733558292966336,NBMF_SA,synthetic,30x30,5,43
6,8.171215652474766e-15,1.8895814234737795e-16,0.01549437502399087,0.00020183296874165535,0.00020054145716130733,0.015060873003676534,1.3457261957228184e-05,0.09282995795365423,NBMF_SA,synthetic,30x30,5,43
7,8.171215652474766e-15,1.8895814234737795e-16,0.015340375015512109,0.00019162497483193874,0.00020854221656918526,0.01490824914071709,1.3586599379777908e-05,0.10817033296916634,NBMF_SA,synthetic,30x30,5,43
8,8.171215652474766e-15,1.8895814234737795e-16,0.01645370793994516,0.0001932079903781414,0.00022133486345410347,0.01600237679667771,1.5825848095119e-05,0.1246240409091115,NBMF_SA,synthetic,30x30,5,43
9,8.171215652474766e-15,1.8895814234737795e-16,0.01632075000088662,0.0001937919296324253,0.00022024859208613634,0.01587145507801324,1.5333062037825584e-05,0.14094479090999812,NBMF_SA,synthetic,30x30,5,43
10,8.171215652474766e-15,1.8895814234737795e-16,0.016968582989647985,0.00018858397379517555,0.0002257914748042822,0.016518288291990757,1.587218139320612e-05,0.1579133738996461,NBMF_SA,synthetic,30x30,5,43
11,8.171215652474766e-15,1.8895814234737795e-16,0.016320083057507873,0.000197333050891757,0.00024333177134394646,0.015844710054807365,1.533015165477991e-05,0.17423345695715398,NBMF_SA,synthetic,30x30,5,43
12,8.171215652474766e-15,1.8895814234737795e-16,0.01561529200989753,0.0001966250129044056,0.00022479193285107613,0.015162415336817503,1.3956567272543907e-05,0.1898487489670515,NBMF_SA,synthetic,30x30,5,43
13,8.171215652474766e-15,1.8895814234737795e-16,0.016019333037547767,0.00019287504255771637,0.00020799902267754078,0.01558358536567539,1.479010097682476e-05,0.20586808200459927,NBMF_SA,synthetic,30x30,5,43
14,8.171215652474766e-15,1.8895814234737795e-16,0.01610129198525101,0.00021691701840609312,0.00022799812722951174,0.015623207786120474,1.4915014617145061e-05,0.22196937398985028,NBMF_SA,synthetic,30x30,5,43
15,8.171215652474766e-15,1.8895814234737795e-16,0.016449250048026443,0.00019349996000528336,0.0002213298575952649,0.015995829133316875,1.499976497143507e-05,0.23841862403787673,NBMF_SA,synthetic,30x30,5,43
1,8.171215652474766e-15,1.8895814234737795e-16,0.07382987497840077,0.0001961250090971589,0.00024062313605099916,0.07333087676670402,1.7333077266812325e-05,0.07382987497840077,NBMF_PathIntegral,synthetic,30x30,5,43
2,8.171215652474766e-15,1.8895814234737795e-16,0.07991579209920019,0.00021287507843226194,0.00032783288042992353,0.07931795995682478,2.3918342776596546e-05,0.15374566707760096,NBMF_PathIntegral,synthetic,30x30,5,43
3,8.171215652474766e-15,1.8895814234737795e-16,0.07547108398284763,0.0002145410981029272,0.00028891616966575384,0.07492049690335989,1.9207247532904148e-05,0.2292167510604486,NBMF_PathIntegral,synthetic,30x30,5,43
4,8.171215652474766e-15,1.8895814234737795e-16,0.0751330420607701,0.00020699994638562202,0.0002588349161669612,0.07462233293335885,1.8790364265441895e-05,0.3043497931212187,NBMF_PathIntegral,synthetic,30x30,5,43
5,8.171215652474766e-15,1.8895814234737795e-16,0.07411008304916322,0.00021216599270701408,0.0002250411780551076,0.07363191852346063,1.566705759614706e-05,0.3784598761703819,NBMF_PathIntegral,synthetic,30x30,5,43
6,8.171215652474766e-15,1.8895814234737795e-16,0.07623966701794416,0.0001990000018849969,0.00027883274015039206,0.07570900139398873,2.0251027308404446e-05,0.45469954318832606,NBMF_PathIntegral,synthetic,30x30,5,43
7,8.171215652474766e-15,1.8895814234737795e-16,0.07437208294868469,0.00021345901768654585,0.00025812501553446054,0.07385774387512356,1.7501995898783207e-05,0.5290716261370108,NBMF_PathIntegral,synthetic,30x30,5,43
8,8.171215652474766e-15,1.8895814234737795e-16,0.07363283296581358,0.00019929197151213884,0.00022561976220458746,0.07317037449683994,1.5918281860649586e-05,0.6027044591028243,NBMF_PathIntegral,synthetic,30x30,5,43
9,8.171215652474766e-15,1.8895814234737795e-16,0.0742280000122264,0.00020204205065965652,0.00023408210836350918,0.07374741532839835,1.5955884009599686e-05,0.6769324591150507,NBMF_PathIntegral,synthetic,30x30,5,43
10,8.171215652474766e-15,1.8895814234737795e-16,0.07424745801836252,0.0001984999980777502,0.0002515412634238601,0.07375695486553013,1.762527972459793e-05,0.7511799171334133,NBMF_PathIntegral,synthetic,30x30,5,43
11,8.171215652474766e-15,1.8895814234737795e-16,0.07369591703172773,0.00020308303646743298,0.00023395975586026907,0.07321695715654641,1.641607377678156e-05,0.824875834165141,NBMF_PathIntegral,synthetic,30x30,5,43
12,8.171215652474766e-15,1.8895814234737795e-16,0.07381179102230817,0.0002477919915691018,0.0002246232470497489,0.07328929216600955,2.3959320969879627e-05,0.8986876251874492,NBMF_PathIntegral,synthetic,30x30,5,43
13,8.171215652474766e-15,1.8895814234737795e-16,0.07271062501240522,0.00020487501751631498,0.00020200037397444248,0.07226937427185476,1.416646409779787e-05,0.9713982501998544,NBMF_PathIntegral,synthetic,30x30,5,43
14,8.171215652474766e-15,1.8895814234737795e-16,0.07267408294137567,0.00019754201639443636,0.0002300397027283907,0.07221020536962897,1.529103610664606e-05,1.04407233314123,NBMF_PathIntegral,synthetic,30x30,5,43
15,8.171215652474766e-15,1.8895814234737795e-16,0.07258041691966355,0.0002036670921370387,0.00023054331541061401,0.0720954182324931,1.5833880752325058e-05,1.1166527500608936,NBMF_PathIntegral,synthetic,30x30,5,43
1,8.171215652474766e-15,1.8895814234737795e-16,0.003731000004336238,0.0001859170151874423,0.0001956650521606207,0.0033139142906293273,1.2707198038697243e-05,0.003731000004336238,NBMF_Exact,synthetic,30x30,5,43
2,8.171215652474766e-15,1.8895814234737795e-16,0.0030627920059487224,0.00019924994558095932,0.00017871067393571138,0.002657914417795837,1.1372729204595089e-05,0.00679379201028496,NBMF_Exact,synthetic,30x30,5,43
3,8.171215652474766e-15,1.8895814234737795e-16,0.0032153750071302056,0.00019383407197892666,0.00017657794523984194,0.0028194145997986197,1.0954099707305431e-05,0.010009167017415166,NBMF_Exact,synthetic,30x30,5,43
4,8.171215652474766e-15,1.8895814234737795e-16,0.0035188329638913274,0.00018391699995845556,0.00020070804748684168,0.0030992088140919805,1.3036886230111122e-05,0.013527999981306493,NBMF_Exact,synthetic,30x30,5,43
5,8.171215652474766e-15,1.8895814234737795e-16,0.003378208028152585,0.0002619160804897547,0.00019562733359634876,0.0028889168752357364,1.2414995580911636e-05,0.01690620800945908,NBMF_Exact,synthetic,30x30,5,43
6,8.171215652474766e-15,1.8895814234737795e-16,0.0034105420345440507,0.00020849995780736208,0.000202458119019866,0.002972249872982502,1.1537806130945683e-05,0.02031675004400313,NBMF_Exact,synthetic,30x30,5,43
7,8.171215652474766e-15,1.8895814234737795e-16,0.003118625027127564,0.00020970904733985662,0.00018987024668604136,0.0026932485634461045,1.1329073458909988e-05,0.023435375071130693,NBMF_Exact,synthetic,30x30,5,43
8,8.171215652474766e-15,1.8895814234737795e-16,0.0032427089754492044,0.0001865000231191516,0.00017924304120242596,0.0028520390624180436,1.0995776392519474e-05,0.026678084046579897,NBMF_Exact,synthetic,30x30,5,43
9,8.171215652474766e-15,1.8895814234737795e-16,0.0030094999819993973,0.00019170809537172318,0.00018403842113912106,0.0026084149722009897,1.1455966159701347e-05,0.029687584028579295,NBMF_Exact,synthetic,30x30,5,43
10,8.171215652474766e-15,1.8895814234737795e-16,0.003656666027382016,0.00018258299678564072,0.00019420997705310583,0.003247625776566565,1.2374832294881344e-05,0.03334425005596131,NBMF_Exact,synthetic,30x30,5,43
11,8.171215652474766e-15,1.8895814234737795e-16,0.0031549170380458236,0.0002104579471051693,0.00018204201478511095,0.00273099762853235,1.191580668091774e-05,0.036499167094007134,NBMF_Exact,synthetic,30x30,5,43
12,8.171215652474766e-15,1.8895814234737795e-16,0.003300250042229891,0.00019170797895640135,0.00017924781423062086,0.002902957610785961,1.1875992640852928e-05,0.039799417136237025,NBMF_Exact,synthetic,30x30,5,43
13,8.171215652474766e-15,1.8895814234737795e-16,0.003052458050660789,0.0001943330280482769,0.00017729494720697403,0.0026547879679128528,1.137307845056057e-05,0.042851875186897814,NBMF_Exact,synthetic,30x30,5,43
14,8.171215652474766e-15,1.8895814234737795e-16,0.0031298750545829535,0.00020679098088294268,0.00018903962336480618,0.0027079518185928464,1.1749682016670704e-05,0.04598175024148077,NBMF_Exact,synthetic,30x30,5,43
15,8.171215652474766e-15,1.8895814234737795e-16,0.003375957952812314,0.00019091588910669088,0.00018233235459774733,0.002976333489641547,1.1705327779054642e-05,0.04935770819429308,NBMF_Exact,synthetic,30x30,5,43
1,5.339577763303773e-13,1.2347693880379621e-14,0.0006872089579701424,,,,,0.0006872089579701424,Repo_ALS,synthetic,30x30,5,43
2,6.859931674853786e-13,1.5863489608400243e-14,0.000699042109772563,,,,,0.0013862510677427053,Repo_ALS,synthetic,30x30,5,43
3,4.229123216576204e-12,9.779784315451037e-14,0.0006272499449551105,,,,,0.002013501012697816,Repo_ALS,synthetic,30x30,5,43
4,3.815765583903596e-12,8.823900959572773e-14,0.0005982500733807683,,,,,0.002611751086078584,Repo_ALS,synthetic,30x30,5,43
5,2.883272811116033e-12,6.667525340665587e-14,0.0005978749832138419,,,,,0.003209626069292426,Repo_ALS,synthetic,30x30,5,43
6,1.0238537487031685e-12,2.3676465120799516e-14,0.0006010000361129642,,,,,0.0038106261054053903,Repo_ALS,synthetic,30x30,5,43
7,3.906185407362121e-12,9.032995451735957e-14,0.000612374977208674,,,,,0.004423001082614064,Repo_ALS,synthetic,30x30,5,43
8,2.5631395951503827e-12,5.92722205697682e-14,0.000759083079174161,,,,,0.005182084161788225,Repo_ALS,synthetic,30x30,5,43
9,5.0067875134378206e-12,1.1578121394712265e-13,0.0007107920246198773,,,,,0.0058928761864081025,Repo_ALS,synthetic,30x30,5,43
10,6.109475391237905e-13,1.4128070653669482e-14,0.0005755829624831676,,,,,0.00646845914889127,Repo_ALS,synthetic,30x30,5,43
11,4.299546341425706e-13,9.942636740546796e-15,0.0005854580085724592,,,,,0.007053917157463729,Repo_ALS,synthetic,30x30,5,43
12,3.272357585692555e-12,7.567278074487527e-14,0.0005872079636901617,,,,,0.007641125121153891,Repo_ALS,synthetic,30x30,5,43
13,1.3250196482631832e-12,3.064088159682314e-14,0.0005921669071540236,,,,,0.008233292028307915,Repo_ALS,synthetic,30x30,5,43
14,7.819803645198225e-13,1.808317921300235e-14,0.0005897079827263951,,,,,0.00882300001103431,Repo_ALS,synthetic,30x30,5,43
15,3.0841470199783346e-12,7.132043950459272e-14,0.0010780419688671827,,,,,0.009901041979901493,Repo_ALS,synthetic,30x30,5,43
1,15.913150164573267,0.36798922239703086,0.005698792054317892,,,,,0.005698792054317892,Repo_SGD,synthetic,30x30,5,43
2,13.334201170259515,0.30835141183128284,0.00539529207162559,,,,,0.011094084125943482,Repo_SGD,synthetic,30x30,5,43
3,11.701107472775488,0.27058636382862333,0.005622582975775003,,,,,0.016716667101718485,Repo_SGD,synthetic,30x30,5,43
4,10.702681697282866,0.24749791679299923,0.005707042058929801,,,,,0.022423709160648286,Repo_SGD,synthetic,30x30,5,43
5,10.118729497100922,0.23399410932310025,0.005644582910463214,,,,,0.0280682920711115,Repo_SGD,synthetic,30x30,5,43
6,9.779829963026602,0.22615710818096532,0.005513041978701949,,,,,0.03358133404981345,Repo_SGD,synthetic,30x30,5,43
7,9.583166288601827,0.221609290063442,0.0057041250402107835,,,,,0.03928545909002423,Repo_SGD,synthetic,30x30,5,43
8,9.470644236779513,0.21900723440982325,0.005505082895979285,,,,,0.04479054198600352,Repo_SGD,synthetic,30x30,5,43
9,9.40350935928642,0.2174547503881867,0.005484041990712285,,,,,0.0502745839767158,Repo_SGD,synthetic,30x30,5,43
10,9.361512448560074,0.21648357809599836,0.005655375076457858,,,,,0.05592995905317366,Repo_SGD,synthetic,30x30,5,43
11,9.332076738541602,0.21580288169532486,0.005640582996420562,,,,,0.061570542049594223,Repo_SGD,synthetic,30x30,5,43
12,9.309562340614548,0.2152822396037069,0.005604416015557945,,,,,0.06717495806515217,Repo_SGD,synthetic,30x30,5,43
13,9.290999738456062,0.21485298219940152,0.005656959023326635,,,,,0.0728319170884788,Repo_SGD,synthetic,30x30,5,43
14,9.273681647518147,0.21445250393131907,0.005577750038355589,,,,,0.07840966712683439,Repo_SGD,synthetic,30x30,5,43
15,9.256122876542907,0.2140464599732968,0.00537112494930625,,,,,0.08378079207614064,Repo_SGD,synthetic,30x30,5,43
1,6.864828380863059e-15,1.5965403438778537e-16,0.01597195805516094,0.00025862501934170723,0.000227204873226583,0.015450749080628157,1.6331090591847897e-05,0.01597195805516094,NBMF_SA,synthetic,30x30,5,44
2,6.864828380863059e-15,1.5965403438778537e-16,0.01573783392086625,0.00020770810078829527,0.00021895719692111015,0.015271832002326846,1.5039811842143536e-05,0.03170979197602719,NBMF_SA,synthetic,30x30,5,44
3,6.864828380863059e-15,1.5965403438778537e-16,0.016099374974146485,0.0002098330296576023,0.0002259605098515749,0.015621956204995513,1.679093111306429e-05,0.047809166950173676,NBMF_SA,synthetic,30x30,5,44
4,6.864828380863059e-15,1.5965403438778537e-16,0.016309084021486342,0.00020600005518645048,0.00023716723080724478,0.015822416869923472,1.6829348169267178e-05,0.06411825097166002,NBMF_SA,synthetic,30x30,5,44
5,6.864828380863059e-15,1.5965403438778537e-16,0.017210124991834164,0.00020320795010775328,0.0002508308971300721,0.016711625852622092,1.7791055142879486e-05,0.08132837596349418,NBMF_SA,synthetic,30x30,5,44
6,6.864828380863059e-15,1.5965403438778537e-16,0.01558062492404133,0.00022316700778901577,0.00023562682326883078,0.01507845800369978,1.595797948539257e-05,0.09690900088753551,NBMF_SA,synthetic,30x30,5,44
7,6.864828380863059e-15,1.5965403438778537e-16,0.015691166976466775,0.00020124996080994606,0.0002156250411644578,0.015240665525197983,1.3831304386258125e-05,0.11260016786400229,NBMF_SA,synthetic,30x30,5,44
8,6.864828380863059e-15,1.5965403438778537e-16,0.015533917001448572,0.00019649998284876347,0.00023079069796949625,0.015073124784976244,1.3663899153470993e-05,0.12813408486545086,NBMF_SA,synthetic,30x30,5,44
9,6.864828380863059e-15,1.5965403438778537e-16,0.015610374975949526,0.00019399996381253004,0.00022499891929328442,0.01514575257897377,1.4580320566892624e-05,0.14374445984140038,NBMF_SA,synthetic,30x30,5,44
10,6.864828380863059e-15,1.5965403438778537e-16,0.01565133302938193,0.00024166598450392485,0.00023570191115140915,0.0151377497240901,1.5414319932460785e-05,0.15939579287078232,NBMF_SA,synthetic,30x30,5,44
11,6.864828380863059e-15,1.5965403438778537e-16,0.015403666999191046,0.00019791594240814447,0.00021800119429826736,0.014945666887797415,1.5207100659608841e-05,0.17479945986997336,NBMF_SA,synthetic,30x30,5,44
12,6.864828380863059e-15,1.5965403438778537e-16,0.015555540914647281,0.00021133304107934237,0.0002212087856605649,0.01508462184574455,1.5000230632722378e-05,0.19035500078462064,NBMF_SA,synthetic,30x30,5,44
13,6.864828380863059e-15,1.5965403438778537e-16,0.015388333005830646,0.00022916693706065416,0.0002305834786966443,0.014895038795657456,1.4125253073871136e-05,0.2057433337904513,NBMF_SA,synthetic,30x30,5,44
14,6.864828380863059e-15,1.5965403438778537e-16,0.01531100005377084,0.00019537494517862797,0.00021279347129166126,0.014852830092422664,1.466704998165369e-05,0.22105433384422213,NBMF_SA,synthetic,30x30,5,44
15,6.864828380863059e-15,1.5965403438778537e-16,0.01636524999048561,0.00022079097107052803,0.0002332527656108141,0.015876623801887035,1.5081139281392097e-05,0.23741958383470774,NBMF_SA,synthetic,30x30,5,44
1,6.864828380863059e-15,1.5965403438778537e-16,0.0747940419241786,0.0002138749696314335,0.00028837472200393677,0.07423387817107141,2.554187085479498e-05,0.0747940419241786,NBMF_PathIntegral,synthetic,30x30,5,44
2,6.864828380863059e-15,1.5965403438778537e-16,0.07470779097639024,0.0002243340713903308,0.00025804084725677967,0.07418246078304946,1.837732270359993e-05,0.14950183290056884,NBMF_PathIntegral,synthetic,30x30,5,44
3,6.864828380863059e-15,1.5965403438778537e-16,0.07455716701224446,0.00019449996761977673,0.0002806213451549411,0.07403816422447562,2.1879677660763264e-05,0.2240589999128133,NBMF_PathIntegral,synthetic,30x30,5,44
4,6.864828380863059e-15,1.5965403438778537e-16,0.07253674999810755,0.00021420896518975496,0.00021445786114782095,0.07207466289401054,1.3999873772263527e-05,0.29659574991092086,NBMF_PathIntegral,synthetic,30x30,5,44
5,6.864828380863059e-15,1.5965403438778537e-16,0.07295716600492597,0.00020208291243761778,0.00021108181681483984,0.07250720809679478,1.524703111499548e-05,0.3695529159158468,NBMF_PathIntegral,synthetic,30x30,5,44
6,6.864828380863059e-15,1.5965403438778537e-16,0.07248562504537404,0.00020708295051008463,0.0002257478190585971,0.0720142936334014,1.912703737616539e-05,0.44203854096122086,NBMF_PathIntegral,synthetic,30x30,5,44
7,6.864828380863059e-15,1.5965403438778537e-16,0.07356716704089195,0.00018991692923009396,0.0002464569406583905,0.07308474718593061,1.6878475435078144e-05,0.5156057080021128,NBMF_PathIntegral,synthetic,30x30,5,44
8,6.864828380863059e-15,1.5965403438778537e-16,0.07453529199119657,0.00020441599190235138,0.00025846122298389673,0.07401116623077542,3.542075864970684e-05,0.5901409999933094,NBMF_PathIntegral,synthetic,30x30,5,44
9,6.864828380863059e-15,1.5965403438778537e-16,0.07374758296646178,0.0002091249916702509,0.0002527892356738448,0.07324091182090342,1.7455779016017914e-05,0.6638885829597712,NBMF_PathIntegral,synthetic,30x30,5,44
10,6.864828380863059e-15,1.5965403438778537e-16,0.07293000002391636,0.00021945801563560963,0.00025032879784703255,0.07241295708809048,1.6917125321924686e-05,0.7368185829836875,NBMF_PathIntegral,synthetic,30x30,5,44
11,6.864828380863059e-15,1.5965403438778537e-16,0.07366020802874118,0.00020612496882677078,0.0002416230272501707,0.07317095517646521,1.725007314234972e-05,0.8104787910124287,NBMF_PathIntegral,synthetic,30x30,5,44
12,6.864828380863059e-15,1.5965403438778537e-16,0.07345141703262925,0.00020875001791864634,0.0002453370252624154,0.07294983509927988,2.0957202650606632e-05,0.883930208045058,NBMF_PathIntegral,synthetic,30x30,5,44
13,6.864828380863059e-15,1.5965403438778537e-16,0.07251370802987367,0.0002050829352810979,0.00022403779439628124,0.07204449805431068,1.4832592569291592e-05,0.9564439160749316,NBMF_PathIntegral,synthetic,30x30,5,44
14,6.864828380863059e-15,1.5965403438778537e-16,0.07766537507995963,0.00020725000649690628,0.00030766590498387814,0.07708687765989453,2.041528932750225e-05,1.0341092911548913,NBMF_PathIntegral,synthetic,30x30,5,44
15,6.864828380863059e-15,1.5965403438778537e-16,0.0755125000141561,0.00021379091776907444,0.00028145499527454376,0.07496012502815574,2.5206245481967926e-05,1.1096217911690474,NBMF_PathIntegral,synthetic,30x30,5,44
1,6.864828380863059e-15,1.5965403438778537e-16,0.003427417017519474,0.00020229199435561895,0.000184536911547184,0.0030103324679657817,1.2661796063184738e-05,0.003427417017519474,NBMF_Exact,synthetic,30x30,5,44
2,6.864828380863059e-15,1.5965403438778537e-16,0.0036775419721379876,0.00018850003834813833,0.00019841606263071299,0.003250165027566254,1.3790791854262352e-05,0.007104958989657462,NBMF_Exact,synthetic,30x30,5,44
3,6.864828380863059e-15,1.5965403438778537e-16,0.003285750048235059,0.0002065420849248767,0.000198543188162148,0.002851833705790341,1.2126052752137184e-05,0.01039070903789252,NBMF_Exact,synthetic,30x30,5,44
4,6.864828380863059e-15,1.5965403438778537e-16,0.0034949580440297723,0.0001842080382630229,0.00020508316811174154,0.003075997927226126,1.1957017704844475e-05,0.013885667081922293,NBMF_Exact,synthetic,30x30,5,44
5,6.864828380863059e-15,1.5965403438778537e-16,0.003298416966572404,0.00019249995239078999,0.00020566920284181833,0.002859290689229965,1.5914905816316605e-05,0.017184084048494697,NBMF_Exact,synthetic,30x30,5,44
6,6.864828380863059e-15,1.5965403438778537e-16,0.0037574591115117073,0.0001971670426428318,0.00021295936312526464,0.003316833870485425,1.2914882972836494e-05,0.020941543160006404,NBMF_Exact,synthetic,30x30,5,44
7,6.864828380863059e-15,1.5965403438778537e-16,0.0032175410306081176,0.00019299995619803667,0.0002165400655940175,0.002781543182209134,1.1370982974767685e-05,0.02415908419061452,NBMF_Exact,synthetic,30x30,5,44
8,6.864828380863059e-15,1.5965403438778537e-16,0.0034006660571321845,0.0002038750099018216,0.0002015427453443408,0.0029602458234876394,1.5789992175996304e-05,0.027559750247746706,NBMF_Exact,synthetic,30x30,5,44
9,6.864828380863059e-15,1.5965403438778537e-16,0.0034850829979404807,0.00019066606182605028,0.00020483369007706642,0.0030529990326613188,1.9541126675903797e-05,0.031044833245687187,NBMF_Exact,synthetic,30x30,5,44
10,6.864828380863059e-15,1.5965403438778537e-16,0.0033571249805390835,0.00019804202020168304,0.00018629105761647224,0.0029431649018079042,1.1791009455919266e-05,0.03440195822622627,NBMF_Exact,synthetic,30x30,5,44
11,6.864828380863059e-15,1.5965403438778537e-16,0.0032644999446347356,0.00018441607244312763,0.0002108733169734478,0.002841913956217468,1.2121861800551414e-05,0.037666458170861006,NBMF_Exact,synthetic,30x30,5,44
12,6.864828380863059e-15,1.5965403438778537e-16,0.003172124968841672,0.000197333050891757,0.00019312056247144938,0.002755293040536344,1.1875061318278313e-05,0.04083858313970268,NBMF_Exact,synthetic,30x30,5,44
13,6.864828380863059e-15,1.5965403438778537e-16,0.003245582920499146,0.00018404191359877586,0.00018229184206575155,0.0028523742221295834,1.1746073141694069e-05,0.044084166060201824,NBMF_Exact,synthetic,30x30,5,44
14,6.864828380863059e-15,1.5965403438778537e-16,0.0031489169923588634,0.00018983299378305674,0.0002046226290985942,0.002728373045101762,1.1710450053215027e-05,0.04723308305256069,NBMF_Exact,synthetic,30x30,5,44
15,6.864828380863059e-15,1.5965403438778537e-16,0.003441957989707589,0.00019845901988446712,0.00018687231931835413,0.0030297079356387258,1.2081931345164776e-05,0.050675041042268276,NBMF_Exact,synthetic,30x30,5,44
1,1.3213136749638842e-12,3.072954591083508e-14,0.0006447499617934227,,,,,0.0006447499617934227,Repo_ALS,synthetic,30x30,5,44
2,1.078363819280861e-12,2.5079306391103868e-14,0.000610582996159792,,,,,0.0012553329579532146,Repo_ALS,synthetic,30x30,5,44
3,7.734147237077923e-13,1.798716210285499e-14,0.0006389589980244637,,,,,0.0018942919559776783,Repo_ALS,synthetic,30x30,5,44
4,6.746401636032019e-13,1.568998056521631e-14,0.0006076670251786709,,,,,0.002501958981156349,Repo_ALS,synthetic,30x30,5,44
5,1.1593385328501475e-12,2.6962520214885815e-14,0.0006406670436263084,,,,,0.0031426260247826576,Repo_ALS,synthetic,30x30,5,44
6,8.788964785848084e-13,2.044033161942517e-14,0.0006537499139085412,,,,,0.003796375938691199,Repo_ALS,synthetic,30x30,5,44
7,1.4670187139930723e-12,3.411818085129298e-14,0.000623667030595243,,,,,0.004420042969286442,Repo_ALS,synthetic,30x30,5,44
8,3.2680550869987585e-13,7.600454815379963e-15,0.0006074999691918492,,,,,0.005027542938478291,Repo_ALS,synthetic,30x30,5,44
9,2.4746963879824025e-12,5.755355273376821e-14,0.0005990000208839774,,,,,0.0056265429593622684,Repo_ALS,synthetic,30x30,5,44
10,2.3553871501162634e-12,5.4778800022081885e-14,0.0008072500349953771,,,,,0.0064337929943576455,Repo_ALS,synthetic,30x30,5,44
11,2.932403542615295e-12,6.819836273499189e-14,0.0006634999299421906,,,,,0.007097292924299836,Repo_ALS,synthetic,30x30,5,44
12,6.250280352312326e-13,1.4536160540926963e-14,0.0006527500227093697,,,,,0.007750042947009206,Repo_ALS,synthetic,30x30,5,44
13,1.5928893776274117e-12,3.70455314193437e-14,0.0005791670409962535,,,,,0.00832920998800546,Repo_ALS,synthetic,30x30,5,44
14,5.579495425285634e-13,1.2976128536268697e-14,0.00057366699911654,,,,,0.008902876987122,Repo_ALS,synthetic,30x30,5,44
15,7.383741364841345e-13,1.717222969563424e-14,0.0005770000861957669,,,,,0.009479877073317766,Repo_ALS,synthetic,30x30,5,44
1,15.382790359776198,0.35775468880272854,0.005698083899915218,,,,,0.005698083899915218,Repo_SGD,synthetic,30x30,5,44
2,13.013028169297442,0.30264157114573575,0.005652249907143414,,,,,0.011350333807058632,Repo_SGD,synthetic,30x30,5,44
3,11.511122934206027,0.2677120409743881,0.0056610420579090714,,,,,0.017011375864967704,Repo_SGD,synthetic,30x30,5,44
4,10.593371340372512,0.24636806318030383,0.005765166017226875,,,,,0.02277654188219458,Repo_SGD,synthetic,30x30,5,44
5,10.058366327541114,0.23392555129547168,0.005694916937500238,,,,,0.028471458819694817,Repo_SGD,synthetic,30x30,5,44
6,9.75732470370588,0.22692428234926934,0.0055394999217242,,,,,0.03401095874141902,Repo_SGD,synthetic,30x30,5,44
7,9.580157032922525,0.22280392684518993,0.00551599997561425,,,,,0.03952695871703327,Repo_SGD,synthetic,30x30,5,44
8,9.48051204264966,0.22048650187533303,0.005587332998402417,,,,,0.045114291715435684,Repo_SGD,synthetic,30x30,5,44
9,9.42075001869818,0.2190966276209917,0.005483374930918217,,,,,0.0505976666463539,Repo_SGD,synthetic,30x30,5,44
10,9.381808075413122,0.2181909621028716,0.00551074999384582,,,,,0.05610841664019972,Repo_SGD,synthetic,30x30,5,44
11,9.355422208165438,0.21757731090531846,0.0056388749508187175,,,,,0.06174729159101844,Repo_SGD,synthetic,30x30,5,44
12,9.334896899079872,0.2170999576168223,0.00533333292696625,,,,,0.06708062451798469,Repo_SGD,synthetic,30x30,5,44
13,9.317664480515244,0.21669918646953892,0.005509082926437259,,,,,0.07258970744442195,Repo_SGD,synthetic,30x30,5,44
14,9.301572131031888,0.21632492969642597,0.0055311250034719706,,,,,0.07812083244789392,Repo_SGD,synthetic,30x30,5,44
15,9.285877613586896,0.21595992522889296,0.005420166999101639,,,,,0.08354099944699556,Repo_SGD,synthetic,30x30,5,44
1,8.014435976327236e-15,1.9696496465548306e-16,0.016845082980580628,0.0001954999752342701,0.00023800006601959467,0.016371209057979286,1.6750069335103035e-05,0.016845082980580628,NBMF_SA,synthetic,30x30,5,45
2,8.014435976327236e-15,1.9696496465548306e-16,0.01721345796249807,0.00019758299458771944,0.00023841531947255135,0.016738788806833327,1.6208854503929615e-05,0.0340585409430787,NBMF_SA,synthetic,30x30,5,45
3,8.014435976327236e-15,1.9696496465548306e-16,0.016259999945759773,0.00020541599951684475,0.00029033294413238764,0.015723209478892386,1.4999066479504108e-05,0.05031854088883847,NBMF_SA,synthetic,30x30,5,45
4,8.014435976327236e-15,1.9696496465548306e-16,0.01583087502513081,0.00020170793868601322,0.00021545798517763615,0.015378915006294847,1.5329918824136257e-05,0.06614941591396928,NBMF_SA,synthetic,30x30,5,45
5,8.014435976327236e-15,1.9696496465548306e-16,0.01722054206766188,0.0001913330052047968,0.00027595728170126677,0.01671470596920699,1.758197322487831e-05,0.08336995798163116,NBMF_SA,synthetic,30x30,5,45
6,8.014435976327236e-15,1.9696496465548306e-16,0.015728916972875595,0.0002186669735237956,0.00021991971880197525,0.015254083671607077,1.5788013115525246e-05,0.09909887495450675,NBMF_SA,synthetic,30x30,5,45
7,8.014435976327236e-15,1.9696496465548306e-16,0.0160371670499444,0.00020233297254890203,0.00021949876099824905,0.015578830381855369,1.5709083527326584e-05,0.11513604200445116,NBMF_SA,synthetic,30x30,5,45
8,8.014435976327236e-15,1.9696496465548306e-16,0.01658887497615069,0.00020470796152949333,0.00023433624301105738,0.01610528933815658,1.720443833619356e-05,0.13172491698060185,NBMF_SA,synthetic,30x30,5,45
9,8.014435976327236e-15,1.9696496465548306e-16,0.016339207999408245,0.0002042090054601431,0.0002354994649067521,0.015860086889006197,1.695763785392046e-05,0.1480641249800101,NBMF_SA,synthetic,30x30,5,45
10,8.014435976327236e-15,1.9696496465548306e-16,0.015956874936819077,0.00019466702360659838,0.00021616870071738958,0.015500084380619228,1.4624558389186859e-05,0.16402099991682917,NBMF_SA,synthetic,30x30,5,45
11,8.014435976327236e-15,1.9696496465548306e-16,0.015542458044365048,0.00021524995099753141,0.0002125399187207222,0.015068873879499733,1.741561572998762e-05,0.17956345796119422,NBMF_SA,synthetic,30x30,5,45
12,8.014435976327236e-15,1.9696496465548306e-16,0.016105750110000372,0.0002151250373572111,0.00022195943165570498,0.015633535804226995,1.4829100109636784e-05,0.1956692080711946,NBMF_SA,synthetic,30x30,5,45
13,8.014435976327236e-15,1.9696496465548306e-16,0.015552208060398698,0.000196542008779943,0.00021521176677197218,0.01508608425501734,1.4043878763914108e-05,0.2112214161315933,NBMF_SA,synthetic,30x30,5,45
14,8.014435976327236e-15,1.9696496465548306e-16,0.01663083303719759,0.0002114590024575591,0.000222410773858428,0.01615808194037527,1.9584898836910725e-05,0.22785224916879088,NBMF_SA,synthetic,30x30,5,45
15,8.014435976327236e-15,1.9696496465548306e-16,0.01536087493877858,0.00020179094281047583,0.00023241410963237286,0.014878585236147046,1.3958080671727657e-05,0.24321312410756946,NBMF_SA,synthetic,30x30,5,45
1,8.014435976327236e-15,1.9696496465548306e-16,0.0737327910028398,0.00029087497387081385,0.00023666280321776867,0.07316050189547241,1.566787250339985e-05,0.0737327910028398,NBMF_PathIntegral,synthetic,30x30,5,45
2,8.014435976327236e-15,1.9696496465548306e-16,0.07430137507617474,0.00020512507762759924,0.0002419168595224619,0.07380854245275259,1.6792560927569866e-05,0.14803416607901454,NBMF_PathIntegral,synthetic,30x30,5,45
3,8.014435976327236e-15,1.9696496465548306e-16,0.0740894170012325,0.0002449159510433674,0.0002464165445417166,0.07354662462603301,1.7412821762263775e-05,0.22212358308024704,NBMF_PathIntegral,synthetic,30x30,5,45
4,8.014435976327236e-15,1.9696496465548306e-16,0.07816979195922613,0.0002073339419439435,0.0002678759628906846,0.07764358504209667,2.0418199710547924e-05,0.3002933750394732,NBMF_PathIntegral,synthetic,30x30,5,45
5,8.014435976327236e-15,1.9696496465548306e-16,0.08011383295524865,0.0002427079016342759,0.00030304293613880873,0.07951108179986477,2.237665466964245e-05,0.38040720799472183,NBMF_PathIntegral,synthetic,30x30,5,45
6,8.014435976327236e-15,1.9696496465548306e-16,0.0757612920133397,0.00019825005438178778,0.00027066480834037066,0.07523858069907874,1.9249157048761845e-05,0.45616850000806153,NBMF_PathIntegral,synthetic,30x30,5,45
7,8.014435976327236e-15,1.9696496465548306e-16,0.07440862501971424,0.00020520796533674002,0.0002679970348253846,0.07389391656033695,1.6044359654188156e-05,0.5305771250277758,NBMF_PathIntegral,synthetic,30x30,5,45
8,8.014435976327236e-15,1.9696496465548306e-16,0.07731666695326567,0.00020304194185882807,0.00025753898080438375,0.07679999771062285,1.879315823316574e-05,0.6078937919810414,NBMF_PathIntegral,synthetic,30x30,5,45
9,8.014435976327236e-15,1.9696496465548306e-16,0.08065645792521536,0.00022337492555379868,0.0003435389371588826,0.08002749679144472,2.8624897822737694e-05,0.6885502499062568,NBMF_PathIntegral,synthetic,30x30,5,45
10,8.014435976327236e-15,1.9696496465548306e-16,0.07548279105685651,0.00020895805209875107,0.0002618784783408046,0.07496283343061805,1.8082675524055958e-05,0.7640330409631133,NBMF_PathIntegral,synthetic,30x30,5,45
11,8.014435976327236e-15,1.9696496465548306e-16,0.07515391707420349,0.00019970908761024475,0.0002747061662375927,0.07463703956454992,1.7623184248805046e-05,0.8391869580373168,NBMF_PathIntegral,synthetic,30x30,5,45
12,8.014435976327236e-15,1.9696496465548306e-16,0.07533808401785791,0.0002044999273493886,0.00025987334083765745,0.0748294162331149,1.7710844986140728e-05,0.9145250420551747,NBMF_PathIntegral,synthetic,30x30,5,45
13,8.014435976327236e-15,1.9696496465548306e-16,0.07740249997004867,0.00021129194647073746,0.0002801633672788739,0.07686153915710747,1.9749742932617664e-05,0.9919275420252234,NBMF_PathIntegral,synthetic,30x30,5,45
14,8.014435976327236e-15,1.9696496465548306e-16,0.0750305000692606,0.0003012079978361726,0.0002762064104899764,0.07440266304183751,1.921132206916809e-05,1.066958042094484,NBMF_PathIntegral,synthetic,30x30,5,45
15,8.014435976327236e-15,1.9696496465548306e-16,0.07596591603942215,0.000258082989603281,0.000272168661467731,0.07538721221499145,1.820677425712347e-05,1.1429239581339061,NBMF_PathIntegral,synthetic,30x30,5,45
1,8.014435976327236e-15,1.9696496465548306e-16,0.003350874991156161,0.0002086249878630042,0.0002008321462199092,0.002901247004047036,2.2916123270988464e-05,0.003350874991156161,NBMF_Exact,synthetic,30x30,5,45
2,8.014435976327236e-15,1.9696496465548306e-16,0.003394500003196299,0.00019016594160348177,0.00019749789498746395,0.0029786647064611316,1.1751079000532627e-05,0.00674537499435246,NBMF_Exact,synthetic,30x30,5,45
3,8.014435976327236e-15,1.9696496465548306e-16,0.004752499982714653,0.0003664999967440963,0.0003881301963701844,0.003955541760660708,1.5333527699112892e-05,0.011497874977067113,NBMF_Exact,synthetic,30x30,5,45
4,8.014435976327236e-15,1.9696496465548306e-16,0.0034981670323759317,0.00020337500609457493,0.000184127246029675,0.0030777500942349434,1.21239572763443e-05,0.014996042009443045,NBMF_Exact,synthetic,30x30,5,45
5,8.014435976327236e-15,1.9696496465548306e-16,0.003975040977820754,0.00021354202181100845,0.0001944125397130847,0.003537081996910274,1.2164236977696419e-05,0.0189710829872638,NBMF_Exact,synthetic,30x30,5,45
6,8.014435976327236e-15,1.9696496465548306e-16,0.0033195000141859055,0.0002008330775424838,0.00018149777315557003,0.0029089997988194227,1.1372263543307781e-05,0.022290583001449704,NBMF_Exact,synthetic,30x30,5,45
7,8.014435976327236e-15,1.9696496465548306e-16,0.003854083945043385,0.0001977919600903988,0.00034837552811950445,0.0032376644667237997,3.137101884931326e-05,0.02614466694649309,NBMF_Exact,synthetic,30x30,5,45
8,8.014435976327236e-15,1.9696496465548306e-16,0.0031182499369606376,0.00019933294970542192,0.0001887099351733923,0.0026986243901774287,1.7163227312266827e-05,0.029262916883453727,NBMF_Exact,synthetic,30x30,5,45
9,8.014435976327236e-15,1.9696496465548306e-16,0.004099457990378141,0.00019104196690022945,0.0002977482508867979,0.0035792930284515023,1.291465014219284e-05,0.03336237487383187,NBMF_Exact,synthetic,30x30,5,45
10,8.014435976327236e-15,1.9696496465548306e-16,0.0031821250449866056,0.00019758299458771944,0.00018037355039268732,0.0027777922805398703,1.1331867426633835e-05,0.036544499918818474,NBMF_Exact,synthetic,30x30,5,45
11,8.014435976327236e-15,1.9696496465548306e-16,0.0033066250616684556,0.00018725008703768253,0.00017949903849512339,0.0029132479103282094,1.1831056326627731e-05,0.03985112498048693,NBMF_Exact,synthetic,30x30,5,45
12,8.014435976327236e-15,1.9696496465548306e-16,0.0038473339518532157,0.00019150006119161844,0.0002853343030437827,0.0033357057254761457,1.7540762200951576e-05,0.043698458932340145,NBMF_Exact,synthetic,30x30,5,45
13,8.014435976327236e-15,1.9696496465548306e-16,0.003275542054325342,0.000196165987290442,0.00018183642532676458,0.002870083902962506,1.174828503280878e-05,0.04697400098666549,NBMF_Exact,synthetic,30x30,5,45
14,8.014435976327236e-15,1.9696496465548306e-16,0.0037522080820053816,0.0001883750082924962,0.0002663328777998686,0.0032665806356817484,1.324736513197422e-05,0.05072620906867087,NBMF_Exact,synthetic,30x30,5,45
15,8.014435976327236e-15,1.9696496465548306e-16,0.003313250024802983,0.00018420896958559752,0.00017924269195646048,0.0029239115538075566,1.0912190191447735e-05,0.05403945909347385,NBMF_Exact,synthetic,30x30,5,45
1,1.7232808130220137e-12,4.235181932090264e-14,0.0006430000066757202,,,,,0.0006430000066757202,Repo_ALS,synthetic,30x30,5,45
2,3.5772996281387623e-13,8.791669144274844e-15,0.0006300830282270908,,,,,0.001273083034902811,Repo_ALS,synthetic,30x30,5,45
3,1.2770008789166313e-12,3.1383921928352695e-14,0.0009818329708650708,,,,,0.002254916005767882,Repo_ALS,synthetic,30x30,5,45
4,3.736767077614954e-13,9.183580697908244e-15,0.0006466669728979468,,,,,0.0029015829786658287,Repo_ALS,synthetic,30x30,5,45
5,7.957881059306353e-13,1.9557505558826798e-14,0.0006123339990153909,,,,,0.0035139169776812196,Repo_ALS,synthetic,30x30,5,45
6,8.220044246701251e-13,2.020180495920542e-14,0.0005925409495830536,,,,,0.004106457927264273,Repo_ALS,synthetic,30x30,5,45
7,1.556959805457377e-12,3.826426887153894e-14,0.0006181669887155294,,,,,0.004724624915979803,Repo_ALS,synthetic,30x30,5,45
8,1.6556936930751595e-12,4.0690779825319986e-14,0.0005919999675825238,,,,,0.005316624883562326,Repo_ALS,synthetic,30x30,5,45
9,1.3561383148322527e-12,3.332882513976859e-14,0.0006258749635890126,,,,,0.005942499847151339,Repo_ALS,synthetic,30x30,5,45
10,3.886439157178921e-13,9.55141888325662e-15,0.0006054580444470048,,,,,0.006547957891598344,Repo_ALS,synthetic,30x30,5,45
11,1.5710764234004112e-12,3.86112027247031e-14,0.0005821658996865153,,,,,0.007130123791284859,Repo_ALS,synthetic,30x30,5,45
12,1.6931117592756308e-12,4.161037642680533e-14,0.0005814169999212027,,,,,0.007711540791206062,Repo_ALS,synthetic,30x30,5,45
13,1.6627849166583193e-12,4.0865055670375935e-14,0.0005912500200793147,,,,,0.008302790811285377,Repo_ALS,synthetic,30x30,5,45
14,2.6071128498164635e-13,6.407311654042071e-15,0.0005895420908927917,,,,,0.008892332902178168,Repo_ALS,synthetic,30x30,5,45
15,6.676122320234659e-13,1.6407420319094082e-14,0.000609208014793694,,,,,0.009501540916971862,Repo_ALS,synthetic,30x30,5,45
1,15.693025848722177,0.38567608385183494,0.0061764579731971025,,,,,0.0061764579731971025,Repo_SGD,synthetic,30x30,5,45
2,13.154085032199935,0.32327838179696883,0.006060166982933879,,,,,0.012236624956130981,Repo_SGD,synthetic,30x30,5,45
3,11.528979440732082,0.28333934350028006,0.006209417013451457,,,,,0.01844604196958244,Repo_SGD,synthetic,30x30,5,45
4,10.540059563960167,0.259035378860619,0.00566387502476573,,,,,0.02410991699434817,Repo_SGD,synthetic,30x30,5,45
5,9.961714430579066,0.24482181110718587,0.006162457983009517,,,,,0.030272374977357686,Repo_SGD,synthetic,30x30,5,45
6,9.619017466369579,0.2363995970371702,0.005997291998937726,,,,,0.03626966697629541,Repo_SGD,synthetic,30x30,5,45
7,9.425340162275306,0.23163973078230501,0.005606291932053864,,,,,0.041875958908349276,Repo_SGD,synthetic,30x30,5,45
8,9.311381682873126,0.22883905610801192,0.006125957937911153,,,,,0.04800191684626043,Repo_SGD,synthetic,30x30,5,45
9,9.243281378295109,0.2271654044469522,0.006129499990493059,,,,,0.05413141683675349,Repo_SGD,synthetic,30x30,5,45
10,9.197897813765849,0.22605004558578604,0.0057611248921602964,,,,,0.059892541728913784,Repo_SGD,synthetic,30x30,5,45
11,9.167752634690382,0.22530918944211348,0.005521249957382679,,,,,0.06541379168629646,Repo_SGD,synthetic,30x30,5,45
12,9.14459735987339,0.22474011909213648,0.005983375012874603,,,,,0.07139716669917107,Repo_SGD,synthetic,30x30,5,45
13,9.12471573196486,0.22425150278153597,0.005797582911327481,,,,,0.07719474961049855,Repo_SGD,synthetic,30x30,5,45
14,9.105946306925858,0.22379022027203302,0.005546458996832371,,,,,0.08274120860733092,Repo_SGD,synthetic,30x30,5,45
15,9.087530102870483,0.22333761861777196,0.005867499974556267,,,,,0.08860870858188719,Repo_SGD,synthetic,30x30,5,45
1,6.509232708548155e-15,1.9956931364775313e-16,0.01602141698822379,0.00019483291544020176,0.00023103971034288406,0.015557083883322775,1.6374397091567516e-05,0.01602141698822379,NBMF_SA,synthetic,30x30,5,46
2,6.509232708548155e-15,1.9956931364775313e-16,0.01665679202415049,0.0001984169939532876,0.0002398759825155139,0.01617270929273218,2.0995852537453175e-05,0.03267820901237428,NBMF_SA,synthetic,30x30,5,46
3,6.509232708548155e-15,1.9956931364775313e-16,0.01563775003887713,0.00019445898942649364,0.000232790713198483,0.015175918000750244,1.5209196135401726e-05,0.04831595905125141,NBMF_SA,synthetic,30x30,5,46
4,6.509232708548155e-15,1.9956931364775313e-16,0.01617191603872925,0.0002055830555036664,0.00023333390709012747,0.01569600123912096,1.5372177585959435e-05,0.06448787508998066,NBMF_SA,synthetic,30x30,5,46
5,6.509232708548155e-15,1.9956931364775313e-16,0.014607000048272312,0.0002109999768435955,0.00020833185408264399,0.014155080076307058,1.4125253073871136e-05,0.07909487513825297,NBMF_SA,synthetic,30x30,5,46
6,6.509232708548155e-15,1.9956931364775313e-16,0.015962083940394223,0.00020333309657871723,0.0002240847097709775,0.015497955842874944,1.628580503165722e-05,0.0950569590786472,NBMF_SA,synthetic,30x30,5,46
7,6.509232708548155e-15,1.9956931364775313e-16,0.015144333941861987,0.00019475002773106098,0.00021241488866508007,0.014699412859044969,1.4207093045115471e-05,0.11020129302050918,NBMF_SA,synthetic,30x30,5,46
8,6.509232708548155e-15,1.9956931364775313e-16,0.015430334024131298,0.00020770798437297344,0.0002141650766134262,0.014969460084103048,1.5415716916322708e-05,0.12563162704464048,NBMF_SA,synthetic,30x30,5,46
9,6.509232708548155e-15,1.9956931364775313e-16,0.016156916972249746,0.00019866693764925003,0.0002239170717075467,0.01569004077464342,1.4913268387317657e-05,0.14178854401689023,NBMF_SA,synthetic,30x30,5,46
10,6.509232708548155e-15,1.9956931364775313e-16,0.01578500005416572,0.00019825005438178778,0.00021699792705476284,0.015334248542785645,1.5749013982713223e-05,0.15757354407105595,NBMF_SA,synthetic,30x30,5,46
11,6.509232708548155e-15,1.9956931364775313e-16,0.015549042029306293,0.00019904202781617641,0.0002221622271463275,0.015093037975020707,1.4998018741607666e-05,0.17312258610036224,NBMF_SA,synthetic,30x30,5,46
12,6.509232708548155e-15,1.9956931364775313e-16,0.0163524579256773,0.0002007089788094163,0.00021853880025446415,0.01589099585544318,1.4874851331114769e-05,0.18947504402603954,NBMF_SA,synthetic,30x30,5,46
13,6.509232708548155e-15,1.9956931364775313e-16,0.01618079107720405,0.00020808307453989983,0.00022050028201192617,0.015712619642727077,1.4418968930840492e-05,0.2056558351032436,NBMF_SA,synthetic,30x30,5,46
14,6.509232708548155e-15,1.9956931364775313e-16,0.016903916955925524,0.00022808299399912357,0.00025770708452910185,0.01637212175410241,2.095499075949192e-05,0.2225597520591691,NBMF_SA,synthetic,30x30,5,46
15,6.509232708548155e-15,1.9956931364775313e-16,0.016435083001852036,0.00020350003615021706,0.0002190840896219015,0.015973001718521118,1.5499070286750793e-05,0.23899483506102115,NBMF_SA,synthetic,30x30,5,46
1,6.509232708548155e-15,1.9956931364775313e-16,0.07947162492200732,0.0002144169993698597,0.00042066595051437616,0.07877787295728922,2.837367355823517e-05,0.07947162492200732,NBMF_PathIntegral,synthetic,30x30,5,46
2,6.509232708548155e-15,1.9956931364775313e-16,0.07887858396861702,0.00022916693706065416,0.0003109998069703579,0.07828358293045312,2.2374908439815044e-05,0.15835020889062434,NBMF_PathIntegral,synthetic,30x30,5,46
3,6.509232708548155e-15,1.9956931364775313e-16,0.07541970897000283,0.0002252080012112856,0.00026370876003056765,0.07487891498021781,1.9621686078608036e-05,0.23376991786062717,NBMF_PathIntegral,synthetic,30x30,5,46
4,6.509232708548155e-15,1.9956931364775313e-16,0.07954029203392565,0.00020120898261666298,0.00031212507747113705,0.07896645937580615,2.6873662136495113e-05,0.3133102098945528,NBMF_PathIntegral,synthetic,30x30,5,46
5,6.509232708548155e-15,1.9956931364775313e-16,0.0790910420473665,0.00022341706790030003,0.0002824164694175124,0.07851733511779457,1.8998398445546627e-05,0.3924012519419193,NBMF_PathIntegral,synthetic,30x30,5,46
6,6.509232708548155e-15,1.9956931364775313e-16,0.07549874996766448,0.00033712503500282764,0.0002810851437970996,0.07482850132510066,1.9038794562220573e-05,0.4679000019095838,NBMF_PathIntegral,synthetic,30x30,5,46
7,6.509232708548155e-15,1.9956931364775313e-16,0.07489033392630517,0.00019879196770489216,0.00025837658904492855,0.07438762357924134,1.816952135413885e-05,0.542790335835889,NBMF_PathIntegral,synthetic,30x30,5,46
8,6.509232708548155e-15,1.9956931364775313e-16,0.07622654200531542,0.00034887506626546383,0.0002744160592556,0.07555245654657483,1.8751132301986217e-05,0.6190168778412044,NBMF_PathIntegral,synthetic,30x30,5,46
9,6.509232708548155e-15,1.9956931364775313e-16,0.07585791707970202,0.0002062499988824129,0.00026854139287024736,0.07532345480285585,1.891516149044037e-05,0.6948747949209064,NBMF_PathIntegral,synthetic,30x30,5,46
10,6.509232708548155e-15,1.9956931364775313e-16,0.076353708980605,0.00021349999587982893,0.000267871655523777,0.07580524811055511,2.1164771169424057e-05,0.7712285039015114,NBMF_PathIntegral,synthetic,30x30,5,46
11,6.509232708548155e-15,1.9956931364775313e-16,0.07760166702792048,0.00021362502593547106,0.0002503765281289816,0.07708866463508457,1.720455475151539e-05,0.8488301709294319,NBMF_PathIntegral,synthetic,30x30,5,46
12,6.509232708548155e-15,1.9956931364775313e-16,0.0769503329647705,0.00021129206288605928,0.00028687401209026575,0.0764006277313456,1.9165920093655586e-05,0.9257805038942024,NBMF_PathIntegral,synthetic,30x30,5,46
13,6.509232708548155e-15,1.9956931364775313e-16,0.07729370903689414,0.00021029205527156591,0.00028020981699228287,0.07674791652243584,2.03761737793684e-05,1.0030742129310966,NBMF_PathIntegral,synthetic,30x30,5,46
14,6.509232708548155e-15,1.9956931364775313e-16,0.07552820804994553,0.0002471250481903553,0.00025470822583884,0.07497633516322821,2.149806823581457e-05,1.078602420981042,NBMF_PathIntegral,synthetic,30x30,5,46
15,6.509232708548155e-15,1.9956931364775313e-16,0.0784659170312807,0.00020254193805158138,0.0002928321482613683,0.0779197538504377,2.024788409471512e-05,1.1570683380123228,NBMF_PathIntegral,synthetic,30x30,5,46
1,6.509232708548155e-15,1.9956931364775313e-16,0.003199417027644813,0.000202624942176044,0.00018775183707475662,0.002780332346446812,1.2250151485204697e-05,0.003199417027644813,NBMF_Exact,synthetic,30x30,5,46
2,6.509232708548155e-15,1.9956931364775313e-16,0.0034930419642478228,0.00018562492914497852,0.00018654100131243467,0.003090079757384956,1.2246542610228062e-05,0.006692458991892636,NBMF_Exact,synthetic,30x30,5,46
3,6.509232708548155e-15,1.9956931364775313e-16,0.003922500065527856,0.0001912500010803342,0.000287284841760993,0.003412205958738923,1.3124081306159496e-05,0.010614959057420492,NBMF_Exact,synthetic,30x30,5,46
4,6.509232708548155e-15,1.9956931364775313e-16,0.003258374985307455,0.00018783297855407,0.00018866290338337421,0.002855789032764733,1.0913936421275139e-05,0.013873334042727947,NBMF_Exact,synthetic,30x30,5,46
5,6.509232708548155e-15,1.9956931364775313e-16,0.004028583993203938,0.00018274993635714054,0.00020903907716274261,0.003598746843636036,1.441489439457655e-05,0.017901918035931885,NBMF_Exact,synthetic,30x30,5,46
6,6.509232708548155e-15,1.9956931364775313e-16,0.0032450000289827585,0.0002173340180888772,0.0001882483484223485,0.0028026270447298884,1.1752359569072723e-05,0.021146918064914644,NBMF_Exact,synthetic,30x30,5,46
7,6.509232708548155e-15,1.9956931364775313e-16,0.0040347089525312185,0.0001830830005928874,0.00022170785814523697,0.0035841671051457524,1.3455166481435299e-05,0.025181627017445862,NBMF_Exact,synthetic,30x30,5,46
8,6.509232708548155e-15,1.9956931364775313e-16,0.0033099160064011812,0.00021358300000429153,0.00019712792709469795,0.002870749682188034,1.1706375516951084e-05,0.028491543023847044,NBMF_Exact,synthetic,30x30,5,46
9,6.509232708548155e-15,1.9956931364775313e-16,0.003402667003683746,0.0001860000193119049,0.0001791209215298295,0.003009581472724676,1.1705677025020123e-05,0.03189421002753079,NBMF_Exact,synthetic,30x30,5,46
10,6.509232708548155e-15,1.9956931364775313e-16,0.003920209011994302,0.00019512500148266554,0.00023146322928369045,0.003439913038164377,1.9955914467573166e-05,0.03581441903952509,NBMF_Exact,synthetic,30x30,5,46
11,6.509232708548155e-15,1.9956931364775313e-16,0.0032692919485270977,0.00020050001330673695,0.00017791299615055323,0.002864541136659682,1.1120922863483429e-05,0.03908371098805219,NBMF_Exact,synthetic,30x30,5,46
12,6.509232708548155e-15,1.9956931364775313e-16,0.003959207911975682,0.00020270806271582842,0.0002332458971068263,0.003481249907054007,2.133217640221119e-05,0.04304291890002787,NBMF_Exact,synthetic,30x30,5,46
13,6.509232708548155e-15,1.9956931364775313e-16,0.003946624929085374,0.00019379204604774714,0.0002080410486087203,0.0034997096518054605,1.3662967830896378e-05,0.046989543829113245,NBMF_Exact,synthetic,30x30,5,46
14,6.509232708548155e-15,1.9956931364775313e-16,0.003875209018588066,0.00021420803386718035,0.00019745819736272097,0.0034259146777912974,1.2208707630634308e-05,0.05086475284770131,NBMF_Exact,synthetic,30x30,5,46
15,6.509232708548155e-15,1.9956931364775313e-16,0.0030040419660508633,0.0001949160359799862,0.00017520389519631863,0.0026082054246217012,1.1286814697086811e-05,0.053868794813752174,NBMF_Exact,synthetic,30x30,5,46
1,1.9282943102434673e-13,5.912038933571787e-15,0.0006197079783305526,,,,,0.0006197079783305526,Repo_ALS,synthetic,30x30,5,46
2,1.6921386471628752e-13,5.1879993162274605e-15,0.0005748330149799585,,,,,0.0011945409933105111,Repo_ALS,synthetic,30x30,5,46
3,1.3573385840451794e-13,4.161521668287819e-15,0.0006439579883590341,,,,,0.0018384989816695452,Repo_ALS,synthetic,30x30,5,46
4,2.360328585873938e-13,7.236631058641291e-15,0.0006319590611383319,,,,,0.002470458042807877,Repo_ALS,synthetic,30x30,5,46
5,1.0898229762805857e-13,3.3413342725978375e-15,0.0012508750660344958,,,,,0.003721333108842373,Repo_ALS,synthetic,30x30,5,46
6,1.382971178331193e-13,4.240109721253772e-15,0.0006019999273121357,,,,,0.004323333036154509,Repo_ALS,synthetic,30x30,5,46
7,1.6572923163552486e-13,5.081162479478822e-15,0.0006101670442149043,,,,,0.004933500080369413,Repo_ALS,synthetic,30x30,5,46
8,1.32622355962896e-13,4.066124801331083e-15,0.0006124998908489943,,,,,0.005545999971218407,Repo_ALS,synthetic,30x30,5,46
9,1.5464935515279627e-13,4.7414598687461935e-15,0.0005905840080231428,,,,,0.00613658397924155,Repo_ALS,synthetic,30x30,5,46
10,1.3610555166439157e-13,4.172917568861946e-15,0.000587790971621871,,,,,0.006724374950863421,Repo_ALS,synthetic,30x30,5,46
11,1.8868863314784136e-13,5.785084463333993e-15,0.0005696250591427088,,,,,0.00729400001000613,Repo_ALS,synthetic,30x30,5,46
12,1.4843722570760521e-13,4.550999569479324e-15,0.0005668750964105129,,,,,0.007860875106416643,Repo_ALS,synthetic,30x30,5,46
13,7.277387780695496e-14,2.231205043007107e-15,0.0005711660487577319,,,,,0.008432041155174375,Repo_ALS,synthetic,30x30,5,46
14,1.0351845654009917e-13,3.1738160619840924e-15,0.0005676670698449016,,,,,0.008999708225019276,Repo_ALS,synthetic,30x30,5,46
15,7.812215677872379e-14,2.395180185913111e-15,0.0005862499820068479,,,,,0.009585958207026124,Repo_ALS,synthetic,30x30,5,46
1,14.224103118703928,0.43610278257938656,0.006176166934892535,,,,,0.006176166934892535,Repo_SGD,synthetic,30x30,5,46
2,12.250708630218043,0.3755996478387593,0.005836041993461549,,,,,0.012012208928354084,Repo_SGD,synthetic,30x30,5,46
3,11.015727966518002,0.33773585429221764,0.005553833092562854,,,,,0.01756604202091694,Repo_SGD,synthetic,30x30,5,46
4,10.280501908399456,0.3151942481821807,0.005853125010617077,,,,,0.023419167031534016,Repo_SGD,synthetic,30x30,5,46
5,9.850012225079462,0.3019956832392211,0.0060471659526228905,,,,,0.029466332984156907,Repo_SGD,synthetic,30x30,5,46
6,9.602156701831394,0.29439657611351283,0.006192500004544854,,,,,0.03565883298870176,Repo_SGD,synthetic,30x30,5,46
7,9.460158949903489,0.2900430070892312,0.005566332954913378,,,,,0.04122516594361514,Repo_SGD,synthetic,30x30,5,46
8,9.376390856054968,0.2874747257351208,0.0060562919825315475,,,,,0.047281457926146686,Repo_SGD,synthetic,30x30,5,46
9,9.324063722143237,0.2858704060453048,0.0060819999780505896,,,,,0.053363457904197276,Repo_SGD,synthetic,30x30,5,46
10,9.289273720832607,0.28480376470764773,0.005545749911107123,,,,,0.0589092078153044,Repo_SGD,synthetic,30x30,5,46
11,9.263719138292835,0.28402027597305085,0.0060388329438865185,,,,,0.06494804075919092,Repo_SGD,synthetic,30x30,5,46
12,9.242775074655228,0.28337814308392195,0.00629883399233222,,,,,0.07124687475152314,Repo_SGD,synthetic,30x30,5,46
13,9.223435700213487,0.2827852090383091,0.006191625026986003,,,,,0.07743849977850914,Repo_SGD,synthetic,30x30,5,46
14,9.20468875510766,0.28221043853381494,0.005918250069953501,,,,,0.08335674984846264,Repo_SGD,synthetic,30x30,5,46
15,9.185920495109363,0.28163501452703393,0.005891791079193354,,,,,0.089248540927656,Repo_SGD,synthetic,30x30,5,46
1,2.0341213622981513e-14,2.5918083270364464e-16,0.03297195793129504,0.00032695895060896873,0.0012597530148923397,0.03133258130401373,2.0209583453834057e-05,0.03297195793129504,NBMF_SA,synthetic,30x30,10,42
2,2.0341213622981513e-14,2.5918083270364464e-16,0.031305375043302774,0.00032966595608741045,0.0005922496784478426,0.03033153899013996,1.9041006453335285e-05,0.06427733297459781,NBMF_SA,synthetic,30x30,10,42
3,2.0341213622981513e-14,2.5918083270364464e-16,0.027873541926965117,0.0003526670625433326,0.0005533318035304546,0.026931625907309353,1.4956924133002758e-05,0.09215087490156293,NBMF_SA,synthetic,30x30,10,42
4,2.0341213622981513e-14,2.5918083270364464e-16,0.029108582995831966,0.00031699996907263994,0.0006012910744175315,0.028138166293501854,1.7078709788620472e-05,0.1212594578973949,NBMF_SA,synthetic,30x30,10,42
5,1.602739365916819,0.02042156044199419,0.028467915952205658,0.00033554190304130316,0.0005639978917315602,0.027516665868461132,1.5748897567391396e-05,0.14972737384960055,NBMF_SA,synthetic,30x30,10,42
6,1.6122502444268416,0.020542744824482848,0.028052459005266428,0.0003157909959554672,0.0005431250901892781,0.02715162083040923,1.4329911209642887e-05,0.17777983285486698,NBMF_SA,synthetic,30x30,10,42
7,2.2318375144280234,0.0284373153033089,0.0281798749929294,0.00033304200042039156,0.0005721668712794781,0.02723762672394514,1.5248660929501057e-05,0.20595970784779638,NBMF_SA,synthetic,30x30,10,42
8,1.905593311747838,0.02428042251988838,0.028162333997897804,0.0003394999075680971,0.0005663740448653698,0.027223041863180697,1.4293007552623749e-05,0.23412204184569418,NBMF_SA,synthetic,30x30,10,42
9,0.7905669232270279,0.01007313512692495,0.029043916962109506,0.00031637505162507296,0.0005819980287924409,0.02810704312287271,1.7623184248805046e-05,0.2631659588078037,NBMF_SA,synthetic,30x30,10,42
10,2.0341213622981513e-14,2.5918083270364464e-16,0.02816095796879381,0.0003365409793332219,0.0005637500435113907,0.0272165818605572,1.5998492017388344e-05,0.2913269167765975,NBMF_SA,synthetic,30x30,10,42
11,2.0341213622981513e-14,2.5918083270364464e-16,0.02863112499471754,0.00032483297400176525,0.000558498315513134,0.02769250492565334,1.7457641661167145e-05,0.31995804177131504,NBMF_SA,synthetic,30x30,10,42
12,2.0341213622981513e-14,2.5918083270364464e-16,0.028492958983406425,0.0003972079139202833,0.0005714582512155175,0.027483456186018884,1.6750069335103035e-05,0.34845100075472146,NBMF_SA,synthetic,30x30,10,42
13,2.0341213622981513e-14,2.5918083270364464e-16,0.028464750037528574,0.00033720803912729025,0.0005477927625179291,0.027535290108062327,1.63764925673604e-05,0.37691575079225004,NBMF_SA,synthetic,30x30,10,42
14,2.0341213622981513e-14,2.5918083270364464e-16,0.030008458998054266,0.00032816699240356684,0.000589291681535542,0.02903512236662209,2.0086881704628468e-05,0.4069242097903043,NBMF_SA,synthetic,30x30,10,42
15,2.0341213622981513e-14,2.5918083270364464e-16,0.02823866601102054,0.00032691704109311104,0.0005868712905794382,0.027280455105938017,1.5711993910372257e-05,0.43516287580132484,NBMF_SA,synthetic,30x30,10,42
1,2.942696174034946,0.03749483481745251,0.23276862502098083,0.0003600410418584943,0.0007409151876345277,0.23160595912486315,2.3164786398410797e-05,0.23276862502098083,NBMF_PathIntegral,synthetic,30x30,10,42
2,2.1280029730433405,0.027114290856572937,0.2298591670114547,0.00033062510192394257,0.0007171247852966189,0.22875033831223845,2.225313801318407e-05,0.46262779203243554,NBMF_PathIntegral,synthetic,30x30,10,42
3,3.4475114985029833,0.0439270201620558,0.23326858296059072,0.00034200004301965237,0.00074899906758219,0.2321108728647232,2.558401320129633e-05,0.6958963749930263,NBMF_PathIntegral,synthetic,30x30,10,42
4,2.7147287312526642,0.03459015111741614,0.22867433400824666,0.00033312500454485416,0.0007871213601902127,0.2274843747727573,2.8040027245879173e-05,0.9245707090012729,NBMF_PathIntegral,synthetic,30x30,10,42
5,1.8934909762795449,0.02412621867332992,0.2349629169330001,0.0003188750706613064,0.0008550001075491309,0.23371920513454825,2.962502185255289e-05,1.159533625934273,NBMF_PathIntegral,synthetic,30x30,10,42
6,0.7817557434411083,0.00996086606784403,0.23167212505359203,0.000583791988901794,0.0007627524901181459,0.23024749709293246,2.5249551981687546e-05,1.391205750987865,NBMF_PathIntegral,synthetic,30x30,10,42
7,2.0341213622981513e-14,2.5918083270364464e-16,0.22901229199487716,0.00034258305095136166,0.000760332215577364,0.22784937673714012,2.4709850549697876e-05,1.6202180429827422,NBMF_PathIntegral,synthetic,30x30,10,42
8,1.6736850538112462,0.021325526292116134,0.22967708308715373,0.00032041699159890413,0.0007907099789008498,0.22849766723811626,2.424896229058504e-05,1.849895126069896,NBMF_PathIntegral,synthetic,30x30,10,42
9,2.0715086146803996,0.026394458937251154,0.23098320793360472,0.00032237498089671135,0.0009357926901429892,0.2296527537982911,3.466720227152109e-05,2.0808783340035006,NBMF_PathIntegral,synthetic,30x30,10,42
10,1.141692506072526,0.014547058002531118,0.23589908296708018,0.0003161249915137887,0.0007822535699233413,0.23473475000355393,2.8249109163880348e-05,2.316777416970581,NBMF_PathIntegral,synthetic,30x30,10,42
11,1.602739365916818,0.02042156044199418,0.23360562499146909,0.0004891250282526016,0.000831667217426002,0.23222358291968703,2.6833382435142994e-05,2.55038304196205,NBMF_PathIntegral,synthetic,30x30,10,42
12,1.2916917332806201,0.016458297190775708,0.22919187508523464,0.0003327089361846447,0.0007542100502178073,0.22804442001506686,2.6668189093470573e-05,2.7795749170472845,NBMF_PathIntegral,synthetic,30x30,10,42
13,2.0450220334276112,0.02605697591820383,0.23253862489946187,0.0003321251133456826,0.0007257879478856921,0.23141487350221723,2.4209031835198402e-05,3.0121135419467464,NBMF_PathIntegral,synthetic,30x30,10,42
14,2.5139691983514094,0.03203214136072418,0.23938595794606954,0.0003325419966131449,0.0007864569779485464,0.2381850816309452,2.587609924376011e-05,3.251499499892816,NBMF_PathIntegral,synthetic,30x30,10,42
15,2.41545287679395,0.03077687986406921,0.22981966694351286,0.0004177920054644346,0.0007523341337218881,0.22857854247558862,2.374988980591297e-05,3.481319166836329,NBMF_PathIntegral,synthetic,30x30,10,42
1,2.0341213622981513e-14,2.5918083270364464e-16,0.02565183292608708,0.0003105839714407921,0.0006085381610319018,0.024682289571501315,1.674715895205736e-05,0.02565183292608708,NBMF_Exact,synthetic,30x30,10,42
2,2.0341213622981513e-14,2.5918083270364464e-16,0.025747166946530342,0.00037308293394744396,0.0005708358949050307,0.024758576066233218,1.4790217392146587e-05,0.051398999872617424,NBMF_Exact,synthetic,30x30,10,42
3,2.0341213622981513e-14,2.5918083270364464e-16,0.025022209039889276,0.00033074989914894104,0.0005444977432489395,0.024107207194902003,1.371151302009821e-05,0.0764212089125067,NBMF_Exact,synthetic,30x30,10,42
4,2.0341213622981513e-14,2.5918083270364464e-16,0.02593920798972249,0.0003185420064255595,0.0006092052208259702,0.024961662013083696,1.8458697013556957e-05,0.10236041690222919,NBMF_Exact,synthetic,30x30,10,42
5,2.0341213622981513e-14,2.5918083270364464e-16,0.02727224992122501,0.00034370797220617533,0.000569754047319293,0.026309832464903593,1.799827441573143e-05,0.1296326668234542,NBMF_Exact,synthetic,30x30,10,42
6,2.0341213622981513e-14,2.5918083270364464e-16,0.026533792028203607,0.0003291249740868807,0.000592418946325779,0.02556483482476324,1.60860363394022e-05,0.1561664588516578,NBMF_Exact,synthetic,30x30,10,42
7,2.0341213622981513e-14,2.5918083270364464e-16,0.02689758304040879,0.00033862493000924587,0.0005935848457738757,0.02590341481845826,1.7542042769491673e-05,0.1830640418920666,NBMF_Exact,synthetic,30x30,10,42
8,2.0341213622981513e-14,2.5918083270364464e-16,0.025530415936373174,0.0004472919972613454,0.000580376829020679,0.024460538057610393,1.5042023733258247e-05,0.20859445782843977,NBMF_Exact,synthetic,30x30,10,42
9,2.0341213622981513e-14,2.5918083270364464e-16,0.025345291942358017,0.0003301670076325536,0.0005350857973098755,0.024435162777081132,1.4664721675217152e-05,0.2339397497707978,NBMF_Exact,synthetic,30x30,10,42
10,2.0341213622981513e-14,2.5918083270364464e-16,0.024590334040112793,0.0003755829529836774,0.000506166135892272,0.02366845542564988,1.3042706996202469e-05,0.2585300838109106,NBMF_Exact,synthetic,30x30,10,42
11,2.0341213622981513e-14,2.5918083270364464e-16,0.02479308401234448,0.000319667044095695,0.0005154151003807783,0.023901247303001583,1.3287062756717205e-05,0.28332316782325506,NBMF_Exact,synthetic,30x30,10,42
12,2.0341213622981513e-14,2.5918083270364464e-16,0.02609683305490762,0.0003232499584555626,0.000574626843445003,0.025152579066343606,1.6664969734847546e-05,0.3094200008781627,NBMF_Exact,synthetic,30x30,10,42
13,2.0341213622981513e-14,2.5918083270364464e-16,0.027713999967090786,0.0003129170509055257,0.0006766668520867825,0.026670375955291092,2.0332983694970608e-05,0.33713400084525347,NBMF_Exact,synthetic,30x30,10,42
14,2.0341213622981513e-14,2.5918083270364464e-16,0.027080500032752752,0.00034158292692154646,0.0006113296840339899,0.02607895468827337,1.9495259039103985e-05,0.3642145008780062,NBMF_Exact,synthetic,30x30,10,42
15,2.0341213622981513e-14,2.5918083270364464e-16,0.02619354205671698,0.00033412501215934753,0.0005520028062164783,0.025262958137318492,1.5167868696153164e-05,0.3904080429347232,NBMF_Exact,synthetic,30x30,10,42
1,2.9722375967854765e-12,3.7871241588928644e-14,0.0008190840017050505,,,,,0.0008190840017050505,Repo_ALS,synthetic,30x30,10,42
2,2.6098473060447765e-12,3.325378763270185e-14,0.0007618330419063568,,,,,0.0015809170436114073,Repo_ALS,synthetic,30x30,10,42
3,4.982521778905936e-12,6.348559960856467e-14,0.0007932500448077917,,,,,0.002374167088419199,Repo_ALS,synthetic,30x30,10,42
4,2.840144728128956e-12,3.618815913735209e-14,0.0010118340142071247,,,,,0.0033860011026263237,Repo_ALS,synthetic,30x30,10,42
5,2.751557687693213e-12,3.505941316710443e-14,0.0014232499524950981,,,,,0.004809251055121422,Repo_ALS,synthetic,30x30,10,42
6,3.4185482037453373e-12,4.3557979701035977e-14,0.0007986670825630426,,,,,0.0056079181376844645,Repo_ALS,synthetic,30x30,10,42
7,2.377346801263699e-12,3.0291345196863306e-14,0.0007923750672489405,,,,,0.006400293204933405,Repo_ALS,synthetic,30x30,10,42
8,5.010547614043442e-12,6.384269527762284e-14,0.0007870830595493317,,,,,0.007187376264482737,Repo_ALS,synthetic,30x30,10,42
9,3.938054212113179e-12,5.017734874847574e-14,0.0007566669955849648,,,,,0.007944043260067701,Repo_ALS,synthetic,30x30,10,42
10,3.77359080979865e-12,4.8081811955479496e-14,0.0007444580551236868,,,,,0.008688501315191388,Repo_ALS,synthetic,30x30,10,42
11,2.665012327012296e-12,3.395668158659662e-14,0.0007449580589309335,,,,,0.009433459374122322,Repo_ALS,synthetic,30x30,10,42
12,2.0705385191640297e-12,2.638209830978836e-14,0.0007404580246657133,,,,,0.010173917398788035,Repo_ALS,synthetic,30x30,10,42
13,3.0212647365946673e-12,3.849592874655565e-14,0.0008012918988242745,,,,,0.01097520929761231,Repo_ALS,synthetic,30x30,10,42
14,3.8273203080877274e-12,4.8766414967149306e-14,0.0007930829888209701,,,,,0.01176829228643328,Repo_ALS,synthetic,30x30,10,42
15,4.4564458572300926e-12,5.6782518957996426e-14,0.0013142089592292905,,,,,0.01308250124566257,Repo_ALS,synthetic,30x30,10,42
1,24.69970147880207,0.314715204090612,0.005770666990429163,,,,,0.005770666990429163,Repo_SGD,synthetic,30x30,10,42
2,20.28755657769257,0.2584971528634854,0.006110707996413112,,,,,0.011881374986842275,Repo_SGD,synthetic,30x30,10,42
3,17.445556939668993,0.22228535909449387,0.005965042044408619,,,,,0.017846417031250894,Repo_SGD,synthetic,30x30,10,42
4,15.685382201475011,0.19985781063034438,0.0054347499972209334,,,,,0.023281167028471828,Repo_SGD,synthetic,30x30,10,42
5,14.625361775773117,0.186351390526389,0.005729499971494079,,,,,0.029010666999965906,Repo_SGD,synthetic,30x30,10,42
6,14.014412735217372,0.17856688543216828,0.005929042003117502,,,,,0.03493970900308341,Repo_SGD,synthetic,30x30,10,42
7,13.648889370571451,0.17390951091275741,0.0054778329795226455,,,,,0.04041754198260605,Repo_SGD,synthetic,30x30,10,42
8,13.43325858606933,0.17116201672093306,0.005888749961741269,,,,,0.04630629194434732,Repo_SGD,synthetic,30x30,10,42
9,13.298809918914442,0.16944891748531374,0.005926333018578589,,,,,0.05223262496292591,Repo_SGD,synthetic,30x30,10,42
10,13.206056839292733,0.16826708925924264,0.005847624968737364,,,,,0.058080249931663275,Repo_SGD,synthetic,30x30,10,42
11,13.135379638625619,0.1673665443821479,0.005384415970183909,,,,,0.06346466590184718,Repo_SGD,synthetic,30x30,10,42
12,13.075292482584647,0.16660093425552802,0.005949708982370794,,,,,0.06941437488421798,Repo_SGD,synthetic,30x30,10,42
13,13.016754934059906,0.1658550687013739,0.0060787079855799675,,,,,0.07549308286979795,Repo_SGD,synthetic,30x30,10,42
14,12.958711617316181,0.16511550048064969,0.0056440000189468265,,,,,0.08113708288874477,Repo_SGD,synthetic,30x30,10,42
15,12.898213488624156,0.16434465388014516,0.005932000000029802,,,,,0.08706908288877457,Repo_SGD,synthetic,30x30,10,42
1,1.6554519847054644e-14,2.006779357503854e-16,0.03154529200401157,0.0003193329321220517,0.0006140000186860561,0.030565914581529796,1.895683817565441e-05,0.03154529200401157,NBMF_SA,synthetic,30x30,10,43
2,1.6554519847054644e-14,2.006779357503854e-16,0.031085207941941917,0.0003150419797748327,0.0005678733577951789,0.0301523320376873,1.7586047761142254e-05,0.06263049994595349,NBMF_SA,synthetic,30x30,10,43
3,1.6554519847054644e-14,2.006779357503854e-16,0.03134599991608411,0.00032045808620750904,0.0007187075680121779,0.03024904173798859,1.962494570761919e-05,0.0939764998620376,NBMF_SA,synthetic,30x30,10,43
4,1.6554519847054644e-14,2.006779357503854e-16,0.030961666954681277,0.00036049995105713606,0.0006712089525535703,0.029883209615945816,1.8874299712479115e-05,0.12493816681671888,NBMF_SA,synthetic,30x30,10,43
5,1.6554519847054644e-14,2.006779357503854e-16,0.03043445898219943,0.00031625002156943083,0.0006471675587818027,0.029414622928015888,2.308341208845377e-05,0.1553726257989183,NBMF_SA,synthetic,30x30,10,43
6,1.6554519847054644e-14,2.006779357503854e-16,0.030122459051199257,0.00033299997448921204,0.000565250520594418,0.029175291885621846,1.9664294086396694e-05,0.18549508485011756,NBMF_SA,synthetic,30x30,10,43
7,1.6554519847054644e-14,2.006779357503854e-16,0.031020291964523494,0.00031812500674277544,0.0006013307720422745,0.030054793460294604,1.750106457620859e-05,0.21651537681464106,NBMF_SA,synthetic,30x30,10,43
8,1.6554519847054644e-14,2.006779357503854e-16,0.031661582994274795,0.0003228338900953531,0.0005913319764658809,0.030702999094501138,1.7501297406852245e-05,0.24817695980891585,NBMF_SA,synthetic,30x30,10,43
9,1.6554519847054644e-14,2.006779357503854e-16,0.03069887508172542,0.0003231250448152423,0.000673038768582046,0.029641584027558565,2.1706102415919304e-05,0.27887583489064127,NBMF_SA,synthetic,30x30,10,43
10,1.6554519847054644e-14,2.006779357503854e-16,0.03008716693148017,0.00031995796598494053,0.0005654161795973778,0.02915374841541052,1.6915262676775455e-05,0.30896300182212144,NBMF_SA,synthetic,30x30,10,43
11,1.6554519847054644e-14,2.006779357503854e-16,0.02858691697474569,0.00031762500293552876,0.0005780403735116124,0.02764295705128461,1.5247846022248268e-05,0.33754991879686713,NBMF_SA,synthetic,30x30,10,43
12,1.7202724940262526,0.020853563632096325,0.028620541910640895,0.00031162495724856853,0.0005687910597771406,0.027698500431142747,1.6999314539134502e-05,0.366170460707508,NBMF_SA,synthetic,30x30,10,43
13,1.9622496712158797,0.023786870116715344,0.028642749995924532,0.0003113329876214266,0.0005492853233590722,0.027740666992031038,1.8873135559260845e-05,0.39481321070343256,NBMF_SA,synthetic,30x30,10,43
14,1.0491181139423507,0.012717666196869285,0.02823883295059204,0.00034204195253551006,0.0005689958343282342,0.02728212415240705,1.9542989321053028e-05,0.4230520436540246,NBMF_SA,synthetic,30x30,10,43
15,1.66456526287667,0.020178266960447055,0.02971016603987664,0.0003362499410286546,0.0005696687148883939,0.0287556640105322,1.91231956705451e-05,0.45276220969390124,NBMF_SA,synthetic,30x30,10,43
1,1.9729646694626972,0.02391675994436401,0.227993666077964,0.00044608302414417267,0.0007201639236882329,0.22676300117745996,2.6792753487825394e-05,0.227993666077964,NBMF_PathIntegral,synthetic,30x30,10,43
2,2.0237737919462355,0.0245326805455948,0.22790183406323195,0.00035166589077562094,0.0007480415515601635,0.22673899785149843,2.3750821128487587e-05,0.45589550014119595,NBMF_PathIntegral,synthetic,30x30,10,43
3,1.8731968944627713,0.022707350591125885,0.22565795900300145,0.0019142910605296493,0.0006339573301374912,0.2230575371067971,1.937581691890955e-05,0.6815534591441974,NBMF_PathIntegral,synthetic,30x30,10,43
4,2.2015918353631285,0.026688234329199305,0.23452270799316466,0.00032841693609952927,0.0007796249119564891,0.23335091315675527,2.570822834968567e-05,0.9160761671373621,NBMF_PathIntegral,synthetic,30x30,10,43
5,2.3558523157052425,0.028558217575401768,0.277553208055906,0.00033012498170137405,0.0010266267927363515,0.27612970664631575,3.125274088233709e-05,1.193629375193268,NBMF_PathIntegral,synthetic,30x30,10,43
6,1.5554127570344947,0.018855093606175058,0.22723566694185138,0.0003457919228821993,0.0007174576167017221,0.226112917996943,2.383277751505375e-05,1.4208650421351194,NBMF_PathIntegral,synthetic,30x30,10,43
7,2.1836769086540806,0.026471065208964698,0.2309734580339864,0.0003330409526824951,0.0007238328689709306,0.2298609132412821,2.3666303604841232e-05,1.6518385001691058,NBMF_PathIntegral,synthetic,30x30,10,43
8,1.01780426162207,0.012338072025483857,0.23418395896442235,0.00032420805655419827,0.0007802528562024236,0.2330173768568784,2.59132357314229e-05,1.8860224591335282,NBMF_PathIntegral,synthetic,30x30,10,43
9,1.6645652628766698,0.020178266960447052,0.23114349995739758,0.0003378340043127537,0.0006951189134269953,0.23004845588002354,2.5417772121727467e-05,2.1171659590909258,NBMF_PathIntegral,synthetic,30x30,10,43
10,0.8083113453018609,0.00979854769074771,0.22832245798781514,0.000421667005866766,0.0006940008606761694,0.22714141907636076,2.3039057850837708e-05,2.345488417078741,NBMF_PathIntegral,synthetic,30x30,10,43
11,1.720272494026252,0.02085356363209632,0.227377540897578,0.00032716698478907347,0.0006980031030252576,0.22629299806430936,2.4583074264228344e-05,2.572865957976319,NBMF_PathIntegral,synthetic,30x30,10,43
12,2.110882925858379,0.025588638757611623,0.23092633299529552,0.0003390839556232095,0.0007454560836777091,0.22977462643757463,2.5251181796193123e-05,2.8037922909716144,NBMF_PathIntegral,synthetic,30x30,10,43
13,0.9591156991422823,0.011626634926769288,0.22646558401174843,0.00032595801167190075,0.0007335852133110166,0.2253434166777879,2.483499702066183e-05,3.030257874983363,NBMF_PathIntegral,synthetic,30x30,10,43
14,1.6645652628766696,0.020178266960447052,0.22861704195383936,0.00033862493000924587,0.0006904581096023321,0.22752966592088342,2.653920091688633e-05,3.258874916937202,NBMF_PathIntegral,synthetic,30x30,10,43
15,0.8086481126062959,0.009802630066322877,0.22699129092507064,0.0003403750015422702,0.0006879178108647466,0.22590916615445167,2.2625201381742954e-05,3.485866207862273,NBMF_PathIntegral,synthetic,30x30,10,43
1,1.6554519847054644e-14,2.006779357503854e-16,0.026007042033597827,0.0003208749694749713,0.0006732929032295942,0.024958914960734546,2.207991201430559e-05,0.026007042033597827,NBMF_Exact,synthetic,30x30,10,43
2,1.6554519847054644e-14,2.006779357503854e-16,0.025968334055505693,0.0003205409739166498,0.0005412508035078645,0.0250674580456689,1.3585085980594158e-05,0.05197537608910352,NBMF_Exact,synthetic,30x30,10,43
3,1.6554519847054644e-14,2.006779357503854e-16,0.026520416955463588,0.0003273329930379987,0.0005522503051906824,0.025598621927201748,1.570617314428091e-05,0.07849579304456711,NBMF_Exact,synthetic,30x30,10,43
4,1.6554519847054644e-14,2.006779357503854e-16,0.026285417028702796,0.0003184590023010969,0.0005816655466333032,0.025338664185255766,1.5289639122784138e-05,0.1047812100732699,NBMF_Exact,synthetic,30x30,10,43
5,1.6554519847054644e-14,2.006779357503854e-16,0.02742170903366059,0.0003203749656677246,0.0005599132273346186,0.026497622835449874,1.5706755220890045e-05,0.1322029191069305,NBMF_Exact,synthetic,30x30,10,43
6,1.6554519847054644e-14,2.006779357503854e-16,0.026885250001214445,0.00032566592562943697,0.0007331630913540721,0.025774958077818155,1.662573777139187e-05,0.15908816910814494,NBMF_Exact,synthetic,30x30,10,43
7,1.6554519847054644e-14,2.006779357503854e-16,0.02647816704120487,0.00035012501757591963,0.0006332050543278456,0.025453626876696944,1.4163670130074024e-05,0.1855663361493498,NBMF_Exact,synthetic,30x30,10,43
8,1.6554519847054644e-14,2.006779357503854e-16,0.026238749967887998,0.00032762507908046246,0.0005555399693548679,0.025293328915722668,1.4375196769833565e-05,0.2118050861172378,NBMF_Exact,synthetic,30x30,10,43
9,1.6554519847054644e-14,2.006779357503854e-16,0.02801920799538493,0.0003207920817658305,0.0006719173397868872,0.026969497906975448,1.9079772755503654e-05,0.23982429411262274,NBMF_Exact,synthetic,30x30,10,43
10,1.6554519847054644e-14,2.006779357503854e-16,0.026210166979581118,0.00033775006886571646,0.0005722080823034048,0.025252290884964168,1.729035284370184e-05,0.26603446109220386,NBMF_Exact,synthetic,30x30,10,43
11,1.6554519847054644e-14,2.006779357503854e-16,0.02680941706057638,0.0003223329549655318,0.0005920017138123512,0.02584958414081484,1.566589344292879e-05,0.29284387815278023,NBMF_Exact,synthetic,30x30,10,43
12,1.6554519847054644e-14,2.006779357503854e-16,0.026944832992739975,0.000326208071783185,0.0006476690759882331,0.025921540334820747,1.8835067749023438e-05,0.3197887111455202,NBMF_Exact,synthetic,30x30,10,43
13,1.6554519847054644e-14,2.006779357503854e-16,0.02562745800241828,0.000313500058837235,0.0005078352987766266,0.024765581940300763,1.3874727301299572e-05,0.3454161691479385,NBMF_Exact,synthetic,30x30,10,43
14,1.6554519847054644e-14,2.006779357503854e-16,0.026590165914967656,0.0004670419730246067,0.0005646646022796631,0.025518331211060286,1.3249693438410759e-05,0.37200633506290615,NBMF_Exact,synthetic,30x30,10,43
15,1.6554519847054644e-14,2.006779357503854e-16,0.027190249995328486,0.0006531249964609742,0.0007523337844759226,0.02571491606067866,3.337475936859846e-05,0.39919658505823463,NBMF_Exact,synthetic,30x30,10,43
1,7.984838255038986e-12,9.679416093768654e-14,0.000829166965559125,,,,,0.000829166965559125,Repo_ALS,synthetic,30x30,10,43
2,1.5583864412624363e-11,1.8891141333197657e-13,0.0007603750564157963,,,,,0.0015895420219749212,Repo_ALS,synthetic,30x30,10,43
3,8.575270611441311e-12,1.0395152627221392e-13,0.000771332997828722,,,,,0.0023608750198036432,Repo_ALS,synthetic,30x30,10,43
4,3.9032698273863506e-11,4.731639086324932e-13,0.000753166968934238,,,,,0.003114041988737881,Repo_ALS,synthetic,30x30,10,43
5,4.2267374012397094e-12,5.123754385365917e-14,0.0007644579745829105,,,,,0.0038784999633207917,Repo_ALS,synthetic,30x30,10,43
6,1.1668838382998676e-11,1.4145251091179594e-13,0.0008324170485138893,,,,,0.004710917011834681,Repo_ALS,synthetic,30x30,10,43
7,8.623391816246365e-12,1.0453486327838011e-13,0.0008842500392347574,,,,,0.0055951670510694385,Repo_ALS,synthetic,30x30,10,43
8,2.5350972111823093e-11,3.0731068008423006e-13,0.0011454590130597353,,,,,0.006740626064129174,Repo_ALS,synthetic,30x30,10,43
9,1.7881112945761606e-11,2.167592215314759e-13,0.000790167017839849,,,,,0.007530793081969023,Repo_ALS,synthetic,30x30,10,43
10,2.223547854495925e-11,2.69543905594961e-13,0.0007869170513004065,,,,,0.00831771013326943,Repo_ALS,synthetic,30x30,10,43
11,5.729146683440143e-12,6.945011638307891e-14,0.0007652079220861197,,,,,0.009082918055355549,Repo_ALS,synthetic,30x30,10,43
12,2.0684988786758762e-11,2.50748489783904e-13,0.0007450829725712538,,,,,0.009828001027926803,Repo_ALS,synthetic,30x30,10,43
13,3.743069136075141e-11,4.53743989278059e-13,0.0007399159949272871,,,,,0.01056791702285409,Repo_ALS,synthetic,30x30,10,43
14,1.835108406995542e-11,2.2245632636670207e-13,0.0007428330136463046,,,,,0.011310750036500394,Repo_ALS,synthetic,30x30,10,43
15,1.7265107792133867e-11,2.0929185649862007e-13,0.0007512080483138561,,,,,0.01206195808481425,Repo_ALS,synthetic,30x30,10,43
1,26.372665055852107,0.3196958916683012,0.005854374961927533,,,,,0.005854374961927533,Repo_SGD,synthetic,30x30,10,43
2,21.388853208685468,0.2592809063411574,0.006093541043810546,,,,,0.01194791600573808,Repo_SGD,synthetic,30x30,10,43
3,18.114293515141267,0.21958589338620416,0.00563545897603035,,,,,0.01758337498176843,Repo_SGD,synthetic,30x30,10,43
4,16.03676677067679,0.1944016064121832,0.005996833089739084,,,,,0.023580208071507514,Repo_SGD,synthetic,30x30,10,43
5,14.784506262151552,0.17922139845723709,0.005950917024165392,,,,,0.029531125095672905,Repo_SGD,synthetic,30x30,10,43
6,14.044831196034572,0.1702548765184691,0.006025125039741397,,,,,0.0355562501354143,Repo_SGD,synthetic,30x30,10,43
7,13.613731371623302,0.1650289790799155,0.005446625058539212,,,,,0.041002875193953514,Repo_SGD,synthetic,30x30,10,43
8,13.34651449367114,0.1617897107737047,0.005665915901772678,,,,,0.04666879109572619,Repo_SGD,synthetic,30x30,10,43
9,13.183394947288974,0.15981233576368067,0.005723041947931051,,,,,0.05239183304365724,Repo_SGD,synthetic,30x30,10,43
10,13.076786071604795,0.15851999691588395,0.005333250039257109,,,,,0.05772508308291435,Repo_SGD,synthetic,30x30,10,43
11,12.9962011584971,0.15754312690307268,0.00559804099611938,,,,,0.06332312407903373,Repo_SGD,synthetic,30x30,10,43
12,12.930459999443547,0.1567461965049342,0.005660374998115003,,,,,0.06898349907714874,Repo_SGD,synthetic,30x30,10,43
13,12.868968985816558,0.1560007874084536,0.005387583049014211,,,,,0.07437108212616295,Repo_SGD,synthetic,30x30,10,43
14,12.809399891513051,0.15527867628775718,0.005760708008892834,,,,,0.08013179013505578,Repo_SGD,synthetic,30x30,10,43
15,12.749665477322377,0.15455456111898197,0.005577999982051551,,,,,0.08570979011710733,Repo_SGD,synthetic,30x30,10,43
1,1.6156916081545086e-14,1.989613510434468e-16,0.02893975004553795,0.0003132089041173458,0.00058683508541435,0.028000870486721396,1.7166021279990673e-05,0.02893975004553795,NBMF_SA,synthetic,30x30,10,44
2,1.6156916081545086e-14,1.989613510434468e-16,0.02760958403814584,0.00032245798502117395,0.0005297873867675662,0.026720247929915786,1.5832949429750443e-05,0.05654933408368379,NBMF_SA,synthetic,30x30,10,44
3,1.6156916081545086e-14,1.989613510434468e-16,0.028202792047522962,0.00030937499832361937,0.0005654579726979136,0.027274493826553226,2.6124180294573307e-05,0.08475212613120675,NBMF_SA,synthetic,30x30,10,44
4,1.6156916081545086e-14,1.989613510434468e-16,0.02786654094234109,0.00031358294654637575,0.000549874734133482,0.02695824787952006,1.6291160136461258e-05,0.11261866707354784,NBMF_SA,synthetic,30x30,10,44
5,1.6156916081545086e-14,1.989613510434468e-16,0.027920125052332878,0.0003448330098763108,0.0005390807054936886,0.02699446096085012,1.4624558389186859e-05,0.14053879212588072,NBMF_SA,synthetic,30x30,10,44
6,1.6156916081545086e-14,1.989613510434468e-16,0.028180082910694182,0.0003715419443324208,0.000558539992198348,0.027206331957131624,1.567089930176735e-05,0.1687188750365749,NBMF_SA,synthetic,30x30,10,44
7,1.6156916081545086e-14,1.989613510434468e-16,0.02838433301076293,0.00031566701363772154,0.0005880402168259025,0.027432915871031582,1.7251702956855297e-05,0.19710320804733783,NBMF_SA,synthetic,30x30,10,44
8,1.6156916081545086e-14,1.989613510434468e-16,0.029063708032481372,0.00036145804915577173,0.0005921260453760624,0.028063582838512957,1.8580234609544277e-05,0.2261669160798192,NBMF_SA,synthetic,30x30,10,44
9,1.6156916081545086e-14,1.989613510434468e-16,0.02793145796749741,0.00033208297099918127,0.0005479169776663184,0.027008207282051444,1.6204779967665672e-05,0.2540983740473166,NBMF_SA,synthetic,30x30,10,44
10,1.6156916081545086e-14,1.989613510434468e-16,0.028316874988377094,0.00031512498389929533,0.0005624559707939625,0.02738087414763868,1.603923738002777e-05,0.2824152490356937,NBMF_SA,synthetic,30x30,10,44
11,1.6156916081545086e-14,1.989613510434468e-16,0.028112415922805667,0.00037279201205819845,0.0005703750066459179,0.02712879062164575,1.5833997167646885e-05,0.31052766495849937,NBMF_SA,synthetic,30x30,10,44
12,1.6156916081545086e-14,1.989613510434468e-16,0.029665833921171725,0.00031933304853737354,0.0005833342438563704,0.028716580127365887,1.9164872355759144e-05,0.3401934988796711,NBMF_SA,synthetic,30x30,10,44
13,1.6156916081545086e-14,1.989613510434468e-16,0.028629375039599836,0.00033000006806105375,0.0005406638374552131,0.027719705016352236,1.6459263861179352e-05,0.36882287391927093,NBMF_SA,synthetic,30x30,10,44
14,1.6156916081545086e-14,1.989613510434468e-16,0.029108208022080362,0.0003219590289518237,0.0005932501517236233,0.028151041944511235,1.7955200746655464e-05,0.3979310819413513,NBMF_SA,synthetic,30x30,10,44
15,1.6156916081545086e-14,1.989613510434468e-16,0.02882320899516344,0.0003274580230936408,0.0005524998996406794,0.02790291595738381,1.9749975763261318e-05,0.42675429093651474,NBMF_SA,synthetic,30x30,10,44
1,2.4298067098676586,0.02992140476126497,0.23099091707263142,0.0003220420330762863,0.0007655796362087131,0.22978154360316694,2.3542670533061028e-05,0.23099091707263142,NBMF_PathIntegral,synthetic,30x30,10,44
2,2.081620488704457,0.025633730020138374,0.23504199995659292,0.0003352909116074443,0.0007367925718426704,0.23390350013505667,2.6042340323328972e-05,0.46603291702922434,NBMF_PathIntegral,synthetic,30x30,10,44
3,1.5841902198977658,0.019508217092288855,0.22818616696167737,0.00032104109413921833,0.0007237482350319624,0.22707045660354197,2.462533302605152e-05,0.6942190839909017,NBMF_PathIntegral,synthetic,30x30,10,44
4,0.767693678788905,0.009453621640940513,0.2297473750077188,0.0003310419851914048,0.0006879139691591263,0.2286694988142699,2.2961292415857315e-05,0.9239664589986205,NBMF_PathIntegral,synthetic,30x30,10,44
5,2.2992560416267875,0.02831376273343409,0.22948249999899417,0.0003537921002134681,0.000702876946888864,0.22836379101499915,2.2416701540350914e-05,1.1534489589976147,NBMF_PathIntegral,synthetic,30x30,10,44
6,2.8960225452821695,0.03566253332959815,0.22964274999685585,0.00033479195553809404,0.0007519150385633111,0.22849591344129294,2.4080974981188774e-05,1.3830917089944705,NBMF_PathIntegral,synthetic,30x30,10,44
7,1.9200345788068407,0.023643910256233285,0.23260662495158613,0.00031604093965142965,0.0007082102820277214,0.23152199457399547,2.371089067310095e-05,1.6156983339460567,NBMF_PathIntegral,synthetic,30x30,10,44
8,0.8484289066136991,0.01044782065291467,0.22934654203709215,0.0003422920126467943,0.0008251687977463007,0.22810850047972053,2.3248139768838882e-05,1.8450448759831488,NBMF_PathIntegral,synthetic,30x30,10,44
9,1.6156916081545086e-14,1.989613510434468e-16,0.2322817500680685,0.00035333307459950447,0.0007307461928576231,0.23113716370426118,2.358201891183853e-05,2.0773266260512173,NBMF_PathIntegral,synthetic,30x30,10,44
10,1.6156916081545086e-14,1.989613510434468e-16,0.23249033303000033,0.00031458400189876556,0.0007072517182677984,0.23140749824233353,2.324592787772417e-05,2.3098169590812176,NBMF_PathIntegral,synthetic,30x30,10,44
11,1.7540348536858132,0.02159973738213849,0.2292714170180261,0.00033075001556426287,0.0006926648784428835,0.22818220511544496,2.6043271645903587e-05,2.5390883760992438,NBMF_PathIntegral,synthetic,30x30,10,44
12,1.799382522913185,0.02215816285706281,0.2293923330726102,0.00033154210541397333,0.0007252489449456334,0.2282749960431829,2.5001936592161655e-05,2.768480709171854,NBMF_PathIntegral,synthetic,30x30,10,44
13,1.898756498963916,0.02338188528242072,0.2320699169067666,0.0003195420140400529,0.0007991631282493472,0.23089087626431137,2.558319829404354e-05,3.0005506260786206,NBMF_PathIntegral,synthetic,30x30,10,44
14,1.023576989801157,0.012604649288266111,0.23092899995390326,0.00033125001937150955,0.0007739127613604069,0.22975791385397315,2.837320789694786e-05,3.231479626032524,NBMF_PathIntegral,synthetic,30x30,10,44
15,1.6156916081545086e-14,1.989613510434468e-16,0.2326990410219878,0.00032716698478907347,0.0007740441942587495,0.23152508190833032,2.6584602892398834e-05,3.4641786670545116,NBMF_PathIntegral,synthetic,30x30,10,44
1,1.6156916081545086e-14,1.989613510434468e-16,0.026843208936043084,0.0003375420346856117,0.000567000824958086,0.025891582015901804,1.7168116755783558e-05,0.026843208936043084,NBMF_Exact,synthetic,30x30,10,44
2,1.6156916081545086e-14,1.989613510434468e-16,0.02643620898015797,0.00031749997287988663,0.0005528748733922839,0.02551833284087479,1.5584751963615417e-05,0.053279417916201055,NBMF_Exact,synthetic,30x30,10,44
3,1.6156916081545086e-14,1.989613510434468e-16,0.02607645804528147,0.00034491706173866987,0.0005431659519672394,0.025145623134449124,1.5789992175996304e-05,0.07935587596148252,NBMF_Exact,synthetic,30x30,10,44
4,1.6156916081545086e-14,1.989613510434468e-16,0.026013500057160854,0.00031420798040926456,0.0006231676088646054,0.025026793591678143,2.0954059436917305e-05,0.10536937601864338,NBMF_Exact,synthetic,30x30,10,44
5,1.6156916081545086e-14,1.989613510434468e-16,0.026784416986629367,0.000323957996442914,0.0005694144638255239,0.025826417957432568,1.5500932931900024e-05,0.13215379300527275,NBMF_Exact,synthetic,30x30,10,44
6,1.6156916081545086e-14,1.989613510434468e-16,0.026327583007514477,0.00036320905201137066,0.0005482928827404976,0.025371291092596948,1.5419325791299343e-05,0.15848137601278722,NBMF_Exact,synthetic,30x30,10,44
7,1.6156916081545086e-14,1.989613510434468e-16,0.02635287505108863,0.0003248749999329448,0.0005672891857102513,0.025409999303519726,1.633062493056059e-05,0.18483425106387585,NBMF_Exact,synthetic,30x30,10,44
8,1.6156916081545086e-14,1.989613510434468e-16,0.02687516692094505,0.00034883408807218075,0.0007611197652295232,0.02571662119589746,1.6252277418971062e-05,0.2117094179848209,NBMF_Exact,synthetic,30x30,10,44
9,1.6156916081545086e-14,1.989613510434468e-16,0.025722292019054294,0.0003680840600281954,0.0005095390370115638,0.02480103773996234,1.3454700820147991e-05,0.2374317100038752,NBMF_Exact,synthetic,30x30,10,44
10,1.6156916081545086e-14,1.989613510434468e-16,0.0266194170108065,0.00031666597351431847,0.0005770415300503373,0.02568108099512756,1.6415724530816078e-05,0.2640511270146817,NBMF_Exact,synthetic,30x30,10,44
11,1.6156916081545086e-14,1.989613510434468e-16,0.02650229202117771,0.00031587493140250444,0.0005834581097587943,0.025532041327096522,2.1043233573436737e-05,0.2905534190358594,NBMF_Exact,synthetic,30x30,10,44
12,1.6156916081545086e-14,1.989613510434468e-16,0.027638417086564004,0.0007174160564318299,0.0006560847396031022,0.02620678744278848,1.741410233080387e-05,0.3181918361224234,NBMF_Exact,synthetic,30x30,10,44
13,1.6156916081545086e-14,1.989613510434468e-16,0.026073165936395526,0.00033125001937150955,0.0005771237192675471,0.02512058091815561,1.5831901691854e-05,0.34426500205881894,NBMF_Exact,synthetic,30x30,10,44
14,1.6156916081545086e-14,1.989613510434468e-16,0.02648737491108477,0.0003833749797195196,0.0006430838257074356,0.02541312191169709,1.7210259102284908e-05,0.3707523769699037,NBMF_Exact,synthetic,30x30,10,44
15,1.6156916081545086e-14,1.989613510434468e-16,0.027473333990201354,0.00031254091300070286,0.0006717899814248085,0.026434206985868514,2.237502485513687e-05,0.39822571096010506,NBMF_Exact,synthetic,30x30,10,44
1,1.558231709909036e-11,1.9188555828198254e-13,0.0008330830605700612,,,,,0.0008330830605700612,Repo_ALS,synthetic,30x30,10,44
2,2.8746938191741016e-11,3.539988468173249e-13,0.0007900419877842069,,,,,0.001623125048354268,Repo_ALS,synthetic,30x30,10,44
3,1.3137662087110408e-11,1.6178130685406085e-13,0.0007947499398142099,,,,,0.002417874988168478,Repo_ALS,synthetic,30x30,10,44
4,1.7050907943319377e-11,2.0997024827004238e-13,0.0007853329880163074,,,,,0.0032032079761847854,Repo_ALS,synthetic,30x30,10,44
5,3.1819991509360703e-11,3.9184139280916427e-13,0.0007697910768911242,,,,,0.00397299905307591,Repo_ALS,synthetic,30x30,10,44
6,1.5525390508169428e-11,1.9118454632012286e-13,0.0007568340515717864,,,,,0.004729833104647696,Repo_ALS,synthetic,30x30,10,44
7,4.0071511289797774e-11,4.934532050752886e-13,0.0007540830411016941,,,,,0.00548391614574939,Repo_ALS,synthetic,30x30,10,44
8,2.7195757992856573e-11,3.3489712551579434e-13,0.0007607919396832585,,,,,0.006244708085432649,Repo_ALS,synthetic,30x30,10,44
9,2.9432223485666216e-11,3.6243766566378165e-13,0.0007654159562662244,,,,,0.007010124041698873,Repo_ALS,synthetic,30x30,10,44
10,4.9320840394332596e-11,6.073523554821984e-13,0.0007851659320294857,,,,,0.007795289973728359,Repo_ALS,synthetic,30x30,10,44
11,4.4961904864379745e-11,5.536750511146085e-13,0.0010009999386966228,,,,,0.008796289912424982,Repo_ALS,synthetic,30x30,10,44
12,1.537949267864438e-11,1.893879145167451e-13,0.000890791998244822,,,,,0.009687081910669804,Repo_ALS,synthetic,30x30,10,44
13,2.5172311167537573e-11,3.0997976430043905e-13,0.0007757919374853373,,,,,0.010462873848155141,Repo_ALS,synthetic,30x30,10,44
14,3.8709190621511174e-11,4.766771594890698e-13,0.0007979590445756912,,,,,0.011260832892730832,Repo_ALS,synthetic,30x30,10,44
15,2.0174087387115732e-11,2.4843006316000245e-13,0.0007815000135451555,,,,,0.012042332906275988,Repo_ALS,synthetic,30x30,10,44
1,23.19075342305932,0.28557823841380486,0.005728208925575018,,,,,0.005728208925575018,Repo_SGD,synthetic,30x30,10,44
2,19.106664157311528,0.23528547746895057,0.005455499980598688,,,,,0.011183708906173706,Repo_SGD,synthetic,30x30,10,44
3,16.470801754818275,0.20282663803958023,0.005649541970342398,,,,,0.016833250876516104,Repo_SGD,synthetic,30x30,10,44
4,14.83938686179918,0.1827368814555107,0.0055509579833596945,,,,,0.022384208859875798,Repo_SGD,synthetic,30x30,10,44
5,13.85994158982161,0.17067568403378477,0.0054568329360336065,,,,,0.027841041795909405,Repo_SGD,synthetic,30x30,10,44
6,13.28067710393243,0.1635424387942652,0.0056428329553455114,,,,,0.033483874751254916,Repo_SGD,synthetic,30x30,10,44
7,12.947193693870318,0.15943581909768084,0.0056334169348701835,,,,,0.0391172916861251,Repo_SGD,synthetic,30x30,10,44
8,12.743168650530526,0.15692339048415668,0.005535291973501444,,,,,0.044652583659626544,Repo_SGD,synthetic,30x30,10,44
9,12.617871920993132,0.15538044711153123,0.0057854579063132405,,,,,0.050438041565939784,Repo_SGD,synthetic,30x30,10,44
10,12.535993068485137,0.15437216514517965,0.005752417026087642,,,,,0.056190458592027426,Repo_SGD,synthetic,30x30,10,44
11,12.473862635873898,0.1536070714385059,0.005419917055405676,,,,,0.0616103756474331,Repo_SGD,synthetic,30x30,10,44
12,12.422713871095274,0.1529772094467003,0.005833374918438494,,,,,0.0674437505658716,Repo_SGD,synthetic,30x30,10,44
13,12.376152897194817,0.1524038429560669,0.005712082958780229,,,,,0.07315583352465183,Repo_SGD,synthetic,30x30,10,44
14,12.330277782261879,0.1518389223486772,0.0056730411015450954,,,,,0.07882887462619692,Repo_SGD,synthetic,30x30,10,44
15,12.284390525487801,0.1512738522228333,0.005647749989293516,,,,,0.08447662461549044,Repo_SGD,synthetic,30x30,10,44
1,1.8765463389658164e-14,2.1451747007933058e-16,0.03028008295223117,0.00033183302730321884,0.0006051248637959361,0.029295709333382547,1.8581515178084373e-05,0.03028008295223117,NBMF_SA,synthetic,30x30,10,45
2,1.8765463389658164e-14,2.1451747007933058e-16,0.028606500010937452,0.0003405829193070531,0.000611082767136395,0.027618040796369314,1.6205012798309326e-05,0.05888658296316862,NBMF_SA,synthetic,30x30,10,45
3,1.8765463389658164e-14,2.1451747007933058e-16,0.029357666964642704,0.0003312499029561877,0.0005891640903428197,0.028383917757309973,2.233183477073908e-05,0.08824424992781132,NBMF_SA,synthetic,30x30,10,45
4,1.8765463389658164e-14,2.1451747007933058e-16,0.03014437493402511,0.0003218750935047865,0.0006826656172052026,0.029088205425068736,2.2041029296815395e-05,0.11838862486183643,NBMF_SA,synthetic,30x30,10,45
5,1.8765463389658164e-14,2.1451747007933058e-16,0.030752916005440056,0.0003647919511422515,0.0006437890697270632,0.029700997285544872,1.587637234479189e-05,0.1491415408672765,NBMF_SA,synthetic,30x30,10,45
6,1.8765463389658164e-14,2.1451747007933058e-16,0.030712957959622145,0.00031525001395493746,0.0006823728326708078,0.029668872011825442,1.6712467186152935e-05,0.17985449882689863,NBMF_SA,synthetic,30x30,10,45
7,1.8765463389658164e-14,2.1451747007933058e-16,0.03101979207713157,0.0003292079782113433,0.0006267104763537645,0.030016250093467534,1.7961952835321426e-05,0.2108742909040302,NBMF_SA,synthetic,30x30,10,45
8,1.8765463389658164e-14,2.1451747007933058e-16,0.03031208401080221,0.0003189999843016267,0.0005995421670377254,0.0293500799452886,1.6626319848001003e-05,0.2411863749148324,NBMF_SA,synthetic,30x30,10,45
9,1.8765463389658164e-14,2.1451747007933058e-16,0.029614374972879887,0.000331499963067472,0.0005494566867128015,0.028686663834378123,1.512700691819191e-05,0.2708007498877123,NBMF_SA,synthetic,30x30,10,45
10,1.8765463389658164e-14,2.1451747007933058e-16,0.03044545801822096,0.00032983405981212854,0.0005933340871706605,0.029474413604475558,2.0538223907351494e-05,0.30124620790593326,NBMF_SA,synthetic,30x30,10,45
11,1.8765463389658164e-14,2.1451747007933058e-16,0.030488583026453853,0.00034266593866050243,0.0005979957059025764,0.02950170694384724,1.783121842890978e-05,0.3317347909323871,NBMF_SA,synthetic,30x30,10,45
12,1.8765463389658164e-14,2.1451747007933058e-16,0.028831708012148738,0.00032691704109311104,0.0005537883844226599,0.027902495465241373,1.6124919056892395e-05,0.36056649894453585,NBMF_SA,synthetic,30x30,10,45
13,1.8765463389658164e-14,2.1451747007933058e-16,0.02885395905468613,0.0003417080733925104,0.0005954148946329951,0.02787903673015535,1.554703339934349e-05,0.389420457999222,NBMF_SA,synthetic,30x30,10,45
14,1.8765463389658164e-14,2.1451747007933058e-16,0.029462457983754575,0.0003412499791011214,0.0005524620646610856,0.028517744038254023,1.795496791601181e-05,0.41888291598297656,NBMF_SA,synthetic,30x30,10,45
15,1.8765463389658164e-14,2.1451747007933058e-16,0.029110000003129244,0.0003684170078486204,0.0005626240745186806,0.028133873944170773,1.745892222970724e-05,0.4479929159861058,NBMF_SA,synthetic,30x30,10,45
1,1.7090209304249029,0.01953667962760882,0.23112662497442216,0.0003415419487282634,0.0007381633622571826,0.22998287295922637,2.6624882593750954e-05,0.23112662497442216,NBMF_PathIntegral,synthetic,30x30,10,45
2,1.7802688771732098,0.020351150816911655,0.23408641607966274,0.0003273750189691782,0.0009101652540266514,0.23278166283853352,2.9919901862740517e-05,0.4652130410540849,NBMF_PathIntegral,synthetic,30x30,10,45
3,0.7261781438950365,0.008301308367429823,0.23438533407170326,0.00032891600858420134,0.0008159128483384848,0.23317491926718503,2.8875074349343777e-05,0.6995983751257882,NBMF_PathIntegral,synthetic,30x30,10,45
4,2.9973717241263365,0.034264466898337315,0.23570229206234217,0.0003320840187370777,0.000779581954702735,0.234529874403961,2.612406387925148e-05,0.9353006671881303,NBMF_PathIntegral,synthetic,30x30,10,45
5,1.9743814613342003,0.02257014960208023,0.2311749579384923,0.0003586250822991133,0.0007243325235322118,0.23002908332273364,2.3121479898691177e-05,1.1664756251266226,NBMF_PathIntegral,synthetic,30x30,10,45
6,1.2828833905052652,0.014665286629140711,0.23826579097658396,0.0003374170046299696,0.0008364979876205325,0.23702762508764863,2.695887815207243e-05,1.4047414161032066,NBMF_PathIntegral,synthetic,30x30,10,45
7,0.9145154415558128,0.01045428694178431,0.23106295801699162,0.0003267499851062894,0.000738378381356597,0.22993878810666502,2.466712612658739e-05,1.6358043741201982,NBMF_PathIntegral,synthetic,30x30,10,45
8,3.077223195064857,0.035177289308962405,0.23374125000555068,0.000328000052832067,0.000778497545979917,0.23257079010363668,2.5959103368222713e-05,1.8695456241257489,NBMF_PathIntegral,synthetic,30x30,10,45
9,2.6885586733185662,0.03073426926819132,0.23531004192773253,0.00031825003679841757,0.0007247922476381063,0.23420812108088285,2.4204840883612633e-05,2.1048556660534814,NBMF_PathIntegral,synthetic,30x30,10,45
10,3.4331812495415357,0.03924642523782947,0.23644216603133827,0.00034374999813735485,0.0007971669547259808,0.23522245709318668,2.5540939532220364e-05,2.3412978320848197,NBMF_PathIntegral,synthetic,30x30,10,45
11,2.806230518950165,0.03207943544396333,0.22998033405747265,0.000330040929839015,0.0007447109092026949,0.22884683695156127,2.283009234815836e-05,2.5712781661422923,NBMF_PathIntegral,synthetic,30x30,10,45
12,1.163779873647005,0.013303754297993185,0.23468699993100017,0.00031512498389929533,0.0008094186196103692,0.23349087359383702,2.4790060706436634e-05,2.8059651660732925,NBMF_PathIntegral,synthetic,30x30,10,45
13,1.8765463389658164e-14,2.1451747007933058e-16,0.2299638750264421,0.00031520891934633255,0.0007798748556524515,0.22880758089013398,2.4165958166122437e-05,3.0359290410997346,NBMF_PathIntegral,synthetic,30x30,10,45
14,2.670379803935544,0.030526457449853935,0.22960574994795024,0.00032512506004422903,0.0007075432222336531,0.22850841924082488,2.583314199000597e-05,3.265534791047685,NBMF_PathIntegral,synthetic,30x30,10,45
15,2.6837044114255617,0.030678777753872327,0.2346590410452336,0.0003515420248731971,0.0007452103309333324,0.23350191791541874,2.408574800938368e-05,3.5001938320929185,NBMF_PathIntegral,synthetic,30x30,10,45
1,1.8765463389658164e-14,2.1451747007933058e-16,0.02551154198590666,0.0003476249985396862,0.0005480819381773472,0.02455387415830046,1.5877769328653812e-05,0.02551154198590666,NBMF_Exact,synthetic,30x30,10,45
2,1.8765463389658164e-14,2.1451747007933058e-16,0.02545908303000033,0.0003266250714659691,0.0005469585303217173,0.024541623191908002,1.4292891137301922e-05,0.05097062501590699,NBMF_Exact,synthetic,30x30,10,45
3,1.8765463389658164e-14,2.1451747007933058e-16,0.026769291958771646,0.0003184579545632005,0.0006187062244862318,0.02578058431390673,1.9001774489879608e-05,0.07773991697467864,NBMF_Exact,synthetic,30x30,10,45
4,1.8765463389658164e-14,2.1451747007933058e-16,0.02651558304205537,0.0003511660033836961,0.0006148339016363025,0.02548445761203766,3.437208943068981e-05,0.104255500016734,NBMF_Exact,synthetic,30x30,10,45
5,1.8765463389658164e-14,2.1451747007933058e-16,0.026372125023044646,0.0003433340461924672,0.0005435837665572762,0.02544037578627467,1.5374389477074146e-05,0.13062762503977865,NBMF_Exact,synthetic,30x30,10,45
6,1.8765463389658164e-14,2.1451747007933058e-16,0.024905958911404014,0.00034333299845457077,0.000532166101038456,0.023990247980691493,1.8456485122442245e-05,0.15553358395118266,NBMF_Exact,synthetic,30x30,10,45
7,1.8765463389658164e-14,2.1451747007933058e-16,0.02526624989695847,0.0003387089818716049,0.0005524582229554653,0.02433728741016239,1.670618075877428e-05,0.18079983384814113,NBMF_Exact,synthetic,30x30,10,45
8,1.8765463389658164e-14,2.1451747007933058e-16,0.02513712493237108,0.0003348750760778785,0.0005117042455822229,0.024259785073809326,1.3208016753196716e-05,0.2059369587805122,NBMF_Exact,synthetic,30x30,10,45
9,1.8765463389658164e-14,2.1451747007933058e-16,0.025455124909058213,0.00032162503339350224,0.0005657058209180832,0.024513123091310263,1.666671596467495e-05,0.23139208368957043,NBMF_Exact,synthetic,30x30,10,45
10,1.8765463389658164e-14,2.1451747007933058e-16,0.026569749927148223,0.0003373749786987901,0.0006259168731048703,0.025558666908182204,1.64140947163105e-05,0.25796183361671865,NBMF_Exact,synthetic,30x30,10,45
11,1.8765463389658164e-14,2.1451747007933058e-16,0.02601041703019291,0.0003346659941598773,0.0005263307830318809,0.02510228776372969,1.4209188520908356e-05,0.28397225064691156,NBMF_Exact,synthetic,30x30,10,45
12,1.8765463389658164e-14,2.1451747007933058e-16,0.02624037500936538,0.0003220000071451068,0.000607831054367125,0.025262247887440026,1.674727536737919e-05,0.31021262565627694,NBMF_Exact,synthetic,30x30,10,45
13,1.8765463389658164e-14,2.1451747007933058e-16,0.025866332929581404,0.00035037496127188206,0.0005507062887772918,0.024920622818171978,1.533620525151491e-05,0.33607895858585835,NBMF_Exact,synthetic,30x30,10,45
14,1.8765463389658164e-14,2.1451747007933058e-16,0.026111667044460773,0.00036545901093631983,0.0005409145960584283,0.025160663528367877,1.4367746189236641e-05,0.3621906256303191,NBMF_Exact,synthetic,30x30,10,45
15,1.8765463389658164e-14,2.1451747007933058e-16,0.02698299998883158,0.0003375000087544322,0.0006767890881747007,0.02590070920996368,2.2747903130948544e-05,0.3891736256191507,NBMF_Exact,synthetic,30x30,10,45
1,1.3593422899544305e-09,1.5539326845164583e-11,0.0008691670373082161,,,,,0.0008691670373082161,Repo_ALS,synthetic,30x30,10,45
2,1.8349669808621283e-09,2.097643240883601e-11,0.000778915942646563,,,,,0.0016480829799547791,Repo_ALS,synthetic,30x30,10,45
3,7.628123548445888e-11,8.72009249698036e-13,0.0008822089293971658,,,,,0.002530291909351945,Repo_ALS,synthetic,30x30,10,45
4,4.732589223671762e-10,5.410061271102259e-12,0.0007890830747783184,,,,,0.0033193749841302633,Repo_ALS,synthetic,30x30,10,45
5,1.9583411209884656e-09,2.238678438701846e-11,0.0007669170154258609,,,,,0.004086291999556124,Repo_ALS,synthetic,30x30,10,45
6,2.6877625154598213e-10,3.0725167986432627e-12,0.000755458022467792,,,,,0.004841750022023916,Repo_ALS,synthetic,30x30,10,45
7,2.8087548656171763e-10,3.2108292523022136e-12,0.0008612499805167317,,,,,0.005703000002540648,Repo_ALS,synthetic,30x30,10,45
8,2.0206247055992594e-10,2.3098779434555775e-12,0.0008624170441180468,,,,,0.006565417046658695,Repo_ALS,synthetic,30x30,10,45
9,2.8004479403407696e-10,3.201333187337386e-12,0.001085542025975883,,,,,0.007650959072634578,Repo_ALS,synthetic,30x30,10,45
10,1.0032472052085541e-10,1.1468624454225025e-12,0.0008232500404119492,,,,,0.008474209113046527,Repo_ALS,synthetic,30x30,10,45
11,3.915535103346955e-10,4.476045525418277e-12,0.0008220409508794546,,,,,0.009296250063925982,Repo_ALS,synthetic,30x30,10,45
12,1.3493905067272155e-09,1.5425562995247792e-11,0.0007647080346941948,,,,,0.010060958098620176,Repo_ALS,synthetic,30x30,10,45
13,9.35392647883559e-11,1.0692944809738719e-12,0.0007487080292776227,,,,,0.010809666127897799,Repo_ALS,synthetic,30x30,10,45
14,1.1100816381152138e-09,1.2689902702921344e-11,0.0007470001000910997,,,,,0.011556666227988899,Repo_ALS,synthetic,30x30,10,45
15,7.263131181586461e-10,8.302851326266176e-12,0.0007773340912535787,,,,,0.012334000319242477,Repo_ALS,synthetic,30x30,10,45
1,26.197904839224233,0.29948145435015594,0.006129999994300306,,,,,0.006129999994300306,Repo_SGD,synthetic,30x30,10,45
2,21.31306777539602,0.24364041984313323,0.006165999919176102,,,,,0.012295999913476408,Repo_SGD,synthetic,30x30,10,45
3,18.10416777021786,0.20695786655069842,0.005584375001490116,,,,,0.017880374914966524,Repo_SGD,synthetic,30x30,10,45
4,16.067716890705317,0.18367817014551327,0.006225292105227709,,,,,0.024105667020194232,Repo_SGD,synthetic,30x30,10,45
5,14.845776260718326,0.16970955092791304,0.006298750056885183,,,,,0.030404417077079415,Repo_SGD,synthetic,30x30,10,45
6,14.117170942963584,0.16138049631276127,0.005780000006780028,,,,,0.036184417083859444,Repo_SGD,synthetic,30x30,10,45
7,13.681118852795539,0.1563957650933231,0.005625499994494021,,,,,0.041809917078353465,Repo_SGD,synthetic,30x30,10,45
8,13.422660885053794,0.1534412017974143,0.006045999936759472,,,,,0.047855917015112936,Repo_SGD,synthetic,30x30,10,45
9,13.259578573258896,0.15157692569538048,0.005739084095694125,,,,,0.05359500111080706,Repo_SGD,synthetic,30x30,10,45
10,13.149384323771509,0.15031723968995242,0.0054579590214416385,,,,,0.0590529601322487,Repo_SGD,synthetic,30x30,10,45
11,13.0646890919228,0.14934904580703556,0.006060667103156447,,,,,0.06511362723540515,Repo_SGD,synthetic,30x30,10,45
12,12.989545142025271,0.14849003744209055,0.0060375831089913845,,,,,0.07115121034439653,Repo_SGD,synthetic,30x30,10,45
13,12.9200325171433,0.14769540359166977,0.0056516670156270266,,,,,0.07680287736002356,Repo_SGD,synthetic,30x30,10,45
14,12.849627377226529,0.1468905669520454,0.00616354204248637,,,,,0.08296641940250993,Repo_SGD,synthetic,30x30,10,45
15,12.777665164543398,0.14606793062884094,0.00578016706276685,,,,,0.08874658646527678,Repo_SGD,synthetic,30x30,10,45
1,1.81766229727289e-14,2.1454729243436943e-16,0.029311541933566332,0.0003227079287171364,0.0007104141404852271,0.028227082104422152,2.3919856175780296e-05,0.029311541933566332,NBMF_SA,synthetic,30x30,10,46
2,1.81766229727289e-14,2.1454729243436943e-16,0.02872641698922962,0.0005091249477118254,0.0005840407684445381,0.02758933394216001,1.741608139127493e-05,0.05803795892279595,NBMF_SA,synthetic,30x30,10,46
3,1.81766229727289e-14,2.1454729243436943e-16,0.028520834050141275,0.00036025000736117363,0.0005486640147864819,0.02756162395235151,1.98346097022295e-05,0.08655879297293723,NBMF_SA,synthetic,30x30,10,46
4,1.81766229727289e-14,2.1454729243436943e-16,0.029435083968564868,0.0003882909659296274,0.0006076269783079624,0.02838162158150226,1.774879638105631e-05,0.1159938769415021,NBMF_SA,synthetic,30x30,10,46
5,1.81766229727289e-14,2.1454729243436943e-16,0.028041749959811568,0.0003320419928058982,0.0005865819985046983,0.027073581353761256,1.616496592760086e-05,0.14403562690131366,NBMF_SA,synthetic,30x30,10,46
6,1.81766229727289e-14,2.1454729243436943e-16,0.027804165962152183,0.0003228329587727785,0.0005732069257646799,0.026862665778025985,1.679512206465006e-05,0.17183979286346585,NBMF_SA,synthetic,30x30,10,46
7,1.81766229727289e-14,2.1454729243436943e-16,0.029561958042904735,0.0004272080259397626,0.0005881213583052158,0.028494582045823336,1.84160890057683e-05,0.20140175090637058,NBMF_SA,synthetic,30x30,10,46
8,1.81766229727289e-14,2.1454729243436943e-16,0.027875375002622604,0.00033845799043774605,0.0005806694971397519,0.026905869017355144,1.6581732779741287e-05,0.22927712590899318,NBMF_SA,synthetic,30x30,10,46
9,1.81766229727289e-14,2.1454729243436943e-16,0.028360749944113195,0.00034799997229129076,0.0005668328376486897,0.027405332773923874,1.6000354662537575e-05,0.2576378758531064,NBMF_SA,synthetic,30x30,10,46
10,1.81766229727289e-14,2.1454729243436943e-16,0.027673374977894127,0.00031641696114093065,0.0005331680877134204,0.02678233606275171,1.6876845620572567e-05,0.2853112508310005,NBMF_SA,synthetic,30x30,10,46
11,1.81766229727289e-14,2.1454729243436943e-16,0.027904832968488336,0.00032391701824963093,0.0005671633407473564,0.026974959881044924,1.6375211998820305e-05,0.31321608379948884,NBMF_SA,synthetic,30x30,10,46
12,1.81766229727289e-14,2.1454729243436943e-16,0.027582792099565268,0.0003575000446289778,0.0005618323339149356,0.026618831558153033,1.5745870769023895e-05,0.3407988758990541,NBMF_SA,synthetic,30x30,10,46
13,1.81766229727289e-14,2.1454729243436943e-16,0.028260666993446648,0.00034541694913059473,0.0005465812282636762,0.02732037508394569,1.7541111446917057e-05,0.36905954289250076,NBMF_SA,synthetic,30x30,10,46
14,1.81766229727289e-14,2.1454729243436943e-16,0.029534874949604273,0.0003387080505490303,0.0005617104470729828,0.02859149861615151,1.6415142454206944e-05,0.39859441784210503,NBMF_SA,synthetic,30x30,10,46
15,1.81766229727289e-14,2.1454729243436943e-16,0.02908804197795689,0.00033666694071143866,0.0006066645728424191,0.02809762244578451,1.691619399935007e-05,0.4276824598200619,NBMF_SA,synthetic,30x30,10,46
1,1.81766229727289e-14,2.1454729243436943e-16,0.23422033293172717,0.00032291607931256294,0.000781706185080111,0.23305325000546873,2.587225753813982e-05,0.23422033293172717,NBMF_PathIntegral,synthetic,30x30,10,46
2,1.81766229727289e-14,2.1454729243436943e-16,0.23760616697836667,0.0003647500416263938,0.000709790620021522,0.23646833573002368,2.4501350708305836e-05,0.47182649991009384,NBMF_PathIntegral,synthetic,30x30,10,46
3,1.81766229727289e-14,2.1454729243436943e-16,0.23382500000298023,0.00034616701304912567,0.0008588708005845547,0.2325100403977558,3.0328985303640366e-05,0.7056514999130741,NBMF_PathIntegral,synthetic,30x30,10,46
4,1.81766229727289e-14,2.1454729243436943e-16,0.2387547920225188,0.0003381660208106041,0.0007432467537000775,0.2376109129982069,2.5499961338937283e-05,0.9444062919355929,NBMF_PathIntegral,synthetic,30x30,10,46
5,1.81766229727289e-14,2.1454729243436943e-16,0.2307128329994157,0.00043941603507846594,0.0007070009596645832,0.2295035378774628,2.5457702577114105e-05,1.1751191249350086,NBMF_PathIntegral,synthetic,30x30,10,46
6,1.81766229727289e-14,2.1454729243436943e-16,0.23695179203059524,0.0003309169551357627,0.0008040854008868337,0.23574937181547284,2.7624075300991535e-05,1.4120709169656038,NBMF_PathIntegral,synthetic,30x30,10,46
7,1.81766229727289e-14,2.1454729243436943e-16,0.2378492500865832,0.00042925006709992886,0.0007966277189552784,0.23655795899685472,2.9580900445580482e-05,1.649920167052187,NBMF_PathIntegral,synthetic,30x30,10,46
8,1.81766229727289e-14,2.1454729243436943e-16,0.23173379094805568,0.0003295839997008443,0.0007765814661979675,0.23056266421917826,2.5376328267157078e-05,1.8816539580002427,NBMF_PathIntegral,synthetic,30x30,10,46
9,1.81766229727289e-14,2.1454729243436943e-16,0.2272659579757601,0.0003172080032527447,0.0007671230705454946,0.22610849631018937,2.800405491143465e-05,2.108919915976003,NBMF_PathIntegral,synthetic,30x30,10,46
10,1.8117992088473978,0.021385524433012042,0.23529020801652223,0.00038962496910244226,0.0007904599187895656,0.23390854289755225,2.645794302225113e-05,2.344210123992525,NBMF_PathIntegral,synthetic,30x30,10,46
11,0.9763818512304057,0.01152469756774028,0.23651095805689692,0.00044125004205852747,0.0008266253862529993,0.2351607495220378,2.5919987820088863e-05,2.580721082049422,NBMF_PathIntegral,synthetic,30x30,10,46
12,1.81766229727289e-14,2.1454729243436943e-16,0.23824145807884634,0.0003204579697921872,0.0008157057454809546,0.2370272467378527,2.6833266019821167e-05,2.8189625401282683,NBMF_PathIntegral,synthetic,30x30,10,46
13,1.81766229727289e-14,2.1454729243436943e-16,0.2319562080083415,0.0003535420401021838,0.0009009989444166422,0.2306288320105523,2.7207541279494762e-05,3.05091874813661,NBMF_PathIntegral,synthetic,30x30,10,46
14,1.81766229727289e-14,2.1454729243436943e-16,0.22893449990078807,0.00034849997609853745,0.0007194547215476632,0.22780000080820173,3.1122006475925446e-05,3.279853248037398,NBMF_PathIntegral,synthetic,30x30,10,46
15,1.81766229727289e-14,2.1454729243436943e-16,0.23783633299171925,0.0003298750380054116,0.0009075801353901625,0.23652312078047544,3.312272019684315e-05,3.517689581029117,NBMF_PathIntegral,synthetic,30x30,10,46
1,1.81766229727289e-14,2.1454729243436943e-16,0.026863374980166554,0.00033475004602223635,0.0006016253028064966,0.025866747833788395,1.9168131984770298e-05,0.026863374980166554,NBMF_Exact,synthetic,30x30,10,46
2,1.81766229727289e-14,2.1454729243436943e-16,0.026677040965296328,0.00034791696816682816,0.0006228765705600381,0.02565937116742134,1.6081961803138256e-05,0.05354041594546288,NBMF_Exact,synthetic,30x30,10,46
3,1.81766229727289e-14,2.1454729243436943e-16,0.026351667009294033,0.0003249580040574074,0.0005434126360341907,0.02544120606034994,1.3915007002651691e-05,0.07989208295475692,NBMF_Exact,synthetic,30x30,10,46
4,1.81766229727289e-14,2.1454729243436943e-16,0.026565417065285146,0.00032295798882842064,0.0006077889120206237,0.025589792290702462,1.6497913748025894e-05,0.10645750002004206,NBMF_Exact,synthetic,30x30,10,46
5,1.81766229727289e-14,2.1454729243436943e-16,0.0259490420576185,0.00032070802990347147,0.0005713335704058409,0.02501162316184491,1.7200829461216927e-05,0.13240654207766056,NBMF_Exact,synthetic,30x30,10,46
6,1.81766229727289e-14,2.1454729243436943e-16,0.026357625029049814,0.0003947910154238343,0.0005125429015606642,0.025408626068383455,1.4500692486763e-05,0.15876416710671037,NBMF_Exact,synthetic,30x30,10,46
7,1.81766229727289e-14,2.1454729243436943e-16,0.027215124922804534,0.0005127920303493738,0.000742832780815661,0.025906250230036676,1.8498627468943596e-05,0.1859792920295149,NBMF_Exact,synthetic,30x30,10,46
8,1.81766229727289e-14,2.1454729243436943e-16,0.02656266698613763,0.0003571249544620514,0.0005710037657991052,0.025565375457517803,3.9498088881373405e-05,0.21254195901565254,NBMF_Exact,synthetic,30x30,10,46
9,1.81766229727289e-14,2.1454729243436943e-16,0.026108291000127792,0.0003198329359292984,0.0005086660385131836,0.02522074629087001,1.3789511285722256e-05,0.23865025001578033,NBMF_Exact,synthetic,30x30,10,46
10,1.81766229727289e-14,2.1454729243436943e-16,0.026116166962310672,0.00032400002237409353,0.0005604579346254468,0.02517903794068843,2.5499030016362667e-05,0.264766416978091,NBMF_Exact,synthetic,30x30,10,46
11,1.81766229727289e-14,2.1454729243436943e-16,0.02596245799213648,0.0003287500003352761,0.0005758339539170265,0.025011412100866437,1.9457656890153885e-05,0.2907288749702275,NBMF_Exact,synthetic,30x30,10,46
12,1.81766229727289e-14,2.1454729243436943e-16,0.026831458904780447,0.00033475004602223635,0.0005632881075143814,0.02588653680868447,1.462374348193407e-05,0.3175603338750079,NBMF_Exact,synthetic,30x30,10,46
13,1.81766229727289e-14,2.1454729243436943e-16,0.026618042029440403,0.0004500410286709666,0.0005918737733736634,0.025529169011861086,1.620675902813673e-05,0.34417837590444833,NBMF_Exact,synthetic,30x30,10,46
14,1.81766229727289e-14,2.1454729243436943e-16,0.02643275004811585,0.00035079207736998796,0.0005763756344094872,0.025458579999394715,1.516193151473999e-05,0.3706111259525642,NBMF_Exact,synthetic,30x30,10,46
15,1.81766229727289e-14,2.1454729243436943e-16,0.0260881669819355,0.00034074997529387474,0.0005722100613638759,0.02513274794910103,1.4542019926011562e-05,0.3966992929344997,NBMF_Exact,synthetic,30x30,10,46
1,3.824128831580046e-11,4.513800434583865e-13,0.000822416041046381,,,,,0.000822416041046381,Repo_ALS,synthetic,30x30,10,46
2,2.7503885009848217e-10,3.246413852090404e-12,0.0008254169952124357,,,,,0.0016478330362588167,Repo_ALS,synthetic,30x30,10,46
3,2.0299093944569093e-10,2.3959982287206783e-12,0.0007777910213917494,,,,,0.002425624057650566,Repo_ALS,synthetic,30x30,10,46
4,1.752883176318256e-10,2.0690110588588504e-12,0.0012493750546127558,,,,,0.003674999112263322,Repo_ALS,synthetic,30x30,10,46
5,1.0306129488011427e-10,1.2164812905281384e-12,0.0007573330076411366,,,,,0.0044323321199044585,Repo_ALS,synthetic,30x30,10,46
6,6.878848565085872e-10,8.119430858633528e-12,0.0007940840441733599,,,,,0.005226416164077818,Repo_ALS,synthetic,30x30,10,46
7,7.185657844200144e-11,8.481572386388534e-13,0.0007903330260887742,,,,,0.006016749190166593,Repo_ALS,synthetic,30x30,10,46
8,2.555545449636519e-10,3.0164313675598734e-12,0.0007778749568387866,,,,,0.006794624147005379,Repo_ALS,synthetic,30x30,10,46
9,3.670249749346691e-11,4.3321696635380843e-13,0.0008548340993002057,,,,,0.007649458246305585,Repo_ALS,synthetic,30x30,10,46
10,2.36386511338009e-10,2.790181985491339e-12,0.0007948750862851739,,,,,0.008444333332590759,Repo_ALS,synthetic,30x30,10,46
11,4.374327070832747e-11,5.163225482960177e-13,0.0007703340379521251,,,,,0.009214667370542884,Repo_ALS,synthetic,30x30,10,46
12,1.74200186552243e-10,2.0561673322057535e-12,0.0007837919984012842,,,,,0.009998459368944168,Repo_ALS,synthetic,30x30,10,46
13,5.976006080210172e-11,7.053763100021717e-13,0.0007846669759601355,,,,,0.010783126344904304,Repo_ALS,synthetic,30x30,10,46
14,1.4843523799840404e-10,1.7520514378379962e-12,0.0007799169979989529,,,,,0.011563043342903256,Repo_ALS,synthetic,30x30,10,46
15,2.7348177623977294e-10,3.2280349716455814e-12,0.0014028330333530903,,,,,0.012965876376256347,Repo_ALS,synthetic,30x30,10,46
1,24.36707304659469,0.2876161074882282,0.005479165934957564,,,,,0.005479165934957564,Repo_SGD,synthetic,30x30,10,46
2,20.118926803268497,0.23747322474601998,0.005918790935538709,,,,,0.011397956870496273,Repo_SGD,synthetic,30x30,10,46
3,17.370703840329327,0.2050346470966296,0.0059512919979169965,,,,,0.01734924886841327,Repo_SGD,synthetic,30x30,10,46
4,15.667860644829792,0.18493518210894463,0.006163874990306795,,,,,0.023513123858720064,Repo_SGD,synthetic,30x30,10,46
5,14.642447995979156,0.17283175080771046,0.00554070807993412,,,,,0.029053831938654184,Repo_SGD,synthetic,30x30,10,46
6,14.04246615935123,0.1657498809382935,0.006049290997907519,,,,,0.035103122936561704,Repo_SGD,synthetic,30x30,10,46
7,13.690647993636365,0.16159720444846373,0.006180374999530613,,,,,0.04128349793609232,Repo_SGD,synthetic,30x30,10,46
8,13.47792384986031,0.1590863205977591,0.005505250068381429,,,,,0.046788748004473746,Repo_SGD,synthetic,30x30,10,46
9,13.341890115503945,0.15748064998283337,0.006086459034122527,,,,,0.05287520703859627,Repo_SGD,synthetic,30x30,10,46
10,13.247359409964549,0.1563648592798069,0.00584983394946903,,,,,0.0587250409880653,Repo_SGD,synthetic,30x30,10,46
11,13.172727196463322,0.15548393990555925,0.005683166906237602,,,,,0.0644082078943029,Repo_SGD,synthetic,30x30,10,46
12,13.107224573710743,0.15471078141621827,0.006238874979317188,,,,,0.07064708287362009,Repo_SGD,synthetic,30x30,10,46
13,13.04540382969683,0.15398108188598303,0.006095207994803786,,,,,0.07674229086842388,Repo_SGD,synthetic,30x30,10,46
14,12.983243089290978,0.1532473692172546,0.006062208907678723,,,,,0.0828044997761026,Repo_SGD,synthetic,30x30,10,46
15,12.91811122423134,0.15247858695661623,0.005613083019852638,,,,,0.08841758279595524,Repo_SGD,synthetic,30x30,10,46
